2026-03-18 09:29:33.875 | INFO     | node_import_milvus.py:node_import_milvus:45   - >>> 开始执行LangGraph节点：node_import_milvus（Milvus切片数据入库）
2026-03-18 09:29:34.084 | INFO     | node_import_milvus.py:node_import_milvus:48   - --- Milvus切片数据入库流程启动 ---
2026-03-18 09:29:34.085 | INFO     | node_import_milvus.py:step_1_check_input:102  - Milvus入库校验通过，待入库切片数：1 | 向量维度：1024 | 商品名称：测试项目_Milvus
2026-03-18 09:29:34.086 | INFO     | node_import_milvus.py:step_2_prepare_collection:184  - 开始准备Milvus环境，目标集合：kb_chunks
2026-03-18 09:29:34.157 | INFO     | milvus_utils.py     :get_milvus_client:27   - Milvus客户端连接成功
2026-03-18 09:29:34.181 | INFO     | node_import_milvus.py:step_2_prepare_collection:197  - Milvus集合kb_chunks不存在，开始自动创建Schema和索引
2026-03-18 09:29:36.045 | INFO     | node_import_milvus.py:create_collection:168  - Milvus集合创建成功：kb_chunks，向量维度：1024
2026-03-18 09:29:36.055 | INFO     | node_import_milvus.py:_clear_chunks_by_item_name:266  - Milvus幂等性清理：开始删除集合kb_chunks中item_name=测试项目_Milvus的旧数据
2026-03-18 09:29:37.030 | INFO     | node_import_milvus.py:_clear_chunks_by_item_name:278  - Milvus幂等性清理完成：成功删除item_name=测试项目_Milvus的旧数据
2026-03-18 09:29:37.032 | INFO     | node_import_milvus.py:step_4_insert_data:304  - Milvus数据插入：准备1条切片数据，开始批量插入
2026-03-18 09:29:37.261 | ERROR    | node_import_milvus.py:node_import_milvus:64   - Milvus切片数据入库节点执行失败：<DataNotMatchException: (code=1, message=Insert missed an field `parent_title` to collection without set nullable==true or set default_value)>
2026-03-18 09:37:11.061 | INFO     | node_import_milvus.py:node_import_milvus:45   - >>> 开始执行LangGraph节点：node_import_milvus（Milvus切片数据入库）
2026-03-18 09:37:11.282 | INFO     | node_import_milvus.py:node_import_milvus:48   - --- Milvus切片数据入库流程启动 ---
2026-03-18 09:37:11.284 | INFO     | node_import_milvus.py:step_1_check_input:102  - Milvus入库校验通过，待入库切片数：1 | 向量维度：1024 | 商品名称：测试项目_Milvus
2026-03-18 09:37:11.286 | INFO     | node_import_milvus.py:step_2_prepare_collection:184  - 开始准备Milvus环境，目标集合：kb_chunks
2026-03-18 09:37:11.329 | INFO     | milvus_utils.py     :get_milvus_client:27   - Milvus客户端连接成功
2026-03-18 09:37:11.341 | INFO     | node_import_milvus.py:step_2_prepare_collection:200  - Milvus集合kb_chunks已存在，直接复用
2026-03-18 09:37:11.352 | INFO     | node_import_milvus.py:_clear_chunks_by_item_name:266  - Milvus幂等性清理：开始删除集合kb_chunks中item_name=测试项目_Milvus的旧数据
2026-03-18 09:37:12.251 | INFO     | node_import_milvus.py:_clear_chunks_by_item_name:278  - Milvus幂等性清理完成：成功删除item_name=测试项目_Milvus的旧数据
2026-03-18 09:37:12.252 | INFO     | node_import_milvus.py:step_4_insert_data:304  - Milvus数据插入：准备1条切片数据，开始批量插入
2026-03-18 09:37:12.390 | ERROR    | node_import_milvus.py:node_import_milvus:64   - Milvus切片数据入库节点执行失败：<DataNotMatchException: (code=1, message=Insert missed an field `parent_title` to collection without set nullable==true or set default_value)>
2026-03-18 11:20:04.146 | INFO     | node_import_milvus.py:node_import_milvus:45   - >>> 开始执行LangGraph节点：node_import_milvus（Milvus切片数据入库）
2026-03-18 11:20:04.375 | INFO     | node_import_milvus.py:node_import_milvus:48   - --- Milvus切片数据入库流程启动 ---
2026-03-18 11:20:04.377 | INFO     | node_import_milvus.py:step_1_check_input:102  - Milvus入库校验通过，待入库切片数：1 | 向量维度：1024 | 商品名称：测试项目_Milvus
2026-03-18 11:20:04.377 | INFO     | node_import_milvus.py:step_2_prepare_collection:184  - 开始准备Milvus环境，目标集合：kb_chunks
2026-03-18 11:20:04.426 | INFO     | milvus_utils.py     :get_milvus_client:27   - Milvus客户端连接成功
2026-03-18 11:20:04.447 | INFO     | node_import_milvus.py:step_2_prepare_collection:200  - Milvus集合kb_chunks已存在，直接复用
2026-03-18 11:20:04.457 | INFO     | node_import_milvus.py:_clear_chunks_by_item_name:266  - Milvus幂等性清理：开始删除集合kb_chunks中item_name=测试项目_Milvus的旧数据
2026-03-18 11:20:05.342 | INFO     | node_import_milvus.py:_clear_chunks_by_item_name:278  - Milvus幂等性清理完成：成功删除item_name=测试项目_Milvus的旧数据
2026-03-18 11:20:05.344 | INFO     | node_import_milvus.py:step_4_insert_data:304  - Milvus数据插入：准备1条切片数据，开始批量插入
2026-03-18 11:20:05.753 | ERROR    | node_import_milvus.py:node_import_milvus:64   - Milvus切片数据入库节点执行失败：<DataNotMatchException: (code=1, message=Insert missed an field `parent_title` to collection without set nullable==true or set default_value)>
2026-03-18 11:24:09.128 | INFO     | node_import_milvus.py:node_import_milvus:45   - >>> 开始执行LangGraph节点：node_import_milvus（Milvus切片数据入库）
2026-03-18 11:24:09.331 | INFO     | node_import_milvus.py:node_import_milvus:48   - --- Milvus切片数据入库流程启动 ---
2026-03-18 11:24:09.332 | INFO     | node_import_milvus.py:step_1_check_input:102  - Milvus入库校验通过，待入库切片数：1 | 向量维度：1024 | 商品名称：测试项目_Milvus
2026-03-18 11:24:09.334 | INFO     | node_import_milvus.py:step_2_prepare_collection:184  - 开始准备Milvus环境，目标集合：kb_chunks
2026-03-18 11:24:09.378 | INFO     | milvus_utils.py     :get_milvus_client:27   - Milvus客户端连接成功
2026-03-18 11:24:09.389 | INFO     | node_import_milvus.py:step_2_prepare_collection:200  - Milvus集合kb_chunks已存在，直接复用
2026-03-18 11:24:09.398 | INFO     | node_import_milvus.py:_clear_chunks_by_item_name:266  - Milvus幂等性清理：开始删除集合kb_chunks中item_name=测试项目_Milvus的旧数据
2026-03-18 11:24:10.329 | INFO     | node_import_milvus.py:_clear_chunks_by_item_name:278  - Milvus幂等性清理完成：成功删除item_name=测试项目_Milvus的旧数据
2026-03-18 11:24:10.331 | INFO     | node_import_milvus.py:step_4_insert_data:304  - Milvus数据插入：准备1条切片数据，开始批量插入
2026-03-18 11:24:10.463 | ERROR    | node_import_milvus.py:node_import_milvus:64   - Milvus切片数据入库节点执行失败：<DataNotMatchException: (code=1, message=Insert missed an field `part` to collection without set nullable==true or set default_value)>
2026-03-18 11:25:22.658 | INFO     | node_import_milvus.py:node_import_milvus:45   - >>> 开始执行LangGraph节点：node_import_milvus（Milvus切片数据入库）
2026-03-18 11:25:22.856 | INFO     | node_import_milvus.py:node_import_milvus:48   - --- Milvus切片数据入库流程启动 ---
2026-03-18 11:25:22.858 | INFO     | node_import_milvus.py:step_1_check_input:102  - Milvus入库校验通过，待入库切片数：1 | 向量维度：1024 | 商品名称：测试项目_Milvus
2026-03-18 11:25:22.859 | INFO     | node_import_milvus.py:step_2_prepare_collection:184  - 开始准备Milvus环境，目标集合：kb_chunks
2026-03-18 11:25:22.897 | INFO     | milvus_utils.py     :get_milvus_client:27   - Milvus客户端连接成功
2026-03-18 11:25:22.907 | INFO     | node_import_milvus.py:step_2_prepare_collection:200  - Milvus集合kb_chunks已存在，直接复用
2026-03-18 11:25:22.916 | INFO     | node_import_milvus.py:_clear_chunks_by_item_name:266  - Milvus幂等性清理：开始删除集合kb_chunks中item_name=测试项目_Milvus的旧数据
2026-03-18 11:25:23.928 | INFO     | node_import_milvus.py:_clear_chunks_by_item_name:278  - Milvus幂等性清理完成：成功删除item_name=测试项目_Milvus的旧数据
2026-03-18 11:25:23.930 | INFO     | node_import_milvus.py:step_4_insert_data:304  - Milvus数据插入：准备1条切片数据，开始批量插入
2026-03-18 11:25:24.103 | INFO     | node_import_milvus.py:step_4_insert_data:308  - Milvus数据插入完成：成功插入1条数据，插入结果：{'insert_count': 1, 'ids': [464837176358006527]}
2026-03-18 11:25:24.105 | INFO     | node_import_milvus.py:step_4_insert_data:313  - Milvus主键回填：开始将1个自增chunk_id回填到切片
2026-03-18 11:25:24.106 | INFO     | node_import_milvus.py:step_4_insert_data:316  - Milvus主键回填完成：所有切片已绑定chunk_id
2026-03-18 11:25:24.106 | INFO     | node_import_milvus.py:node_import_milvus:62   - --- Milvus切片数据入库流程完成 ---
2026-03-18 11:46:13.889 | INFO     | minio_utils.py      :<module>       :29   - MinIO存储桶[knowledge-base-files]已存在，无需重复创建
2026-03-18 11:46:14.146 | INFO     | minio_utils.py      :<module>       :42   - MinIO存储桶[knowledge-base-files]已配置公网只读策略，支持匿名URL访问
2026-03-18 11:46:39.812 | INFO     | 05-test-main-graph.py:<module>       :11   - ===== 开始执行知识图谱导入全流程测试 =====
2026-03-18 11:46:39.814 | INFO     | 05-test-main-graph.py:<module>       :34   - 测试任务启动，PDF文件路径：C:\Users\admin\PycharmProjects\PythonProject16\doc\hak180产品安全手册.pdf
2026-03-18 11:46:39.815 | INFO     | 05-test-main-graph.py:<module>       :35   - 中间文件输出目录：C:\Users\admin\PycharmProjects\PythonProject16\output
2026-03-18 11:46:39.816 | INFO     | 05-test-main-graph.py:<module>       :36   - 开始执行全流程节点，依次执行：entry→pdf2md→md_img→split→item_name→embedding→milvus→kg
2026-03-18 11:46:39.821 | INFO     | 05-test-main-graph.py:<module>       :43   - ✅ 节点执行完成：local_file_path
2026-03-18 11:46:39.823 | INFO     | node_entry.py       :node_entry     :37   - 【node_entry】文件类型校验通过：C:\Users\admin\PycharmProjects\PythonProject16\doc\hak180产品安全手册.pdf → PDF格式，开启PDF解析流程
2026-03-18 11:46:39.864 | INFO     | node_entry.py       :node_entry     :50   - 【node_entry】文件业务标识提取完成：file_title = hak180产品安全手册
2026-03-18 11:46:39.866 | INFO     | 05-test-main-graph.py:<module>       :43   - ✅ 节点执行完成：pdf_path
2026-03-18 11:46:39.868 | INFO     | node_pdf_to_md.py   :step_2_upload_and_poll:68   - [配置校验] MinerU基础配置加载成功，开始处理文件：hak180产品安全手册.pdf
2026-03-18 11:46:40.292 | INFO     | node_pdf_to_md.py   :step_2_upload_and_poll:96   - [获取上传链接] 成功，batch_id：a04e26be-0664-4368-baf5-fbcab48d8f31，上传链接已生成
2026-03-18 11:46:40.294 | INFO     | node_pdf_to_md.py   :step_2_upload_and_poll:99   - [文件上传] 开始读取PDF文件：hak180产品安全手册.pdf
2026-03-18 11:46:40.902 | INFO     | node_pdf_to_md.py   :step_2_upload_and_poll:118  - [文件上传] 成功，文件hak180产品安全手册.pdf已存入云存储
2026-03-18 11:46:40.904 | INFO     | node_pdf_to_md.py   :step_2_upload_and_poll:130  - [任务轮询] 开始监控任务状态，batch_id：a04e26be-0664-4368-baf5-fbcab48d8f31，最大超时：600s
2026-03-18 11:46:44.696 | INFO     | node_pdf_to_md.py   :step_2_upload_and_poll:171  - [任务轮询] 解析任务完成！总耗时：3s，batch_id：a04e26be-0664-4368-baf5-fbcab48d8f31
2026-03-18 11:46:44.699 | INFO     | node_pdf_to_md.py   :step_2_upload_and_poll:175  - [任务轮询] 结果ZIP包下载链接：https://cdn-mineru.openxlab.org.cn/pdf/2026-03-16/96c85ba6-435d-414b-b30c-cabb5c57b129.zip...
2026-03-18 11:46:44.703 | INFO     | node_pdf_to_md.py   :step_3_download_and_extract:197  - ===== 开始处理[hak180产品安全手册]的MinerU解析结果 =====
2026-03-18 11:46:44.705 | INFO     | node_pdf_to_md.py   :step_3_download_and_extract:200  - [步骤1/4] 开始下载ZIP包，链接：https://cdn-mineru.openxlab.org.cn/pdf/2026-03-16/96c85ba6-435d-414b-b30c-cabb5c57b129.zip...
2026-03-18 11:46:45.146 | INFO     | node_pdf_to_md.py   :step_3_download_and_extract:209  - [步骤1/4] ZIP包下载成功，保存路径：C:\Users\admin\PycharmProjects\PythonProject16\output\hak180产品安全手册_result.zip
2026-03-18 11:46:45.149 | INFO     | node_pdf_to_md.py   :step_3_download_and_extract:212  - [步骤2/4] 开始解压ZIP包...
2026-03-18 11:46:45.173 | INFO     | node_pdf_to_md.py   :step_3_download_and_extract:230  - [步骤2/4] ZIP包解压完成，解压目录：C:\Users\admin\PycharmProjects\PythonProject16\output\hak180产品安全手册
2026-03-18 11:46:45.175 | INFO     | node_pdf_to_md.py   :step_3_download_and_extract:233  - [步骤3/4] 开始查找解压目录中的MD文件...
2026-03-18 11:46:45.178 | INFO     | node_pdf_to_md.py   :step_3_download_and_extract:237  - [步骤3/4] 共找到1个MD文件，按优先级匹配目标文件
2026-03-18 11:46:45.180 | INFO     | node_pdf_to_md.py   :step_3_download_and_extract:252  - [步骤4/4] 匹配到优先级2目标：MinerU默认文件 full.md
2026-03-18 11:46:45.182 | INFO     | node_pdf_to_md.py   :step_3_download_and_extract:261  - [步骤4/4] 开始重命名MD文件，统一为PDF同名：hak180产品安全手册.md
2026-03-18 11:46:45.184 | INFO     | node_pdf_to_md.py   :step_3_download_and_extract:268  - [步骤4/4] MD文件重命名成功：hak180产品安全手册.md
2026-03-18 11:46:45.187 | INFO     | node_pdf_to_md.py   :step_3_download_and_extract:274  - ===== [hak180产品安全手册]解析结果处理完成，最终MD文件路径：C:\Users\admin\PycharmProjects\PythonProject16\output\hak180产品安全手册\hak180产品安全手册.md =====
2026-03-18 11:46:45.190 | INFO     | node_pdf_to_md.py   :node_pdf_to_md :307  - 【node_pdf_to_md】MD文件生成成功，路径：C:\Users\admin\PycharmProjects\PythonProject16\output\hak180产品安全手册\hak180产品安全手册.md
2026-03-18 11:46:45.198 | INFO     | node_pdf_to_md.py   :node_pdf_to_md :317  - 【node_pdf_to_md】节点执行完成，更新后工作流状态键：['task_id', 'is_md_read_enabled', 'is_pdf_read_enabled', 'local_dir', 'local_file_path', 'file_title', 'pdf_path', 'md_path', 'md_content']
2026-03-18 11:46:45.201 | INFO     | 05-test-main-graph.py:<module>       :43   - ✅ 节点执行完成：md_content
2026-03-18 11:46:45.203 | INFO     | node_md_img.py      :step_2_scan_images:121  - 图片加入待处理列表：249fa4657bc1fd69ca12d3735f5dae5c4452840980633d314aa69411a3e31a44.jpg
2026-03-18 11:46:45.205 | INFO     | node_md_img.py      :step_2_scan_images:121  - 图片加入待处理列表：29245869565f74bb1299f92bbf890a1c412ba210bbef115b259b89b501611458.jpg
2026-03-18 11:46:45.207 | INFO     | node_md_img.py      :step_2_scan_images:121  - 图片加入待处理列表：3161a58d2459d3bd06765cddbe05dd4c037093c2aa66c41f1964c8f77924dc0f.jpg
2026-03-18 11:46:45.209 | INFO     | node_md_img.py      :step_2_scan_images:121  - 图片加入待处理列表：3848fdbce626b32de93029aba36a6282ee540069b9ef08543b1b185c30d6c91e.jpg
2026-03-18 11:46:45.212 | INFO     | node_md_img.py      :step_2_scan_images:121  - 图片加入待处理列表：4e6c79160aa0edb9873bb4cd722f511d5b6850712754e457edc9716f2f509736.jpg
2026-03-18 11:46:45.214 | INFO     | node_md_img.py      :step_2_scan_images:121  - 图片加入待处理列表：53af8eff82c97e9620326cf4dd4a58924107e96c14d8c43354e9a1daacea5a67.jpg
2026-03-18 11:46:45.216 | INFO     | node_md_img.py      :step_2_scan_images:121  - 图片加入待处理列表：66ee4447cdd36e786369677a3a3aa8c36cedbfd2cdc10dde42ad9da98edefeab.jpg
2026-03-18 11:46:45.218 | WARNING  | node_md_img.py      :step_2_scan_images:117  - 图片未在MD中引用，跳过处理：f175ba213c33e85d52b0670743708a6cb7f62a59d851a02333091acf51d415d1.jpg
2026-03-18 11:46:45.220 | INFO     | node_md_img.py      :step_2_scan_images:122  - 图片扫描完成，共筛选出待处理图片：7 张
2026-03-18 11:46:45.229 | INFO     | lm_utils.py         :get_llm_client :44   - [LLM客户端] 开始初始化新实例：模型=qwen3-vl-flash，JSON模式=False
2026-03-18 11:46:46.091 | INFO     | lm_utils.py         :get_llm_client :71   - [LLM客户端] 实例初始化成功并缓存：模型=qwen3-vl-flash，JSON模式=False
2026-03-18 11:46:47.785 | INFO     | node_md_img.py      :summarize_image:184  - 图片摘要生成成功：C:\Users\admin\PycharmProjects\PythonProject16\output\hak180产品安全手册\images\249fa4657bc1fd69ca12d3735f5dae5c4452840980633d314aa69411a3e31a44.jpg，摘要：禁止将手指伸入设备内部滚轴区域，以防夹伤或损坏设备，需谨慎操作。
2026-03-18 11:46:48.610 | INFO     | node_md_img.py      :summarize_image:184  - 图片摘要生成成功：C:\Users\admin\PycharmProjects\PythonProject16\output\hak180产品安全手册\images\29245869565f74bb1299f92bbf890a1c412ba210bbef115b259b89b501611458.jpg，摘要：禁止将手指伸入设备进纸口，避免夹伤或损坏设备，确保操作安全。
2026-03-18 11:46:49.147 | INFO     | node_md_img.py      :summarize_image:184  - 图片摘要生成成功：C:\Users\admin\PycharmProjects\PythonProject16\output\hak180产品安全手册\images\3161a58d2459d3bd06765cddbe05dd4c037093c2aa66c41f1964c8f77924dc0f.jpg，摘要：高温警示标志，提示设备冷却后方可触碰内部零件，确保操作安全。
2026-03-18 11:46:49.958 | INFO     | node_md_img.py      :summarize_image:184  - 图片摘要生成成功：C:\Users\admin\PycharmProjects\PythonProject16\output\hak180产品安全手册\images\3848fdbce626b32de93029aba36a6282ee540069b9ef08543b1b185c30d6c91e.jpg，摘要：禁止将设备置于桌面边缘，避免出纸盒打开导致跌落，确保平稳稳定放置以防损坏或伤害。
2026-03-18 11:46:50.653 | INFO     | node_md_img.py      :summarize_image:184  - 图片摘要生成成功：C:\Users\admin\PycharmProjects\PythonProject16\output\hak180产品安全手册\images\4e6c79160aa0edb9873bb4cd722f511d5b6850712754e457edc9716f2f509736.jpg，摘要：⚠️ 设备内部高温警示：勿触碰灰色区域，待冷却至170°C（338°F）再操作，防止烫伤。
2026-03-18 11:46:51.525 | INFO     | node_md_img.py      :summarize_image:184  - 图片摘要生成成功：C:\Users\admin\PycharmProjects\PythonProject16\output\hak180产品安全手册\images\53af8eff82c97e9620326cf4dd4a58924107e96c14d8c43354e9a1daacea5a67.jpg，摘要：正确搬运设备：双手托底，避免抓取进纸托板或出纸盒，防止跌落受伤。
2026-03-18 11:46:52.362 | INFO     | node_md_img.py      :summarize_image:184  - 图片摘要生成成功：C:\Users\admin\PycharmProjects\PythonProject16\output\hak180产品安全手册\images\66ee4447cdd36e786369677a3a3aa8c36cedbfd2cdc10dde42ad9da98edefeab.jpg，摘要：hak180设备电源线安全使用说明，强调仅限AC 220-240V供电，禁用直流或逆变器，避免触电火灾风险。
2026-03-18 11:46:52.365 | INFO     | node_md_img.py      :step_3_generate_summaries:212  - 图片摘要批量生成完成，共处理7张图片
2026-03-18 11:46:52.410 | INFO     | node_md_img.py      :upload_to_minio:279  - 开始上传图片至MinIO：本地路径=C:\Users\admin\PycharmProjects\PythonProject16\output\hak180产品安全手册\images\249fa4657bc1fd69ca12d3735f5dae5c4452840980633d314aa69411a3e31a44.jpg，MinIO对象名=/upload-images/hak180产品安全手册/249fa4657bc1fd69ca12d3735f5dae5c4452840980633d314aa69411a3e31a44.jpg
2026-03-18 11:46:52.441 | INFO     | node_md_img.py      :upload_to_minio:307  - 图片上传成功，访问URL：http://47.94.86.115:9000/knowledge-base-files/upload-images/hak180产品安全手册/249fa4657bc1fd69ca12d3735f5dae5c4452840980633d314aa69411a3e31a44.jpg
2026-03-18 11:46:52.444 | INFO     | node_md_img.py      :upload_to_minio:279  - 开始上传图片至MinIO：本地路径=C:\Users\admin\PycharmProjects\PythonProject16\output\hak180产品安全手册\images\29245869565f74bb1299f92bbf890a1c412ba210bbef115b259b89b501611458.jpg，MinIO对象名=/upload-images/hak180产品安全手册/29245869565f74bb1299f92bbf890a1c412ba210bbef115b259b89b501611458.jpg
2026-03-18 11:46:52.467 | INFO     | node_md_img.py      :upload_to_minio:307  - 图片上传成功，访问URL：http://47.94.86.115:9000/knowledge-base-files/upload-images/hak180产品安全手册/29245869565f74bb1299f92bbf890a1c412ba210bbef115b259b89b501611458.jpg
2026-03-18 11:46:52.470 | INFO     | node_md_img.py      :upload_to_minio:279  - 开始上传图片至MinIO：本地路径=C:\Users\admin\PycharmProjects\PythonProject16\output\hak180产品安全手册\images\3161a58d2459d3bd06765cddbe05dd4c037093c2aa66c41f1964c8f77924dc0f.jpg，MinIO对象名=/upload-images/hak180产品安全手册/3161a58d2459d3bd06765cddbe05dd4c037093c2aa66c41f1964c8f77924dc0f.jpg
2026-03-18 11:46:52.489 | INFO     | node_md_img.py      :upload_to_minio:307  - 图片上传成功，访问URL：http://47.94.86.115:9000/knowledge-base-files/upload-images/hak180产品安全手册/3161a58d2459d3bd06765cddbe05dd4c037093c2aa66c41f1964c8f77924dc0f.jpg
2026-03-18 11:46:52.491 | INFO     | node_md_img.py      :upload_to_minio:279  - 开始上传图片至MinIO：本地路径=C:\Users\admin\PycharmProjects\PythonProject16\output\hak180产品安全手册\images\3848fdbce626b32de93029aba36a6282ee540069b9ef08543b1b185c30d6c91e.jpg，MinIO对象名=/upload-images/hak180产品安全手册/3848fdbce626b32de93029aba36a6282ee540069b9ef08543b1b185c30d6c91e.jpg
2026-03-18 11:46:52.511 | INFO     | node_md_img.py      :upload_to_minio:307  - 图片上传成功，访问URL：http://47.94.86.115:9000/knowledge-base-files/upload-images/hak180产品安全手册/3848fdbce626b32de93029aba36a6282ee540069b9ef08543b1b185c30d6c91e.jpg
2026-03-18 11:46:52.514 | INFO     | node_md_img.py      :upload_to_minio:279  - 开始上传图片至MinIO：本地路径=C:\Users\admin\PycharmProjects\PythonProject16\output\hak180产品安全手册\images\4e6c79160aa0edb9873bb4cd722f511d5b6850712754e457edc9716f2f509736.jpg，MinIO对象名=/upload-images/hak180产品安全手册/4e6c79160aa0edb9873bb4cd722f511d5b6850712754e457edc9716f2f509736.jpg
2026-03-18 11:46:52.536 | INFO     | node_md_img.py      :upload_to_minio:307  - 图片上传成功，访问URL：http://47.94.86.115:9000/knowledge-base-files/upload-images/hak180产品安全手册/4e6c79160aa0edb9873bb4cd722f511d5b6850712754e457edc9716f2f509736.jpg
2026-03-18 11:46:52.539 | INFO     | node_md_img.py      :upload_to_minio:279  - 开始上传图片至MinIO：本地路径=C:\Users\admin\PycharmProjects\PythonProject16\output\hak180产品安全手册\images\53af8eff82c97e9620326cf4dd4a58924107e96c14d8c43354e9a1daacea5a67.jpg，MinIO对象名=/upload-images/hak180产品安全手册/53af8eff82c97e9620326cf4dd4a58924107e96c14d8c43354e9a1daacea5a67.jpg
2026-03-18 11:46:52.560 | INFO     | node_md_img.py      :upload_to_minio:307  - 图片上传成功，访问URL：http://47.94.86.115:9000/knowledge-base-files/upload-images/hak180产品安全手册/53af8eff82c97e9620326cf4dd4a58924107e96c14d8c43354e9a1daacea5a67.jpg
2026-03-18 11:46:52.561 | INFO     | node_md_img.py      :upload_to_minio:279  - 开始上传图片至MinIO：本地路径=C:\Users\admin\PycharmProjects\PythonProject16\output\hak180产品安全手册\images\66ee4447cdd36e786369677a3a3aa8c36cedbfd2cdc10dde42ad9da98edefeab.jpg，MinIO对象名=/upload-images/hak180产品安全手册/66ee4447cdd36e786369677a3a3aa8c36cedbfd2cdc10dde42ad9da98edefeab.jpg
2026-03-18 11:46:52.581 | INFO     | node_md_img.py      :upload_to_minio:307  - 图片上传成功，访问URL：http://47.94.86.115:9000/knowledge-base-files/upload-images/hak180产品安全手册/66ee4447cdd36e786369677a3a3aa8c36cedbfd2cdc10dde42ad9da98edefeab.jpg
2026-03-18 11:46:52.585 | INFO     | node_md_img.py      :upload_images_batch:267  - 图片批量上传完成，成功上传7/7张图片
2026-03-18 11:46:52.587 | INFO     | node_md_img.py      :merge_summary_and_url:325  - 图片摘要与URL合并完成，有效图片信息7条
2026-03-18 11:46:52.590 | INFO     | node_md_img.py      :process_md_file:351  - MD文件图片引用替换完成，共替换7处图片引用
2026-03-18 11:46:52.594 | INFO     | node_md_img.py      :step_5_backup_new_md_file:400  - 处理后MD文件已保存，新文件路径：C:\Users\admin\PycharmProjects\PythonProject16\output\hak180产品安全手册\hak180产品安全手册_new.md
2026-03-18 11:46:52.597 | INFO     | node_md_img.py      :node_md_img    :451  - MD图片处理完成，新文件已保存：C:\Users\admin\PycharmProjects\PythonProject16\output\hak180产品安全手册\hak180产品安全手册_new.md
2026-03-18 11:46:52.600 | INFO     | 05-test-main-graph.py:<module>       :43   - ✅ 节点执行完成：md_content
2026-03-18 11:46:52.601 | INFO     | node_document_split.py:node_document_split:343  - >>> 开始执行核心节点：【文档切分】node_document_split
2026-03-18 11:46:52.603 | INFO     | node_document_split.py:step_1_get_inputs:45   - 步骤1：输入数据加载完成，文件标题：hak180产品安全手册，最大Chunk长度：2000
2026-03-18 11:46:52.606 | INFO     | node_document_split.py:step_2_split_by_titles:107  - 步骤2：MD标题切分完成，识别到19个有效标题，原始文本共139行
2026-03-18 11:46:52.610 | INFO     | node_document_split.py:step_4_refine_chunks:261  - 步骤4-1：超长章节切分完成，共生成19个初始子Chunk
2026-03-18 11:46:52.612 | INFO     | node_document_split.py:step_4_refine_chunks:265  - 步骤4-2：过短章节合并完成，最终得到6个Chunk
2026-03-18 11:46:52.614 | INFO     | node_document_split.py:step_5_print_stats:286  - -------------------------------------------------- 文档切分统计信息 --------------------------------------------------
2026-03-18 11:46:52.617 | INFO     | node_document_split.py:step_5_print_stats:287  - MD原始文本总行数：139
2026-03-18 11:46:52.619 | INFO     | node_document_split.py:step_5_print_stats:288  - 最终生成Chunk数量：6
2026-03-18 11:46:52.621 | INFO     | node_document_split.py:step_5_print_stats:291  - 首个Chunk标题预览：# HAK 180 烫金机
2026-03-18 11:46:52.623 | INFO     | node_document_split.py:step_5_print_stats:292  - --------------------------------------------------------------------------------------------------------------
2026-03-18 11:46:52.626 | INFO     | node_document_split.py:step_6_backup  :327  - 步骤6：Chunk结果备份成功，备份文件路径：C:\Users\admin\PycharmProjects\PythonProject16\output\chunks.json
2026-03-18 11:46:52.630 | INFO     | node_document_split.py:node_document_split:385  - >>> 核心节点执行完成：【文档切分】node_document_split，已生成6个有效Chunk，结果已写入状态字典
2026-03-18 11:46:52.633 | INFO     | 05-test-main-graph.py:<module>       :43   - ✅ 节点执行完成：chunks
2026-03-18 11:46:52.634 | INFO     | node_item_name_recognition.py:node_item_name_recognition:422  - >>> 开始执行核心节点：【商品名称识别】node_item_name_recognition
2026-03-18 11:46:52.882 | INFO     | node_item_name_recognition.py:step_1_get_inputs:74   - 步骤1：输入校验完成，获取到6个有效文本切片
2026-03-18 11:46:52.884 | INFO     | node_item_name_recognition.py:step_2_build_context:131  - 上下文总字符数即将超限（2500），已停止拼接后续切片
2026-03-18 11:46:52.887 | INFO     | node_item_name_recognition.py:step_2_build_context:138  - 步骤2：上下文构建完成，最终长度2500字符
2026-03-18 11:46:52.890 | INFO     | node_item_name_recognition.py:step_3_call_llm:160  - 开始执行步骤3：调用大模型识别商品名称
2026-03-18 11:46:52.905 | INFO     | lm_utils.py         :get_llm_client :44   - [LLM客户端] 开始初始化新实例：模型=qwen-flash，JSON模式=False
2026-03-18 11:46:52.907 | INFO     | lm_utils.py         :get_llm_client :71   - [LLM客户端] 实例初始化成功并缓存：模型=qwen-flash，JSON模式=False
2026-03-18 11:46:53.431 | INFO     | node_item_name_recognition.py:step_3_call_llm:198  - 步骤3：大模型识别商品名称成功，结果为：HAK180烫金机
2026-03-18 11:46:53.433 | INFO     | node_item_name_recognition.py:step_4_update_chunks:228  - 步骤4：商品名称回填完成，共为6个切片添加item_name字段，值为：HAK180烫金机
2026-03-18 11:46:53.436 | INFO     | node_item_name_recognition.py:step_5_generate_vectors:243  - 开始执行步骤5：为商品名称[HAK180烫金机]生成BGE-M3双向量
2026-03-18 11:46:53.438 | INFO     | embedding_utils.py  :generate_embeddings:63   - 开始为1条文本生成混合向量嵌入
2026-03-18 11:46:53.440 | INFO     | embedding_utils.py  :get_bge_m3_ef  :26   - 开始初始化BGE-M3模型
2026-03-18 11:46:56.068 | SUCCESS  | embedding_utils.py  :get_bge_m3_ef  :44   - BGE-M3模型初始化成功，已开启原生L2归一化
2026-03-18 11:46:56.548 | SUCCESS  | embedding_utils.py  :generate_embeddings:91   - 1条文本向量生成完成，格式已适配工业级使用
2026-03-18 11:46:56.552 | INFO     | node_item_name_recognition.py:step_5_generate_vectors:260  - 步骤5：BGE-M3稠密+稀疏向量生成成功
2026-03-18 11:46:56.556 | INFO     | node_item_name_recognition.py:step_6_save_to_milvus:299  - 开始执行步骤6：将商品名称[HAK180烫金机]保存到Milvus集合[kb_item_names]
2026-03-18 11:46:56.609 | INFO     | milvus_utils.py     :get_milvus_client:27   - Milvus客户端连接成功
2026-03-18 11:46:57.104 | INFO     | node_item_name_recognition.py:step_6_save_to_milvus:384  - Milvus幂等性处理完成，已删除集合中[HAK180烫金机]的历史数据
2026-03-18 11:46:57.307 | INFO     | node_item_name_recognition.py:step_6_save_to_milvus:405  - 步骤6：商品名称[HAK180烫金机]成功存入Milvus集合[kb_item_names]，数据：['file_title', 'item_name', 'dense_vector', 'sparse_vector']
2026-03-18 11:46:57.311 | INFO     | node_item_name_recognition.py:node_item_name_recognition:461  - >>> 核心节点执行完成：【商品名称识别】node_item_name_recognition，识别结果：HAK180烫金机，已存入Milvus
2026-03-18 11:46:57.313 | INFO     | 05-test-main-graph.py:<module>       :43   - ✅ 节点执行完成：item_name
2026-03-18 11:46:57.315 | INFO     | node_bge_embedding.py:node_bge_embedding:39   - >>> 开始执行LangGraph节点：node_bge_embedding
2026-03-18 11:46:57.317 | INFO     | node_bge_embedding.py:node_bge_embedding:43   - --- BGE-M3 文本向量化处理启动 ---
2026-03-18 11:46:57.319 | INFO     | node_bge_embedding.py:step_1_validate_input:86   - 向量化输入校验通过，待处理文本切片数量：6
2026-03-18 11:46:57.321 | INFO     | node_bge_embedding.py:step_2_init_model:107  - BGE-M3模型实例初始化成功（单例模式）
2026-03-18 11:46:57.324 | INFO     | embedding_utils.py  :generate_embeddings:63   - 开始为5条文本生成混合向量嵌入
2026-03-18 11:47:01.885 | SUCCESS  | embedding_utils.py  :generate_embeddings:91   - 5条文本向量生成完成，格式已适配工业级使用
2026-03-18 11:47:01.887 | INFO     | node_bge_embedding.py:step_3_generate_embeddings:176  - 第1-5条切片：双向量生成成功
2026-03-18 11:47:01.889 | INFO     | embedding_utils.py  :generate_embeddings:63   - 开始为1条文本生成混合向量嵌入
2026-03-18 11:47:02.875 | SUCCESS  | embedding_utils.py  :generate_embeddings:91   - 1条文本向量生成完成，格式已适配工业级使用
2026-03-18 11:47:02.878 | INFO     | node_bge_embedding.py:step_3_generate_embeddings:176  - 第6-6条切片：双向量生成成功
2026-03-18 11:47:02.881 | INFO     | node_bge_embedding.py:node_bge_embedding:57   - --- BGE-M3 向量化处理完成，共处理 6 条文本切片 ---
2026-03-18 11:47:02.884 | INFO     | 05-test-main-graph.py:<module>       :43   - ✅ 节点执行完成：item_name
2026-03-18 11:47:02.885 | INFO     | node_import_milvus.py:node_import_milvus:45   - >>> 开始执行LangGraph节点：node_import_milvus（Milvus切片数据入库）
2026-03-18 11:47:02.886 | INFO     | node_import_milvus.py:node_import_milvus:48   - --- Milvus切片数据入库流程启动 ---
2026-03-18 11:47:02.889 | INFO     | node_import_milvus.py:step_1_check_input:102  - Milvus入库校验通过，待入库切片数：6 | 向量维度：1024 | 商品名称：HAK180烫金机
2026-03-18 11:47:02.891 | INFO     | node_import_milvus.py:step_2_prepare_collection:184  - 开始准备Milvus环境，目标集合：kb_chunks
2026-03-18 11:47:02.904 | INFO     | node_import_milvus.py:step_2_prepare_collection:200  - Milvus集合kb_chunks已存在，直接复用
2026-03-18 11:47:02.914 | INFO     | node_import_milvus.py:_clear_chunks_by_item_name:266  - Milvus幂等性清理：开始删除集合kb_chunks中item_name=HAK180烫金机的旧数据
2026-03-18 11:47:04.257 | INFO     | node_import_milvus.py:_clear_chunks_by_item_name:278  - Milvus幂等性清理完成：成功删除item_name=HAK180烫金机的旧数据
2026-03-18 11:47:04.260 | INFO     | node_import_milvus.py:step_4_insert_data:304  - Milvus数据插入：准备6条切片数据，开始批量插入
2026-03-18 11:47:04.284 | ERROR    | node_import_milvus.py:node_import_milvus:64   - Milvus切片数据入库节点执行失败：<DataNotMatchException: (code=1, message=Insert missed an field `part` to collection without set nullable==true or set default_value)>
2026-03-18 11:47:04.286 | ERROR    | 05-test-main-graph.py:<module>       :68   - ===== 全流程测试运行失败 =====
2026-03-18 11:47:04.287 | ERROR    | 05-test-main-graph.py:<module>       :69   - 异常原因：Milvus 导入过程中发生错误: <DataNotMatchException: (code=1, message=Insert missed an field `part` to collection without set nullable==true or set default_value)>
2026-03-18 11:47:04.287 | INFO     | 05-test-main-graph.py:<module>       :70   - ===== 知识图谱导入全流程测试结束 =====
2026-03-18 13:06:53.733 | INFO     | minio_utils.py      :<module>       :29   - MinIO存储桶[knowledge-base-files]已存在，无需重复创建
2026-03-18 13:06:54.105 | INFO     | minio_utils.py      :<module>       :42   - MinIO存储桶[knowledge-base-files]已配置公网只读策略，支持匿名URL访问
2026-03-18 13:07:29.902 | INFO     | 05-test-main-graph.py:<module>       :11   - ===== 开始执行知识图谱导入全流程测试 =====
2026-03-18 13:07:29.905 | INFO     | 05-test-main-graph.py:<module>       :34   - 测试任务启动，PDF文件路径：C:\Users\admin\PycharmProjects\PythonProject16\doc\hak180产品安全手册.pdf
2026-03-18 13:07:29.907 | INFO     | 05-test-main-graph.py:<module>       :35   - 中间文件输出目录：C:\Users\admin\PycharmProjects\PythonProject16\output
2026-03-18 13:07:29.910 | INFO     | 05-test-main-graph.py:<module>       :36   - 开始执行全流程节点，依次执行：entry→pdf2md→md_img→split→item_name→embedding→milvus→kg
2026-03-18 13:07:29.920 | INFO     | 05-test-main-graph.py:<module>       :43   - ✅ 节点执行完成：local_file_path
2026-03-18 13:07:29.922 | INFO     | node_entry.py       :node_entry     :37   - 【node_entry】文件类型校验通过：C:\Users\admin\PycharmProjects\PythonProject16\doc\hak180产品安全手册.pdf → PDF格式，开启PDF解析流程
2026-03-18 13:07:29.963 | INFO     | node_entry.py       :node_entry     :50   - 【node_entry】文件业务标识提取完成：file_title = hak180产品安全手册
2026-03-18 13:07:29.969 | INFO     | 05-test-main-graph.py:<module>       :43   - ✅ 节点执行完成：pdf_path
2026-03-18 13:07:29.972 | INFO     | node_pdf_to_md.py   :step_2_upload_and_poll:68   - [配置校验] MinerU基础配置加载成功，开始处理文件：hak180产品安全手册.pdf
2026-03-18 13:07:30.407 | INFO     | node_pdf_to_md.py   :step_2_upload_and_poll:96   - [获取上传链接] 成功，batch_id：83bb686d-93ba-4bb1-a7bb-a31a804c3ac0，上传链接已生成
2026-03-18 13:07:30.411 | INFO     | node_pdf_to_md.py   :step_2_upload_and_poll:99   - [文件上传] 开始读取PDF文件：hak180产品安全手册.pdf
2026-03-18 13:07:31.012 | INFO     | node_pdf_to_md.py   :step_2_upload_and_poll:118  - [文件上传] 成功，文件hak180产品安全手册.pdf已存入云存储
2026-03-18 13:07:31.017 | INFO     | node_pdf_to_md.py   :step_2_upload_and_poll:130  - [任务轮询] 开始监控任务状态，batch_id：83bb686d-93ba-4bb1-a7bb-a31a804c3ac0，最大超时：600s
2026-03-18 13:07:34.845 | INFO     | node_pdf_to_md.py   :step_2_upload_and_poll:171  - [任务轮询] 解析任务完成！总耗时：3s，batch_id：83bb686d-93ba-4bb1-a7bb-a31a804c3ac0
2026-03-18 13:07:34.849 | INFO     | node_pdf_to_md.py   :step_2_upload_and_poll:175  - [任务轮询] 结果ZIP包下载链接：https://cdn-mineru.openxlab.org.cn/pdf/2026-03-16/96c85ba6-435d-414b-b30c-cabb5c57b129.zip...
2026-03-18 13:07:34.856 | INFO     | node_pdf_to_md.py   :step_3_download_and_extract:197  - ===== 开始处理[hak180产品安全手册]的MinerU解析结果 =====
2026-03-18 13:07:34.859 | INFO     | node_pdf_to_md.py   :step_3_download_and_extract:200  - [步骤1/4] 开始下载ZIP包，链接：https://cdn-mineru.openxlab.org.cn/pdf/2026-03-16/96c85ba6-435d-414b-b30c-cabb5c57b129.zip...
2026-03-18 13:07:35.475 | INFO     | node_pdf_to_md.py   :step_3_download_and_extract:209  - [步骤1/4] ZIP包下载成功，保存路径：C:\Users\admin\PycharmProjects\PythonProject16\output\hak180产品安全手册_result.zip
2026-03-18 13:07:35.479 | INFO     | node_pdf_to_md.py   :step_3_download_and_extract:212  - [步骤2/4] 开始解压ZIP包...
2026-03-18 13:07:35.489 | INFO     | node_pdf_to_md.py   :step_3_download_and_extract:220  - [步骤2/4] 已清理旧的解压目录：C:\Users\admin\PycharmProjects\PythonProject16\output\hak180产品安全手册
2026-03-18 13:07:35.515 | INFO     | node_pdf_to_md.py   :step_3_download_and_extract:230  - [步骤2/4] ZIP包解压完成，解压目录：C:\Users\admin\PycharmProjects\PythonProject16\output\hak180产品安全手册
2026-03-18 13:07:35.519 | INFO     | node_pdf_to_md.py   :step_3_download_and_extract:233  - [步骤3/4] 开始查找解压目录中的MD文件...
2026-03-18 13:07:35.525 | INFO     | node_pdf_to_md.py   :step_3_download_and_extract:237  - [步骤3/4] 共找到1个MD文件，按优先级匹配目标文件
2026-03-18 13:07:35.528 | INFO     | node_pdf_to_md.py   :step_3_download_and_extract:252  - [步骤4/4] 匹配到优先级2目标：MinerU默认文件 full.md
2026-03-18 13:07:35.533 | INFO     | node_pdf_to_md.py   :step_3_download_and_extract:261  - [步骤4/4] 开始重命名MD文件，统一为PDF同名：hak180产品安全手册.md
2026-03-18 13:07:35.538 | INFO     | node_pdf_to_md.py   :step_3_download_and_extract:268  - [步骤4/4] MD文件重命名成功：hak180产品安全手册.md
2026-03-18 13:07:35.541 | INFO     | node_pdf_to_md.py   :step_3_download_and_extract:274  - ===== [hak180产品安全手册]解析结果处理完成，最终MD文件路径：C:\Users\admin\PycharmProjects\PythonProject16\output\hak180产品安全手册\hak180产品安全手册.md =====
2026-03-18 13:07:35.547 | INFO     | node_pdf_to_md.py   :node_pdf_to_md :307  - 【node_pdf_to_md】MD文件生成成功，路径：C:\Users\admin\PycharmProjects\PythonProject16\output\hak180产品安全手册\hak180产品安全手册.md
2026-03-18 13:07:35.557 | INFO     | node_pdf_to_md.py   :node_pdf_to_md :317  - 【node_pdf_to_md】节点执行完成，更新后工作流状态键：['task_id', 'is_md_read_enabled', 'is_pdf_read_enabled', 'local_dir', 'local_file_path', 'file_title', 'pdf_path', 'md_path', 'md_content']
2026-03-18 13:07:35.562 | INFO     | 05-test-main-graph.py:<module>       :43   - ✅ 节点执行完成：md_content
2026-03-18 13:07:35.565 | INFO     | node_md_img.py      :step_2_scan_images:121  - 图片加入待处理列表：249fa4657bc1fd69ca12d3735f5dae5c4452840980633d314aa69411a3e31a44.jpg
2026-03-18 13:07:35.569 | INFO     | node_md_img.py      :step_2_scan_images:121  - 图片加入待处理列表：29245869565f74bb1299f92bbf890a1c412ba210bbef115b259b89b501611458.jpg
2026-03-18 13:07:35.574 | INFO     | node_md_img.py      :step_2_scan_images:121  - 图片加入待处理列表：3161a58d2459d3bd06765cddbe05dd4c037093c2aa66c41f1964c8f77924dc0f.jpg
2026-03-18 13:07:35.579 | INFO     | node_md_img.py      :step_2_scan_images:121  - 图片加入待处理列表：3848fdbce626b32de93029aba36a6282ee540069b9ef08543b1b185c30d6c91e.jpg
2026-03-18 13:07:35.583 | INFO     | node_md_img.py      :step_2_scan_images:121  - 图片加入待处理列表：4e6c79160aa0edb9873bb4cd722f511d5b6850712754e457edc9716f2f509736.jpg
2026-03-18 13:07:35.587 | INFO     | node_md_img.py      :step_2_scan_images:121  - 图片加入待处理列表：53af8eff82c97e9620326cf4dd4a58924107e96c14d8c43354e9a1daacea5a67.jpg
2026-03-18 13:07:35.591 | INFO     | node_md_img.py      :step_2_scan_images:121  - 图片加入待处理列表：66ee4447cdd36e786369677a3a3aa8c36cedbfd2cdc10dde42ad9da98edefeab.jpg
2026-03-18 13:07:35.596 | WARNING  | node_md_img.py      :step_2_scan_images:117  - 图片未在MD中引用，跳过处理：f175ba213c33e85d52b0670743708a6cb7f62a59d851a02333091acf51d415d1.jpg
2026-03-18 13:07:35.600 | INFO     | node_md_img.py      :step_2_scan_images:122  - 图片扫描完成，共筛选出待处理图片：7 张
2026-03-18 13:07:35.610 | INFO     | lm_utils.py         :get_llm_client :44   - [LLM客户端] 开始初始化新实例：模型=qwen3-vl-flash，JSON模式=False
2026-03-18 13:07:39.385 | INFO     | lm_utils.py         :get_llm_client :71   - [LLM客户端] 实例初始化成功并缓存：模型=qwen3-vl-flash，JSON模式=False
2026-03-18 13:07:40.458 | INFO     | node_md_img.py      :summarize_image:184  - 图片摘要生成成功：C:\Users\admin\PycharmProjects\PythonProject16\output\hak180产品安全手册\images\249fa4657bc1fd69ca12d3735f5dae5c4452840980633d314aa69411a3e31a44.jpg，摘要：禁止将手指伸入设备内部滚轮或齿轮区域，防止夹伤或设备损坏。
2026-03-18 13:07:41.772 | INFO     | node_md_img.py      :summarize_image:184  - 图片摘要生成成功：C:\Users\admin\PycharmProjects\PythonProject16\output\hak180产品安全手册\images\29245869565f74bb1299f92bbf890a1c412ba210bbef115b259b89b501611458.jpg，摘要：禁止将手指伸入设备进纸口，避免夹伤或触电，确保操作安全。
2026-03-18 13:07:42.304 | INFO     | node_md_img.py      :summarize_image:184  - 图片摘要生成成功：C:\Users\admin\PycharmProjects\PythonProject16\output\hak180产品安全手册\images\3161a58d2459d3bd06765cddbe05dd4c037093c2aa66c41f1964c8f77924dc0f.jpg，摘要：高温警示标志，提示设备冷却后方可触碰内部零件，确保操作安全。
2026-03-18 13:07:43.080 | INFO     | node_md_img.py      :summarize_image:184  - 图片摘要生成成功：C:\Users\admin\PycharmProjects\PythonProject16\output\hak180产品安全手册\images\3848fdbce626b32de93029aba36a6282ee540069b9ef08543b1b185c30d6c91e.jpg，摘要：禁止将设备置于桌面边缘，避免跌落造成伤害或损坏，需确保平稳稳定放置。
2026-03-18 13:07:43.877 | INFO     | node_md_img.py      :summarize_image:184  - 图片摘要生成成功：C:\Users\admin\PycharmProjects\PythonProject16\output\hak180产品安全手册\images\4e6c79160aa0edb9873bb4cd722f511d5b6850712754e457edc9716f2f509736.jpg，摘要：警示图示：设备内部高温，禁止触摸灰色标记区域，需冷却后操作，避免烫伤。
2026-03-18 13:07:44.738 | INFO     | node_md_img.py      :summarize_image:184  - 图片摘要生成成功：C:\Users\admin\PycharmProjects\PythonProject16\output\hak180产品安全手册\images\53af8eff82c97e9620326cf4dd4a58924107e96c14d8c43354e9a1daacea5a67.jpg，摘要：正确搬运设备：双手托底，避免抓取进纸托板或出纸盒，防止跌落受伤。
2026-03-18 13:07:45.582 | INFO     | node_md_img.py      :summarize_image:184  - 图片摘要生成成功：C:\Users\admin\PycharmProjects\PythonProject16\output\hak180产品安全手册\images\66ee4447cdd36e786369677a3a3aa8c36cedbfd2cdc10dde42ad9da98edefeab.jpg，摘要：hak180设备内部结构示意图，展示手部操作部件，附电源安全警告说明。
2026-03-18 13:07:45.586 | INFO     | node_md_img.py      :step_3_generate_summaries:212  - 图片摘要批量生成完成，共处理7张图片
2026-03-18 13:07:45.641 | INFO     | node_md_img.py      :upload_to_minio:279  - 开始上传图片至MinIO：本地路径=C:\Users\admin\PycharmProjects\PythonProject16\output\hak180产品安全手册\images\249fa4657bc1fd69ca12d3735f5dae5c4452840980633d314aa69411a3e31a44.jpg，MinIO对象名=/upload-images/hak180产品安全手册/249fa4657bc1fd69ca12d3735f5dae5c4452840980633d314aa69411a3e31a44.jpg
2026-03-18 13:07:45.675 | INFO     | node_md_img.py      :upload_to_minio:307  - 图片上传成功，访问URL：http://47.94.86.115:9000/knowledge-base-files/upload-images/hak180产品安全手册/249fa4657bc1fd69ca12d3735f5dae5c4452840980633d314aa69411a3e31a44.jpg
2026-03-18 13:07:45.680 | INFO     | node_md_img.py      :upload_to_minio:279  - 开始上传图片至MinIO：本地路径=C:\Users\admin\PycharmProjects\PythonProject16\output\hak180产品安全手册\images\29245869565f74bb1299f92bbf890a1c412ba210bbef115b259b89b501611458.jpg，MinIO对象名=/upload-images/hak180产品安全手册/29245869565f74bb1299f92bbf890a1c412ba210bbef115b259b89b501611458.jpg
2026-03-18 13:07:45.705 | INFO     | node_md_img.py      :upload_to_minio:307  - 图片上传成功，访问URL：http://47.94.86.115:9000/knowledge-base-files/upload-images/hak180产品安全手册/29245869565f74bb1299f92bbf890a1c412ba210bbef115b259b89b501611458.jpg
2026-03-18 13:07:45.708 | INFO     | node_md_img.py      :upload_to_minio:279  - 开始上传图片至MinIO：本地路径=C:\Users\admin\PycharmProjects\PythonProject16\output\hak180产品安全手册\images\3161a58d2459d3bd06765cddbe05dd4c037093c2aa66c41f1964c8f77924dc0f.jpg，MinIO对象名=/upload-images/hak180产品安全手册/3161a58d2459d3bd06765cddbe05dd4c037093c2aa66c41f1964c8f77924dc0f.jpg
2026-03-18 13:07:45.729 | INFO     | node_md_img.py      :upload_to_minio:307  - 图片上传成功，访问URL：http://47.94.86.115:9000/knowledge-base-files/upload-images/hak180产品安全手册/3161a58d2459d3bd06765cddbe05dd4c037093c2aa66c41f1964c8f77924dc0f.jpg
2026-03-18 13:07:45.733 | INFO     | node_md_img.py      :upload_to_minio:279  - 开始上传图片至MinIO：本地路径=C:\Users\admin\PycharmProjects\PythonProject16\output\hak180产品安全手册\images\3848fdbce626b32de93029aba36a6282ee540069b9ef08543b1b185c30d6c91e.jpg，MinIO对象名=/upload-images/hak180产品安全手册/3848fdbce626b32de93029aba36a6282ee540069b9ef08543b1b185c30d6c91e.jpg
2026-03-18 13:07:45.756 | INFO     | node_md_img.py      :upload_to_minio:307  - 图片上传成功，访问URL：http://47.94.86.115:9000/knowledge-base-files/upload-images/hak180产品安全手册/3848fdbce626b32de93029aba36a6282ee540069b9ef08543b1b185c30d6c91e.jpg
2026-03-18 13:07:45.759 | INFO     | node_md_img.py      :upload_to_minio:279  - 开始上传图片至MinIO：本地路径=C:\Users\admin\PycharmProjects\PythonProject16\output\hak180产品安全手册\images\4e6c79160aa0edb9873bb4cd722f511d5b6850712754e457edc9716f2f509736.jpg，MinIO对象名=/upload-images/hak180产品安全手册/4e6c79160aa0edb9873bb4cd722f511d5b6850712754e457edc9716f2f509736.jpg
2026-03-18 13:07:45.783 | INFO     | node_md_img.py      :upload_to_minio:307  - 图片上传成功，访问URL：http://47.94.86.115:9000/knowledge-base-files/upload-images/hak180产品安全手册/4e6c79160aa0edb9873bb4cd722f511d5b6850712754e457edc9716f2f509736.jpg
2026-03-18 13:07:45.788 | INFO     | node_md_img.py      :upload_to_minio:279  - 开始上传图片至MinIO：本地路径=C:\Users\admin\PycharmProjects\PythonProject16\output\hak180产品安全手册\images\53af8eff82c97e9620326cf4dd4a58924107e96c14d8c43354e9a1daacea5a67.jpg，MinIO对象名=/upload-images/hak180产品安全手册/53af8eff82c97e9620326cf4dd4a58924107e96c14d8c43354e9a1daacea5a67.jpg
2026-03-18 13:07:45.811 | INFO     | node_md_img.py      :upload_to_minio:307  - 图片上传成功，访问URL：http://47.94.86.115:9000/knowledge-base-files/upload-images/hak180产品安全手册/53af8eff82c97e9620326cf4dd4a58924107e96c14d8c43354e9a1daacea5a67.jpg
2026-03-18 13:07:45.815 | INFO     | node_md_img.py      :upload_to_minio:279  - 开始上传图片至MinIO：本地路径=C:\Users\admin\PycharmProjects\PythonProject16\output\hak180产品安全手册\images\66ee4447cdd36e786369677a3a3aa8c36cedbfd2cdc10dde42ad9da98edefeab.jpg，MinIO对象名=/upload-images/hak180产品安全手册/66ee4447cdd36e786369677a3a3aa8c36cedbfd2cdc10dde42ad9da98edefeab.jpg
2026-03-18 13:07:45.838 | INFO     | node_md_img.py      :upload_to_minio:307  - 图片上传成功，访问URL：http://47.94.86.115:9000/knowledge-base-files/upload-images/hak180产品安全手册/66ee4447cdd36e786369677a3a3aa8c36cedbfd2cdc10dde42ad9da98edefeab.jpg
2026-03-18 13:07:45.843 | INFO     | node_md_img.py      :upload_images_batch:267  - 图片批量上传完成，成功上传7/7张图片
2026-03-18 13:07:45.847 | INFO     | node_md_img.py      :merge_summary_and_url:325  - 图片摘要与URL合并完成，有效图片信息7条
2026-03-18 13:07:45.854 | INFO     | node_md_img.py      :process_md_file:351  - MD文件图片引用替换完成，共替换7处图片引用
2026-03-18 13:07:45.860 | INFO     | node_md_img.py      :step_5_backup_new_md_file:400  - 处理后MD文件已保存，新文件路径：C:\Users\admin\PycharmProjects\PythonProject16\output\hak180产品安全手册\hak180产品安全手册_new.md
2026-03-18 13:07:45.864 | INFO     | node_md_img.py      :node_md_img    :451  - MD图片处理完成，新文件已保存：C:\Users\admin\PycharmProjects\PythonProject16\output\hak180产品安全手册\hak180产品安全手册_new.md
2026-03-18 13:07:45.869 | INFO     | 05-test-main-graph.py:<module>       :43   - ✅ 节点执行完成：md_content
2026-03-18 13:07:45.870 | INFO     | node_document_split.py:node_document_split:343  - >>> 开始执行核心节点：【文档切分】node_document_split
2026-03-18 13:07:45.875 | INFO     | node_document_split.py:step_1_get_inputs:45   - 步骤1：输入数据加载完成，文件标题：hak180产品安全手册，最大Chunk长度：2000
2026-03-18 13:07:45.879 | INFO     | node_document_split.py:step_2_split_by_titles:107  - 步骤2：MD标题切分完成，识别到19个有效标题，原始文本共139行
2026-03-18 13:07:45.884 | INFO     | node_document_split.py:step_4_refine_chunks:261  - 步骤4-1：超长章节切分完成，共生成19个初始子Chunk
2026-03-18 13:07:45.889 | INFO     | node_document_split.py:step_4_refine_chunks:265  - 步骤4-2：过短章节合并完成，最终得到6个Chunk
2026-03-18 13:07:45.893 | INFO     | node_document_split.py:step_5_print_stats:286  - -------------------------------------------------- 文档切分统计信息 --------------------------------------------------
2026-03-18 13:07:45.897 | INFO     | node_document_split.py:step_5_print_stats:287  - MD原始文本总行数：139
2026-03-18 13:07:45.901 | INFO     | node_document_split.py:step_5_print_stats:288  - 最终生成Chunk数量：6
2026-03-18 13:07:45.905 | INFO     | node_document_split.py:step_5_print_stats:291  - 首个Chunk标题预览：# HAK 180 烫金机
2026-03-18 13:07:45.910 | INFO     | node_document_split.py:step_5_print_stats:292  - --------------------------------------------------------------------------------------------------------------
2026-03-18 13:07:45.916 | INFO     | node_document_split.py:step_6_backup  :327  - 步骤6：Chunk结果备份成功，备份文件路径：C:\Users\admin\PycharmProjects\PythonProject16\output\chunks.json
2026-03-18 13:07:45.920 | INFO     | node_document_split.py:node_document_split:385  - >>> 核心节点执行完成：【文档切分】node_document_split，已生成6个有效Chunk，结果已写入状态字典
2026-03-18 13:07:45.924 | INFO     | 05-test-main-graph.py:<module>       :43   - ✅ 节点执行完成：chunks
2026-03-18 13:07:45.927 | INFO     | node_item_name_recognition.py:node_item_name_recognition:422  - >>> 开始执行核心节点：【商品名称识别】node_item_name_recognition
2026-03-18 13:07:46.217 | INFO     | node_item_name_recognition.py:step_1_get_inputs:74   - 步骤1：输入校验完成，获取到6个有效文本切片
2026-03-18 13:07:46.221 | INFO     | node_item_name_recognition.py:step_2_build_context:131  - 上下文总字符数即将超限（2500），已停止拼接后续切片
2026-03-18 13:07:46.226 | INFO     | node_item_name_recognition.py:step_2_build_context:138  - 步骤2：上下文构建完成，最终长度2500字符
2026-03-18 13:07:46.229 | INFO     | node_item_name_recognition.py:step_3_call_llm:160  - 开始执行步骤3：调用大模型识别商品名称
2026-03-18 13:07:46.242 | INFO     | lm_utils.py         :get_llm_client :44   - [LLM客户端] 开始初始化新实例：模型=qwen-flash，JSON模式=False
2026-03-18 13:07:46.249 | INFO     | lm_utils.py         :get_llm_client :71   - [LLM客户端] 实例初始化成功并缓存：模型=qwen-flash，JSON模式=False
2026-03-18 13:07:46.988 | INFO     | node_item_name_recognition.py:step_3_call_llm:198  - 步骤3：大模型识别商品名称成功，结果为：HAK180烫金机
2026-03-18 13:07:46.991 | INFO     | node_item_name_recognition.py:step_4_update_chunks:228  - 步骤4：商品名称回填完成，共为6个切片添加item_name字段，值为：HAK180烫金机
2026-03-18 13:07:46.997 | INFO     | node_item_name_recognition.py:step_5_generate_vectors:243  - 开始执行步骤5：为商品名称[HAK180烫金机]生成BGE-M3双向量
2026-03-18 13:07:47.000 | INFO     | embedding_utils.py  :generate_embeddings:63   - 开始为1条文本生成混合向量嵌入
2026-03-18 13:07:47.021 | INFO     | embedding_utils.py  :get_bge_m3_ef  :26   - 开始初始化BGE-M3模型
2026-03-18 13:07:49.637 | SUCCESS  | embedding_utils.py  :get_bge_m3_ef  :44   - BGE-M3模型初始化成功，已开启原生L2归一化
2026-03-18 13:07:50.082 | SUCCESS  | embedding_utils.py  :generate_embeddings:91   - 1条文本向量生成完成，格式已适配工业级使用
2026-03-18 13:07:50.090 | INFO     | node_item_name_recognition.py:step_5_generate_vectors:260  - 步骤5：BGE-M3稠密+稀疏向量生成成功
2026-03-18 13:07:50.095 | INFO     | node_item_name_recognition.py:step_6_save_to_milvus:299  - 开始执行步骤6：将商品名称[HAK180烫金机]保存到Milvus集合[kb_item_names]
2026-03-18 13:07:50.281 | INFO     | milvus_utils.py     :get_milvus_client:27   - Milvus客户端连接成功
2026-03-18 13:07:50.803 | INFO     | node_item_name_recognition.py:step_6_save_to_milvus:384  - Milvus幂等性处理完成，已删除集合中[HAK180烫金机]的历史数据
2026-03-18 13:07:50.846 | INFO     | node_item_name_recognition.py:step_6_save_to_milvus:405  - 步骤6：商品名称[HAK180烫金机]成功存入Milvus集合[kb_item_names]，数据：['file_title', 'item_name', 'dense_vector', 'sparse_vector']
2026-03-18 13:07:50.849 | INFO     | node_item_name_recognition.py:node_item_name_recognition:461  - >>> 核心节点执行完成：【商品名称识别】node_item_name_recognition，识别结果：HAK180烫金机，已存入Milvus
2026-03-18 13:07:50.855 | INFO     | 05-test-main-graph.py:<module>       :43   - ✅ 节点执行完成：item_name
2026-03-18 13:07:50.857 | INFO     | node_bge_embedding.py:node_bge_embedding:39   - >>> 开始执行LangGraph节点：node_bge_embedding
2026-03-18 13:07:50.860 | INFO     | node_bge_embedding.py:node_bge_embedding:43   - --- BGE-M3 文本向量化处理启动 ---
2026-03-18 13:07:50.865 | INFO     | node_bge_embedding.py:step_1_validate_input:86   - 向量化输入校验通过，待处理文本切片数量：6
2026-03-18 13:07:50.869 | INFO     | node_bge_embedding.py:step_2_init_model:107  - BGE-M3模型实例初始化成功（单例模式）
2026-03-18 13:07:50.872 | INFO     | embedding_utils.py  :generate_embeddings:63   - 开始为5条文本生成混合向量嵌入
2026-03-18 13:07:55.112 | SUCCESS  | embedding_utils.py  :generate_embeddings:91   - 5条文本向量生成完成，格式已适配工业级使用
2026-03-18 13:07:55.116 | INFO     | node_bge_embedding.py:step_3_generate_embeddings:176  - 第1-5条切片：双向量生成成功
2026-03-18 13:07:55.121 | INFO     | embedding_utils.py  :generate_embeddings:63   - 开始为1条文本生成混合向量嵌入
2026-03-18 13:07:56.082 | SUCCESS  | embedding_utils.py  :generate_embeddings:91   - 1条文本向量生成完成，格式已适配工业级使用
2026-03-18 13:07:56.088 | INFO     | node_bge_embedding.py:step_3_generate_embeddings:176  - 第6-6条切片：双向量生成成功
2026-03-18 13:07:56.091 | INFO     | node_bge_embedding.py:node_bge_embedding:57   - --- BGE-M3 向量化处理完成，共处理 6 条文本切片 ---
2026-03-18 13:07:56.097 | INFO     | 05-test-main-graph.py:<module>       :43   - ✅ 节点执行完成：item_name
2026-03-18 13:07:56.101 | INFO     | node_import_milvus.py:node_import_milvus:45   - >>> 开始执行LangGraph节点：node_import_milvus（Milvus切片数据入库）
2026-03-18 13:07:56.105 | INFO     | node_import_milvus.py:node_import_milvus:48   - --- Milvus切片数据入库流程启动 ---
2026-03-18 13:07:56.108 | INFO     | node_import_milvus.py:step_1_check_input:102  - Milvus入库校验通过，待入库切片数：6 | 向量维度：1024 | 商品名称：HAK180烫金机
2026-03-18 13:07:56.114 | INFO     | node_import_milvus.py:step_2_prepare_collection:184  - 开始准备Milvus环境，目标集合：kb_chunks
2026-03-18 13:07:56.128 | INFO     | node_import_milvus.py:step_2_prepare_collection:200  - Milvus集合kb_chunks已存在，直接复用
2026-03-18 13:07:56.142 | INFO     | node_import_milvus.py:_clear_chunks_by_item_name:266  - Milvus幂等性清理：开始删除集合kb_chunks中item_name=HAK180烫金机的旧数据
2026-03-18 13:07:57.022 | INFO     | node_import_milvus.py:_clear_chunks_by_item_name:278  - Milvus幂等性清理完成：成功删除item_name=HAK180烫金机的旧数据
2026-03-18 13:12:29.711 | INFO     | node_import_milvus.py:step_4_insert_data:304  - Milvus数据插入：准备6条切片数据，开始批量插入
2026-03-18 13:12:29.767 | ERROR    | node_import_milvus.py:node_import_milvus:64   - Milvus切片数据入库节点执行失败：<DataNotMatchException: (code=1, message=Insert missed an field `part` to collection without set nullable==true or set default_value)>
2026-03-18 13:12:29.771 | ERROR    | 05-test-main-graph.py:<module>       :68   - ===== 全流程测试运行失败 =====
2026-03-18 13:12:29.774 | ERROR    | 05-test-main-graph.py:<module>       :69   - 异常原因：Milvus 导入过程中发生错误: <DataNotMatchException: (code=1, message=Insert missed an field `part` to collection without set nullable==true or set default_value)>
2026-03-18 13:12:29.776 | INFO     | 05-test-main-graph.py:<module>       :70   - ===== 知识图谱导入全流程测试结束 =====
2026-03-18 13:16:37.999 | INFO     | minio_utils.py      :<module>       :29   - MinIO存储桶[knowledge-base-files]已存在，无需重复创建
2026-03-18 13:16:38.177 | INFO     | minio_utils.py      :<module>       :42   - MinIO存储桶[knowledge-base-files]已配置公网只读策略，支持匿名URL访问
2026-03-18 13:16:49.455 | INFO     | 05-test-main-graph.py:<module>       :11   - ===== 开始执行知识图谱导入全流程测试 =====
2026-03-18 13:16:49.456 | INFO     | 05-test-main-graph.py:<module>       :34   - 测试任务启动，PDF文件路径：C:\Users\admin\PycharmProjects\PythonProject16\doc\hak180产品安全手册.pdf
2026-03-18 13:16:49.456 | INFO     | 05-test-main-graph.py:<module>       :35   - 中间文件输出目录：C:\Users\admin\PycharmProjects\PythonProject16\output
2026-03-18 13:16:49.457 | INFO     | 05-test-main-graph.py:<module>       :36   - 开始执行全流程节点，依次执行：entry→pdf2md→md_img→split→item_name→embedding→milvus→kg
2026-03-18 13:16:49.459 | INFO     | 05-test-main-graph.py:<module>       :43   - ✅ 节点执行完成：local_file_path
2026-03-18 13:16:49.460 | INFO     | node_entry.py       :node_entry     :37   - 【node_entry】文件类型校验通过：C:\Users\admin\PycharmProjects\PythonProject16\doc\hak180产品安全手册.pdf → PDF格式，开启PDF解析流程
2026-03-18 13:16:49.466 | INFO     | node_entry.py       :node_entry     :50   - 【node_entry】文件业务标识提取完成：file_title = hak180产品安全手册
2026-03-18 13:16:49.467 | INFO     | 05-test-main-graph.py:<module>       :43   - ✅ 节点执行完成：pdf_path
2026-03-18 13:16:49.468 | INFO     | node_pdf_to_md.py   :step_2_upload_and_poll:68   - [配置校验] MinerU基础配置加载成功，开始处理文件：hak180产品安全手册.pdf
2026-03-18 13:16:49.849 | INFO     | node_pdf_to_md.py   :step_2_upload_and_poll:96   - [获取上传链接] 成功，batch_id：d5a08d3a-15d9-451a-9b71-6eec4cc53893，上传链接已生成
2026-03-18 13:16:49.850 | INFO     | node_pdf_to_md.py   :step_2_upload_and_poll:99   - [文件上传] 开始读取PDF文件：hak180产品安全手册.pdf
2026-03-18 13:16:50.405 | INFO     | node_pdf_to_md.py   :step_2_upload_and_poll:118  - [文件上传] 成功，文件hak180产品安全手册.pdf已存入云存储
2026-03-18 13:16:50.406 | INFO     | node_pdf_to_md.py   :step_2_upload_and_poll:130  - [任务轮询] 开始监控任务状态，batch_id：d5a08d3a-15d9-451a-9b71-6eec4cc53893，最大超时：600s
2026-03-18 13:16:54.172 | INFO     | node_pdf_to_md.py   :step_2_upload_and_poll:171  - [任务轮询] 解析任务完成！总耗时：3s，batch_id：d5a08d3a-15d9-451a-9b71-6eec4cc53893
2026-03-18 13:16:54.173 | INFO     | node_pdf_to_md.py   :step_2_upload_and_poll:175  - [任务轮询] 结果ZIP包下载链接：https://cdn-mineru.openxlab.org.cn/pdf/2026-03-16/96c85ba6-435d-414b-b30c-cabb5c57b129.zip...
2026-03-18 13:16:54.177 | INFO     | node_pdf_to_md.py   :step_3_download_and_extract:197  - ===== 开始处理[hak180产品安全手册]的MinerU解析结果 =====
2026-03-18 13:16:54.177 | INFO     | node_pdf_to_md.py   :step_3_download_and_extract:200  - [步骤1/4] 开始下载ZIP包，链接：https://cdn-mineru.openxlab.org.cn/pdf/2026-03-16/96c85ba6-435d-414b-b30c-cabb5c57b129.zip...
2026-03-18 13:16:54.671 | INFO     | node_pdf_to_md.py   :step_3_download_and_extract:209  - [步骤1/4] ZIP包下载成功，保存路径：C:\Users\admin\PycharmProjects\PythonProject16\output\hak180产品安全手册_result.zip
2026-03-18 13:16:54.672 | INFO     | node_pdf_to_md.py   :step_3_download_and_extract:212  - [步骤2/4] 开始解压ZIP包...
2026-03-18 13:16:54.678 | INFO     | node_pdf_to_md.py   :step_3_download_and_extract:220  - [步骤2/4] 已清理旧的解压目录：C:\Users\admin\PycharmProjects\PythonProject16\output\hak180产品安全手册
2026-03-18 13:16:54.703 | INFO     | node_pdf_to_md.py   :step_3_download_and_extract:230  - [步骤2/4] ZIP包解压完成，解压目录：C:\Users\admin\PycharmProjects\PythonProject16\output\hak180产品安全手册
2026-03-18 13:16:54.703 | INFO     | node_pdf_to_md.py   :step_3_download_and_extract:233  - [步骤3/4] 开始查找解压目录中的MD文件...
2026-03-18 13:16:54.706 | INFO     | node_pdf_to_md.py   :step_3_download_and_extract:237  - [步骤3/4] 共找到1个MD文件，按优先级匹配目标文件
2026-03-18 13:16:54.707 | INFO     | node_pdf_to_md.py   :step_3_download_and_extract:252  - [步骤4/4] 匹配到优先级2目标：MinerU默认文件 full.md
2026-03-18 13:16:54.708 | INFO     | node_pdf_to_md.py   :step_3_download_and_extract:261  - [步骤4/4] 开始重命名MD文件，统一为PDF同名：hak180产品安全手册.md
2026-03-18 13:16:54.709 | INFO     | node_pdf_to_md.py   :step_3_download_and_extract:268  - [步骤4/4] MD文件重命名成功：hak180产品安全手册.md
2026-03-18 13:16:54.710 | INFO     | node_pdf_to_md.py   :step_3_download_and_extract:274  - ===== [hak180产品安全手册]解析结果处理完成，最终MD文件路径：C:\Users\admin\PycharmProjects\PythonProject16\output\hak180产品安全手册\hak180产品安全手册.md =====
2026-03-18 13:16:54.712 | INFO     | node_pdf_to_md.py   :node_pdf_to_md :307  - 【node_pdf_to_md】MD文件生成成功，路径：C:\Users\admin\PycharmProjects\PythonProject16\output\hak180产品安全手册\hak180产品安全手册.md
2026-03-18 13:16:54.721 | INFO     | node_pdf_to_md.py   :node_pdf_to_md :317  - 【node_pdf_to_md】节点执行完成，更新后工作流状态键：['task_id', 'is_md_read_enabled', 'is_pdf_read_enabled', 'local_dir', 'local_file_path', 'file_title', 'pdf_path', 'md_path', 'md_content']
2026-03-18 13:16:54.722 | INFO     | 05-test-main-graph.py:<module>       :43   - ✅ 节点执行完成：md_content
2026-03-18 13:16:54.724 | INFO     | node_md_img.py      :step_2_scan_images:121  - 图片加入待处理列表：249fa4657bc1fd69ca12d3735f5dae5c4452840980633d314aa69411a3e31a44.jpg
2026-03-18 13:16:54.725 | INFO     | node_md_img.py      :step_2_scan_images:121  - 图片加入待处理列表：29245869565f74bb1299f92bbf890a1c412ba210bbef115b259b89b501611458.jpg
2026-03-18 13:16:54.726 | INFO     | node_md_img.py      :step_2_scan_images:121  - 图片加入待处理列表：3161a58d2459d3bd06765cddbe05dd4c037093c2aa66c41f1964c8f77924dc0f.jpg
2026-03-18 13:16:54.728 | INFO     | node_md_img.py      :step_2_scan_images:121  - 图片加入待处理列表：3848fdbce626b32de93029aba36a6282ee540069b9ef08543b1b185c30d6c91e.jpg
2026-03-18 13:16:54.729 | INFO     | node_md_img.py      :step_2_scan_images:121  - 图片加入待处理列表：4e6c79160aa0edb9873bb4cd722f511d5b6850712754e457edc9716f2f509736.jpg
2026-03-18 13:16:54.730 | INFO     | node_md_img.py      :step_2_scan_images:121  - 图片加入待处理列表：53af8eff82c97e9620326cf4dd4a58924107e96c14d8c43354e9a1daacea5a67.jpg
2026-03-18 13:16:54.732 | INFO     | node_md_img.py      :step_2_scan_images:121  - 图片加入待处理列表：66ee4447cdd36e786369677a3a3aa8c36cedbfd2cdc10dde42ad9da98edefeab.jpg
2026-03-18 13:16:54.733 | WARNING  | node_md_img.py      :step_2_scan_images:117  - 图片未在MD中引用，跳过处理：f175ba213c33e85d52b0670743708a6cb7f62a59d851a02333091acf51d415d1.jpg
2026-03-18 13:16:54.734 | INFO     | node_md_img.py      :step_2_scan_images:122  - 图片扫描完成，共筛选出待处理图片：7 张
2026-03-18 13:16:54.742 | INFO     | lm_utils.py         :get_llm_client :44   - [LLM客户端] 开始初始化新实例：模型=qwen3-vl-flash，JSON模式=False
2026-03-18 13:16:55.568 | INFO     | lm_utils.py         :get_llm_client :71   - [LLM客户端] 实例初始化成功并缓存：模型=qwen3-vl-flash，JSON模式=False
2026-03-18 13:16:56.778 | INFO     | node_md_img.py      :summarize_image:184  - 图片摘要生成成功：C:\Users\admin\PycharmProjects\PythonProject16\output\hak180产品安全手册\images\249fa4657bc1fd69ca12d3735f5dae5c4452840980633d314aa69411a3e31a44.jpg，摘要：禁止将手指伸入设备内部滚轮或齿轮区域，避免夹伤，确保操作安全。
2026-03-18 13:16:57.394 | INFO     | node_md_img.py      :summarize_image:184  - 图片摘要生成成功：C:\Users\admin\PycharmProjects\PythonProject16\output\hak180产品安全手册\images\29245869565f74bb1299f92bbf890a1c412ba210bbef115b259b89b501611458.jpg，摘要：禁止将手指伸入设备进纸口，避免夹伤或触电，确保操作安全。
2026-03-18 13:16:57.925 | INFO     | node_md_img.py      :summarize_image:184  - 图片摘要生成成功：C:\Users\admin\PycharmProjects\PythonProject16\output\hak180产品安全手册\images\3161a58d2459d3bd06765cddbe05dd4c037093c2aa66c41f1964c8f77924dc0f.jpg，摘要：高温警示标志，提示设备冷却后方可触碰内部零件，确保操作安全。
2026-03-18 13:16:59.115 | INFO     | node_md_img.py      :summarize_image:184  - 图片摘要生成成功：C:\Users\admin\PycharmProjects\PythonProject16\output\hak180产品安全手册\images\3848fdbce626b32de93029aba36a6282ee540069b9ef08543b1b185c30d6c91e.jpg，摘要：禁止将设备置于桌面边缘，避免出纸盒打开导致跌落，确保平稳稳定放置以防损坏或伤害。
2026-03-18 13:16:59.759 | INFO     | node_md_img.py      :summarize_image:184  - 图片摘要生成成功：C:\Users\admin\PycharmProjects\PythonProject16\output\hak180产品安全手册\images\4e6c79160aa0edb9873bb4cd722f511d5b6850712754e457edc9716f2f509736.jpg，摘要：警示图示：设备内部高温部件，禁止触摸灰色标记区域，需冷却后操作，避免烫伤。
2026-03-18 13:17:00.852 | INFO     | node_md_img.py      :summarize_image:184  - 图片摘要生成成功：C:\Users\admin\PycharmProjects\PythonProject16\output\hak180产品安全手册\images\53af8eff82c97e9620326cf4dd4a58924107e96c14d8c43354e9a1daacea5a67.jpg，摘要：正确搬运设备：双手托底，避免抓取进纸托板或出纸盒，防止跌落受伤。
2026-03-18 13:17:02.114 | INFO     | node_md_img.py      :summarize_image:184  - 图片摘要生成成功：C:\Users\admin\PycharmProjects\PythonProject16\output\hak180产品安全手册\images\66ee4447cdd36e786369677a3a3aa8c36cedbfd2cdc10dde42ad9da98edefeab.jpg，摘要：Hak180设备内部结构示意图，展示手部操作部件，附电源安全警告说明。
2026-03-18 13:17:02.115 | INFO     | node_md_img.py      :step_3_generate_summaries:212  - 图片摘要批量生成完成，共处理7张图片
2026-03-18 13:17:02.130 | INFO     | node_md_img.py      :upload_to_minio:279  - 开始上传图片至MinIO：本地路径=C:\Users\admin\PycharmProjects\PythonProject16\output\hak180产品安全手册\images\249fa4657bc1fd69ca12d3735f5dae5c4452840980633d314aa69411a3e31a44.jpg，MinIO对象名=/upload-images/hak180产品安全手册/249fa4657bc1fd69ca12d3735f5dae5c4452840980633d314aa69411a3e31a44.jpg
2026-03-18 13:17:02.162 | INFO     | node_md_img.py      :upload_to_minio:307  - 图片上传成功，访问URL：http://47.94.86.115:9000/knowledge-base-files/upload-images/hak180产品安全手册/249fa4657bc1fd69ca12d3735f5dae5c4452840980633d314aa69411a3e31a44.jpg
2026-03-18 13:17:02.163 | INFO     | node_md_img.py      :upload_to_minio:279  - 开始上传图片至MinIO：本地路径=C:\Users\admin\PycharmProjects\PythonProject16\output\hak180产品安全手册\images\29245869565f74bb1299f92bbf890a1c412ba210bbef115b259b89b501611458.jpg，MinIO对象名=/upload-images/hak180产品安全手册/29245869565f74bb1299f92bbf890a1c412ba210bbef115b259b89b501611458.jpg
2026-03-18 13:17:02.184 | INFO     | node_md_img.py      :upload_to_minio:307  - 图片上传成功，访问URL：http://47.94.86.115:9000/knowledge-base-files/upload-images/hak180产品安全手册/29245869565f74bb1299f92bbf890a1c412ba210bbef115b259b89b501611458.jpg
2026-03-18 13:17:02.185 | INFO     | node_md_img.py      :upload_to_minio:279  - 开始上传图片至MinIO：本地路径=C:\Users\admin\PycharmProjects\PythonProject16\output\hak180产品安全手册\images\3161a58d2459d3bd06765cddbe05dd4c037093c2aa66c41f1964c8f77924dc0f.jpg，MinIO对象名=/upload-images/hak180产品安全手册/3161a58d2459d3bd06765cddbe05dd4c037093c2aa66c41f1964c8f77924dc0f.jpg
2026-03-18 13:17:02.203 | INFO     | node_md_img.py      :upload_to_minio:307  - 图片上传成功，访问URL：http://47.94.86.115:9000/knowledge-base-files/upload-images/hak180产品安全手册/3161a58d2459d3bd06765cddbe05dd4c037093c2aa66c41f1964c8f77924dc0f.jpg
2026-03-18 13:17:02.203 | INFO     | node_md_img.py      :upload_to_minio:279  - 开始上传图片至MinIO：本地路径=C:\Users\admin\PycharmProjects\PythonProject16\output\hak180产品安全手册\images\3848fdbce626b32de93029aba36a6282ee540069b9ef08543b1b185c30d6c91e.jpg，MinIO对象名=/upload-images/hak180产品安全手册/3848fdbce626b32de93029aba36a6282ee540069b9ef08543b1b185c30d6c91e.jpg
2026-03-18 13:17:02.222 | INFO     | node_md_img.py      :upload_to_minio:307  - 图片上传成功，访问URL：http://47.94.86.115:9000/knowledge-base-files/upload-images/hak180产品安全手册/3848fdbce626b32de93029aba36a6282ee540069b9ef08543b1b185c30d6c91e.jpg
2026-03-18 13:17:02.223 | INFO     | node_md_img.py      :upload_to_minio:279  - 开始上传图片至MinIO：本地路径=C:\Users\admin\PycharmProjects\PythonProject16\output\hak180产品安全手册\images\4e6c79160aa0edb9873bb4cd722f511d5b6850712754e457edc9716f2f509736.jpg，MinIO对象名=/upload-images/hak180产品安全手册/4e6c79160aa0edb9873bb4cd722f511d5b6850712754e457edc9716f2f509736.jpg
2026-03-18 13:17:02.246 | INFO     | node_md_img.py      :upload_to_minio:307  - 图片上传成功，访问URL：http://47.94.86.115:9000/knowledge-base-files/upload-images/hak180产品安全手册/4e6c79160aa0edb9873bb4cd722f511d5b6850712754e457edc9716f2f509736.jpg
2026-03-18 13:17:02.248 | INFO     | node_md_img.py      :upload_to_minio:279  - 开始上传图片至MinIO：本地路径=C:\Users\admin\PycharmProjects\PythonProject16\output\hak180产品安全手册\images\53af8eff82c97e9620326cf4dd4a58924107e96c14d8c43354e9a1daacea5a67.jpg，MinIO对象名=/upload-images/hak180产品安全手册/53af8eff82c97e9620326cf4dd4a58924107e96c14d8c43354e9a1daacea5a67.jpg
2026-03-18 13:17:02.276 | INFO     | node_md_img.py      :upload_to_minio:307  - 图片上传成功，访问URL：http://47.94.86.115:9000/knowledge-base-files/upload-images/hak180产品安全手册/53af8eff82c97e9620326cf4dd4a58924107e96c14d8c43354e9a1daacea5a67.jpg
2026-03-18 13:17:02.277 | INFO     | node_md_img.py      :upload_to_minio:279  - 开始上传图片至MinIO：本地路径=C:\Users\admin\PycharmProjects\PythonProject16\output\hak180产品安全手册\images\66ee4447cdd36e786369677a3a3aa8c36cedbfd2cdc10dde42ad9da98edefeab.jpg，MinIO对象名=/upload-images/hak180产品安全手册/66ee4447cdd36e786369677a3a3aa8c36cedbfd2cdc10dde42ad9da98edefeab.jpg
2026-03-18 13:17:02.301 | INFO     | node_md_img.py      :upload_to_minio:307  - 图片上传成功，访问URL：http://47.94.86.115:9000/knowledge-base-files/upload-images/hak180产品安全手册/66ee4447cdd36e786369677a3a3aa8c36cedbfd2cdc10dde42ad9da98edefeab.jpg
2026-03-18 13:17:02.302 | INFO     | node_md_img.py      :upload_images_batch:267  - 图片批量上传完成，成功上传7/7张图片
2026-03-18 13:17:02.303 | INFO     | node_md_img.py      :merge_summary_and_url:325  - 图片摘要与URL合并完成，有效图片信息7条
2026-03-18 13:17:02.304 | INFO     | node_md_img.py      :process_md_file:351  - MD文件图片引用替换完成，共替换7处图片引用
2026-03-18 13:17:02.306 | INFO     | node_md_img.py      :step_5_backup_new_md_file:400  - 处理后MD文件已保存，新文件路径：C:\Users\admin\PycharmProjects\PythonProject16\output\hak180产品安全手册\hak180产品安全手册_new.md
2026-03-18 13:17:02.306 | INFO     | node_md_img.py      :node_md_img    :451  - MD图片处理完成，新文件已保存：C:\Users\admin\PycharmProjects\PythonProject16\output\hak180产品安全手册\hak180产品安全手册_new.md
2026-03-18 13:17:02.308 | INFO     | 05-test-main-graph.py:<module>       :43   - ✅ 节点执行完成：md_content
2026-03-18 13:17:02.308 | INFO     | node_document_split.py:node_document_split:348  - >>> 开始执行核心节点：【文档切分】node_document_split
2026-03-18 13:17:02.309 | INFO     | node_document_split.py:step_1_get_inputs:45   - 步骤1：输入数据加载完成，文件标题：hak180产品安全手册，最大Chunk长度：2000
2026-03-18 13:17:02.310 | INFO     | node_document_split.py:step_2_split_by_titles:107  - 步骤2：MD标题切分完成，识别到19个有效标题，原始文本共139行
2026-03-18 13:17:02.311 | INFO     | node_document_split.py:step_4_refine_chunks:261  - 步骤4-1：超长章节切分完成，共生成19个初始子Chunk
2026-03-18 13:17:02.312 | INFO     | node_document_split.py:step_4_refine_chunks:265  - 步骤4-2：过短章节合并完成，最终得到6个Chunk
2026-03-18 13:17:02.313 | INFO     | node_document_split.py:step_5_print_stats:291  - -------------------------------------------------- 文档切分统计信息 --------------------------------------------------
2026-03-18 13:17:02.313 | INFO     | node_document_split.py:step_5_print_stats:292  - MD原始文本总行数：139
2026-03-18 13:17:02.314 | INFO     | node_document_split.py:step_5_print_stats:293  - 最终生成Chunk数量：6
2026-03-18 13:17:02.315 | INFO     | node_document_split.py:step_5_print_stats:296  - 首个Chunk标题预览：# HAK 180 烫金机
2026-03-18 13:17:02.316 | INFO     | node_document_split.py:step_5_print_stats:297  - --------------------------------------------------------------------------------------------------------------
2026-03-18 13:17:02.317 | INFO     | node_document_split.py:step_6_backup  :332  - 步骤6：Chunk结果备份成功，备份文件路径：C:\Users\admin\PycharmProjects\PythonProject16\output\chunks.json
2026-03-18 13:17:02.318 | INFO     | node_document_split.py:node_document_split:390  - >>> 核心节点执行完成：【文档切分】node_document_split，已生成6个有效Chunk，结果已写入状态字典
2026-03-18 13:17:02.319 | INFO     | 05-test-main-graph.py:<module>       :43   - ✅ 节点执行完成：chunks
2026-03-18 13:17:02.320 | INFO     | node_item_name_recognition.py:node_item_name_recognition:422  - >>> 开始执行核心节点：【商品名称识别】node_item_name_recognition
2026-03-18 13:17:02.501 | INFO     | node_item_name_recognition.py:step_1_get_inputs:74   - 步骤1：输入校验完成，获取到6个有效文本切片
2026-03-18 13:17:02.502 | INFO     | node_item_name_recognition.py:step_2_build_context:131  - 上下文总字符数即将超限（2500），已停止拼接后续切片
2026-03-18 13:17:02.503 | INFO     | node_item_name_recognition.py:step_2_build_context:138  - 步骤2：上下文构建完成，最终长度2500字符
2026-03-18 13:17:02.504 | INFO     | node_item_name_recognition.py:step_3_call_llm:160  - 开始执行步骤3：调用大模型识别商品名称
2026-03-18 13:17:02.506 | INFO     | lm_utils.py         :get_llm_client :44   - [LLM客户端] 开始初始化新实例：模型=qwen-flash，JSON模式=False
2026-03-18 13:17:02.507 | INFO     | lm_utils.py         :get_llm_client :71   - [LLM客户端] 实例初始化成功并缓存：模型=qwen-flash，JSON模式=False
2026-03-18 13:17:02.824 | INFO     | node_item_name_recognition.py:step_3_call_llm:198  - 步骤3：大模型识别商品名称成功，结果为：HAK180烫金机
2026-03-18 13:17:02.824 | INFO     | node_item_name_recognition.py:step_4_update_chunks:228  - 步骤4：商品名称回填完成，共为6个切片添加item_name字段，值为：HAK180烫金机
2026-03-18 13:17:02.825 | INFO     | node_item_name_recognition.py:step_5_generate_vectors:243  - 开始执行步骤5：为商品名称[HAK180烫金机]生成BGE-M3双向量
2026-03-18 13:17:02.826 | INFO     | embedding_utils.py  :generate_embeddings:63   - 开始为1条文本生成混合向量嵌入
2026-03-18 13:17:02.827 | INFO     | embedding_utils.py  :get_bge_m3_ef  :26   - 开始初始化BGE-M3模型
2026-03-18 13:17:04.873 | SUCCESS  | embedding_utils.py  :get_bge_m3_ef  :44   - BGE-M3模型初始化成功，已开启原生L2归一化
2026-03-18 13:17:05.352 | SUCCESS  | embedding_utils.py  :generate_embeddings:91   - 1条文本向量生成完成，格式已适配工业级使用
2026-03-18 13:17:05.353 | INFO     | node_item_name_recognition.py:step_5_generate_vectors:260  - 步骤5：BGE-M3稠密+稀疏向量生成成功
2026-03-18 13:17:05.354 | INFO     | node_item_name_recognition.py:step_6_save_to_milvus:299  - 开始执行步骤6：将商品名称[HAK180烫金机]保存到Milvus集合[kb_item_names]
2026-03-18 13:17:05.438 | INFO     | milvus_utils.py     :get_milvus_client:27   - Milvus客户端连接成功
2026-03-18 13:17:05.902 | INFO     | node_item_name_recognition.py:step_6_save_to_milvus:384  - Milvus幂等性处理完成，已删除集合中[HAK180烫金机]的历史数据
2026-03-18 13:17:05.949 | INFO     | node_item_name_recognition.py:step_6_save_to_milvus:405  - 步骤6：商品名称[HAK180烫金机]成功存入Milvus集合[kb_item_names]，数据：['file_title', 'item_name', 'dense_vector', 'sparse_vector']
2026-03-18 13:17:05.950 | INFO     | node_item_name_recognition.py:node_item_name_recognition:461  - >>> 核心节点执行完成：【商品名称识别】node_item_name_recognition，识别结果：HAK180烫金机，已存入Milvus
2026-03-18 13:17:05.952 | INFO     | 05-test-main-graph.py:<module>       :43   - ✅ 节点执行完成：item_name
2026-03-18 13:17:05.953 | INFO     | node_bge_embedding.py:node_bge_embedding:39   - >>> 开始执行LangGraph节点：node_bge_embedding
2026-03-18 13:17:05.953 | INFO     | node_bge_embedding.py:node_bge_embedding:43   - --- BGE-M3 文本向量化处理启动 ---
2026-03-18 13:17:05.955 | INFO     | node_bge_embedding.py:step_1_validate_input:86   - 向量化输入校验通过，待处理文本切片数量：6
2026-03-18 13:17:05.955 | INFO     | node_bge_embedding.py:step_2_init_model:107  - BGE-M3模型实例初始化成功（单例模式）
2026-03-18 13:17:05.956 | INFO     | embedding_utils.py  :generate_embeddings:63   - 开始为5条文本生成混合向量嵌入
2026-03-18 13:17:10.629 | SUCCESS  | embedding_utils.py  :generate_embeddings:91   - 5条文本向量生成完成，格式已适配工业级使用
2026-03-18 13:17:10.630 | INFO     | node_bge_embedding.py:step_3_generate_embeddings:176  - 第1-5条切片：双向量生成成功
2026-03-18 13:17:10.631 | INFO     | embedding_utils.py  :generate_embeddings:63   - 开始为1条文本生成混合向量嵌入
2026-03-18 13:17:11.684 | SUCCESS  | embedding_utils.py  :generate_embeddings:91   - 1条文本向量生成完成，格式已适配工业级使用
2026-03-18 13:17:11.685 | INFO     | node_bge_embedding.py:step_3_generate_embeddings:176  - 第6-6条切片：双向量生成成功
2026-03-18 13:17:11.686 | INFO     | node_bge_embedding.py:node_bge_embedding:57   - --- BGE-M3 向量化处理完成，共处理 6 条文本切片 ---
2026-03-18 13:17:11.688 | INFO     | 05-test-main-graph.py:<module>       :43   - ✅ 节点执行完成：item_name
2026-03-18 13:17:11.689 | INFO     | node_import_milvus.py:node_import_milvus:45   - >>> 开始执行LangGraph节点：node_import_milvus（Milvus切片数据入库）
2026-03-18 13:17:11.690 | INFO     | node_import_milvus.py:node_import_milvus:48   - --- Milvus切片数据入库流程启动 ---
2026-03-18 13:17:11.691 | INFO     | node_import_milvus.py:step_1_check_input:102  - Milvus入库校验通过，待入库切片数：6 | 向量维度：1024 | 商品名称：HAK180烫金机
2026-03-18 13:17:11.692 | INFO     | node_import_milvus.py:step_2_prepare_collection:184  - 开始准备Milvus环境，目标集合：kb_chunks
2026-03-18 13:17:11.702 | INFO     | node_import_milvus.py:step_2_prepare_collection:200  - Milvus集合kb_chunks已存在，直接复用
2026-03-18 13:17:11.715 | INFO     | node_import_milvus.py:_clear_chunks_by_item_name:266  - Milvus幂等性清理：开始删除集合kb_chunks中item_name=HAK180烫金机的旧数据
2026-03-18 13:17:12.628 | INFO     | node_import_milvus.py:_clear_chunks_by_item_name:278  - Milvus幂等性清理完成：成功删除item_name=HAK180烫金机的旧数据
2026-03-18 13:17:12.629 | INFO     | node_import_milvus.py:step_4_insert_data:304  - Milvus数据插入：准备6条切片数据，开始批量插入
2026-03-18 13:17:12.675 | INFO     | node_import_milvus.py:step_4_insert_data:308  - Milvus数据插入完成：成功插入6条数据，插入结果：{'insert_count': 6, 'ids': [464837176358006543, 464837176358006544, 464837176358006545, 464837176358006546, 464837176358006547, 464837176358006548]}
2026-03-18 13:17:12.676 | INFO     | node_import_milvus.py:step_4_insert_data:313  - Milvus主键回填：开始将6个自增chunk_id回填到切片
2026-03-18 13:17:12.677 | INFO     | node_import_milvus.py:step_4_insert_data:316  - Milvus主键回填完成：所有切片已绑定chunk_id
2026-03-18 13:17:12.678 | INFO     | node_import_milvus.py:node_import_milvus:62   - --- Milvus切片数据入库流程完成 ---
2026-03-18 13:17:12.679 | INFO     | 05-test-main-graph.py:<module>       :43   - ✅ 节点执行完成：item_name
2026-03-18 13:17:12.679 | INFO     | 05-test-main-graph.py:<module>       :48   - --------------------------------------------------------------------------------
2026-03-18 13:17:12.680 | INFO     | 05-test-main-graph.py:<module>       :49   - ===== 全流程测试执行成功，核心结果预览 =====
2026-03-18 13:17:12.681 | INFO     | 05-test-main-graph.py:<module>       :59   - 📄 PDF转MD内容预览（前150字符）：# HAK 180 烫金机

# 产品安全手册（简体中文）

感谢您购买 HAK 180 烫金机。

在使用本设备之前，请先阅读本手册，包括所有预防措施。阅读本手册后，请妥善保管。

有关使用本设备的更多信息，请参阅使用说明书，其可在兄弟 (中国)商业有限公司技术服务支持网站 http://www....
2026-03-18 13:17:12.681 | INFO     | 05-test-main-graph.py:<module>       :60   - 📝 文档切分总切片数：6
2026-03-18 13:17:12.682 | INFO     | 05-test-main-graph.py:<module>       :61   - 🔍 所有切片是否完成向量化：是
2026-03-18 13:17:12.682 | INFO     | 05-test-main-graph.py:<module>       :62   - 🗄️  所有切片是否完成Milvus入库（含chunk_id）：是
2026-03-18 13:17:12.683 | INFO     | 05-test-main-graph.py:<module>       :63   - 🧠 知识图谱导入ID：未生成
2026-03-18 13:17:12.683 | INFO     | 05-test-main-graph.py:<module>       :64   - 📂 最终状态包含的核心键：['task_id', 'is_md_read_enabled', 'is_pdf_read_enabled', 'local_dir', 'local_file_path', 'file_title', 'pdf_path', 'md_path', 'md_content', 'chunks', 'item_name']
2026-03-18 13:17:12.684 | INFO     | 05-test-main-graph.py:<module>       :65   - --------------------------------------------------------------------------------
2026-03-18 13:17:12.684 | INFO     | 05-test-main-graph.py:<module>       :70   - ===== 知识图谱导入全流程测试结束 =====
2026-03-18 13:34:17.904 | INFO     | minio_utils.py      :<module>       :29   - MinIO存储桶[knowledge-base-files]已存在，无需重复创建
2026-03-18 13:34:18.054 | INFO     | minio_utils.py      :<module>       :42   - MinIO存储桶[knowledge-base-files]已配置公网只读策略，支持匿名URL访问
2026-03-18 13:34:38.247 | INFO     | file_import_service.py:<module>       :234  - File Import Service 服务启动中...
2026-03-18 13:35:41.253 | INFO     | minio_utils.py      :<module>       :29   - MinIO存储桶[knowledge-base-files]已存在，无需重复创建
2026-03-18 13:35:41.396 | INFO     | minio_utils.py      :<module>       :42   - MinIO存储桶[knowledge-base-files]已配置公网只读策略，支持匿名URL访问
2026-03-18 13:35:49.994 | INFO     | file_import_service.py:<module>       :234  - File Import Service 服务启动中...
2026-03-18 13:36:44.707 | INFO     | file_import_service.py:get_import_page:53   - 前端页面访问，文件绝对路径：C:\Users\admin\PycharmProjects\PythonProject16\app\import_process\page\import.html
2026-03-18 13:37:19.211 | INFO     | file_import_service.py:upload_files   :140  - [7f53a942-8d77-4827-9f9f-a1ea4bce5644] 开始处理上传文件，文件名：hl3040网络说明书.pdf，文件类型：application/pdf
2026-03-18 13:37:19.223 | INFO     | file_import_service.py:upload_files   :154  - [7f53a942-8d77-4827-9f9f-a1ea4bce5644] 文件已保存至本地，路径：C:\Users\admin\PycharmProjects\PythonProject16\output\20260318\7f53a942-8d77-4827-9f9f-a1ea4bce5644\hl3040网络说明书.pdf
2026-03-18 13:37:19.484 | INFO     | file_import_service.py:upload_files   :178  - [7f53a942-8d77-4827-9f9f-a1ea4bce5644] 文件已成功上传至MinIO，桶名：knowledge-base-files，对象名：pdf_files/20260318/hl3040网络说明书.pdf
2026-03-18 13:37:19.493 | INFO     | file_import_service.py:upload_files   :188  - [7f53a942-8d77-4827-9f9f-a1ea4bce5644] 已将LangGraph全流程加入后台任务，任务已启动
2026-03-18 13:37:19.500 | INFO     | file_import_service.py:upload_files   :191  - 多文件上传处理完毕，共处理1个文件，生成TaskID列表：['7f53a942-8d77-4827-9f9f-a1ea4bce5644']
2026-03-18 13:37:19.511 | INFO     | file_import_service.py:run_graph_task :85   - [7f53a942-8d77-4827-9f9f-a1ea4bce5644] 开始执行LangGraph全流程，本地文件路径：C:\Users\admin\PycharmProjects\PythonProject16\output\20260318\7f53a942-8d77-4827-9f9f-a1ea4bce5644\hl3040网络说明书.pdf
2026-03-18 13:37:19.587 | INFO     | node_entry.py       :node_entry     :37   - 【node_entry】文件类型校验通过：C:\Users\admin\PycharmProjects\PythonProject16\output\20260318\7f53a942-8d77-4827-9f9f-a1ea4bce5644\hl3040网络说明书.pdf → PDF格式，开启PDF解析流程
2026-03-18 13:37:19.622 | INFO     | node_entry.py       :node_entry     :50   - 【node_entry】文件业务标识提取完成：file_title = hl3040网络说明书
2026-03-18 13:37:19.627 | INFO     | file_import_service.py:run_graph_task :97   - [7f53a942-8d77-4827-9f9f-a1ea4bce5644] LangGraph节点执行完成：node_entry
2026-03-18 13:37:19.631 | INFO     | node_pdf_to_md.py   :step_2_upload_and_poll:68   - [配置校验] MinerU基础配置加载成功，开始处理文件：hl3040网络说明书.pdf
2026-03-18 13:37:20.211 | INFO     | node_pdf_to_md.py   :step_2_upload_and_poll:96   - [获取上传链接] 成功，batch_id：31538789-e476-4e94-8817-968360d2112a，上传链接已生成
2026-03-18 13:37:20.216 | INFO     | node_pdf_to_md.py   :step_2_upload_and_poll:99   - [文件上传] 开始读取PDF文件：hl3040网络说明书.pdf
2026-03-18 13:37:21.059 | INFO     | node_pdf_to_md.py   :step_2_upload_and_poll:118  - [文件上传] 成功，文件hl3040网络说明书.pdf已存入云存储
2026-03-18 13:37:21.064 | INFO     | node_pdf_to_md.py   :step_2_upload_and_poll:130  - [任务轮询] 开始监控任务状态，batch_id：31538789-e476-4e94-8817-968360d2112a，最大超时：600s
2026-03-18 13:37:21.526 | INFO     | file_import_service.py:get_task_progress:223  - [7f53a942-8d77-4827-9f9f-a1ea4bce5644] 任务状态查询，当前状态：processing，已完成节点：['开始上传文件', '检查文件']
2026-03-18 13:37:23.515 | INFO     | file_import_service.py:get_task_progress:223  - [7f53a942-8d77-4827-9f9f-a1ea4bce5644] 任务状态查询，当前状态：processing，已完成节点：['开始上传文件', '检查文件']
2026-03-18 13:37:25.226 | INFO     | node_pdf_to_md.py   :step_2_upload_and_poll:171  - [任务轮询] 解析任务完成！总耗时：3s，batch_id：31538789-e476-4e94-8817-968360d2112a
2026-03-18 13:37:25.229 | INFO     | node_pdf_to_md.py   :step_2_upload_and_poll:175  - [任务轮询] 结果ZIP包下载链接：https://cdn-mineru.openxlab.org.cn/pdf/2026-03-16/1ed6de67-2914-4917-b47e-57642836052d.zip...
2026-03-18 13:37:25.235 | INFO     | node_pdf_to_md.py   :step_3_download_and_extract:197  - ===== 开始处理[hl3040网络说明书]的MinerU解析结果 =====
2026-03-18 13:37:25.238 | INFO     | node_pdf_to_md.py   :step_3_download_and_extract:200  - [步骤1/4] 开始下载ZIP包，链接：https://cdn-mineru.openxlab.org.cn/pdf/2026-03-16/1ed6de67-2914-4917-b47e-57642836052d.zip...
2026-03-18 13:37:25.513 | INFO     | file_import_service.py:get_task_progress:223  - [7f53a942-8d77-4827-9f9f-a1ea4bce5644] 任务状态查询，当前状态：processing，已完成节点：['开始上传文件', '检查文件']
2026-03-18 13:37:26.331 | INFO     | node_pdf_to_md.py   :step_3_download_and_extract:209  - [步骤1/4] ZIP包下载成功，保存路径：C:\Users\admin\PycharmProjects\PythonProject16\output\20260318\7f53a942-8d77-4827-9f9f-a1ea4bce5644\hl3040网络说明书_result.zip
2026-03-18 13:37:26.335 | INFO     | node_pdf_to_md.py   :step_3_download_and_extract:212  - [步骤2/4] 开始解压ZIP包...
2026-03-18 13:37:26.532 | INFO     | node_pdf_to_md.py   :step_3_download_and_extract:230  - [步骤2/4] ZIP包解压完成，解压目录：C:\Users\admin\PycharmProjects\PythonProject16\output\20260318\7f53a942-8d77-4827-9f9f-a1ea4bce5644\hl3040网络说明书
2026-03-18 13:37:26.537 | INFO     | node_pdf_to_md.py   :step_3_download_and_extract:233  - [步骤3/4] 开始查找解压目录中的MD文件...
2026-03-18 13:37:26.543 | INFO     | node_pdf_to_md.py   :step_3_download_and_extract:237  - [步骤3/4] 共找到1个MD文件，按优先级匹配目标文件
2026-03-18 13:37:26.546 | INFO     | node_pdf_to_md.py   :step_3_download_and_extract:252  - [步骤4/4] 匹配到优先级2目标：MinerU默认文件 full.md
2026-03-18 13:37:26.550 | INFO     | node_pdf_to_md.py   :step_3_download_and_extract:261  - [步骤4/4] 开始重命名MD文件，统一为PDF同名：hl3040网络说明书.md
2026-03-18 13:37:26.556 | INFO     | node_pdf_to_md.py   :step_3_download_and_extract:268  - [步骤4/4] MD文件重命名成功：hl3040网络说明书.md
2026-03-18 13:37:26.559 | INFO     | node_pdf_to_md.py   :step_3_download_and_extract:274  - ===== [hl3040网络说明书]解析结果处理完成，最终MD文件路径：C:\Users\admin\PycharmProjects\PythonProject16\output\20260318\7f53a942-8d77-4827-9f9f-a1ea4bce5644\hl3040网络说明书\hl3040网络说明书.md =====
2026-03-18 13:37:26.564 | INFO     | node_pdf_to_md.py   :node_pdf_to_md :307  - 【node_pdf_to_md】MD文件生成成功，路径：C:\Users\admin\PycharmProjects\PythonProject16\output\20260318\7f53a942-8d77-4827-9f9f-a1ea4bce5644\hl3040网络说明书\hl3040网络说明书.md
2026-03-18 13:37:26.575 | INFO     | node_pdf_to_md.py   :node_pdf_to_md :317  - 【node_pdf_to_md】节点执行完成，更新后工作流状态键：['task_id', 'is_md_read_enabled', 'is_pdf_read_enabled', 'is_normal_split_enabled', 'is_silicon_flow_api_enabled', 'is_advanced_split_enabled', 'is_vllm_enabled', 'local_dir', 'local_file_path', 'file_title', 'pdf_path', 'md_path', 'split_path', 'embeddings_path', 'md_content', 'chunks', 'item_name', 'embeddings_content']
2026-03-18 13:37:26.581 | INFO     | file_import_service.py:run_graph_task :97   - [7f53a942-8d77-4827-9f9f-a1ea4bce5644] LangGraph节点执行完成：node_pdf_to_md
2026-03-18 13:37:26.584 | INFO     | node_md_img.py      :step_2_scan_images:121  - 图片加入待处理列表：001a81a72e5475fbc7db4c1f0d9c5a399ddddcb225e3407a66d6a9eef3298ff6.jpg
2026-03-18 13:37:26.589 | INFO     | node_md_img.py      :step_2_scan_images:121  - 图片加入待处理列表：00507441b018af0c0296e4c03d3f6ae6832cdf853c421ce2967e593c4de9adad.jpg
2026-03-18 13:37:26.593 | INFO     | node_md_img.py      :step_2_scan_images:121  - 图片加入待处理列表：00eb76def1e7b2d12e18f7055f26c8b62b36b9deb81f094fd8d65be8352f69e4.jpg
2026-03-18 13:37:26.597 | INFO     | node_md_img.py      :step_2_scan_images:121  - 图片加入待处理列表：02b07c798595cd5d16f556447dbf8aa092953531d3185dedbf38fc48b5be65bc.jpg
2026-03-18 13:37:26.601 | INFO     | node_md_img.py      :step_2_scan_images:121  - 图片加入待处理列表：03f77fa267a5603784c746f91315aebc952870991ce3594fdf60273b392aef7e.jpg
2026-03-18 13:37:26.605 | WARNING  | node_md_img.py      :step_2_scan_images:117  - 图片未在MD中引用，跳过处理：040369f336a7a40afb1bb8bdc7df62f2da891b7f0cb6cc44c58b12cc3ca6c792.jpg
2026-03-18 13:37:26.608 | INFO     | node_md_img.py      :step_2_scan_images:121  - 图片加入待处理列表：0c234f4da3455c69ce210acd205686e933fed555c15b9062ea683664cd9dd4c2.jpg
2026-03-18 13:37:26.613 | INFO     | node_md_img.py      :step_2_scan_images:121  - 图片加入待处理列表：0c541cce7649b5fc7d7ac24b19151df2f6a876c04d86041fe101ea7774ea931a.jpg
2026-03-18 13:37:26.618 | INFO     | node_md_img.py      :step_2_scan_images:121  - 图片加入待处理列表：0d12d3b696783a937c4f4dde31035b5c77d1bb15006610828778a7451a1b6067.jpg
2026-03-18 13:37:26.622 | INFO     | node_md_img.py      :step_2_scan_images:121  - 图片加入待处理列表：0d3928b5d33c6d6545761ca35cde01e1aab60a09bb36cd6082bf38ab43074f4d.jpg
2026-03-18 13:37:26.626 | INFO     | node_md_img.py      :step_2_scan_images:121  - 图片加入待处理列表：0e675d97e14c4c0acdc18a38b933f86d7f99ec799c0156c68438182c2983a3a5.jpg
2026-03-18 13:37:26.631 | INFO     | node_md_img.py      :step_2_scan_images:121  - 图片加入待处理列表：0f94c909d821c911cfcb34ab5e5bb980e5bfbe41d6031830449164ce2511dd1d.jpg
2026-03-18 13:37:26.636 | INFO     | node_md_img.py      :step_2_scan_images:121  - 图片加入待处理列表：0fb3a8a5de61d31ee8071191f39c5b3016d26af11d67aa73b7b7cf943c6c8380.jpg
2026-03-18 13:37:26.640 | INFO     | node_md_img.py      :step_2_scan_images:121  - 图片加入待处理列表：1003179e902097aae8e1a42ab3d439e8f74e84dc0983bc0956a967e2f6b9476e.jpg
2026-03-18 13:37:26.644 | INFO     | node_md_img.py      :step_2_scan_images:121  - 图片加入待处理列表：12441559dd8669421693155f0f5afb239ac6925a390a8fb34b435143f8154e18.jpg
2026-03-18 13:37:26.649 | INFO     | node_md_img.py      :step_2_scan_images:121  - 图片加入待处理列表：1883c6ded572b48790ad369ae62c617bcb7d4d3f77850946773b0111a5293a2b.jpg
2026-03-18 13:37:26.653 | INFO     | node_md_img.py      :step_2_scan_images:121  - 图片加入待处理列表：18a9e17217abbd9e12634726ff6d2d9af6430fa343a7e0167db1a409d6b9795b.jpg
2026-03-18 13:37:26.657 | INFO     | node_md_img.py      :step_2_scan_images:121  - 图片加入待处理列表：1b3aed721806663b2c70555869ed1803ea92cc2607798ee24ab7e0ff9c6281bf.jpg
2026-03-18 13:37:26.662 | INFO     | node_md_img.py      :step_2_scan_images:121  - 图片加入待处理列表：1be5607a8a26e31df40279ad74eff9a68c6570e424c6016e41002ac52bf95130.jpg
2026-03-18 13:37:26.666 | INFO     | node_md_img.py      :step_2_scan_images:121  - 图片加入待处理列表：1c9b23bb2861016a5652435383cb0e39653f8812296c7ed96920cfa9c2aeba87.jpg
2026-03-18 13:37:26.670 | INFO     | node_md_img.py      :step_2_scan_images:121  - 图片加入待处理列表：1dc99f71783d63d5e05a782dc6e0621f4aade8dbdddcde195d74b22d81382a42.jpg
2026-03-18 13:37:26.673 | INFO     | node_md_img.py      :step_2_scan_images:121  - 图片加入待处理列表：1f031f89a950ef145e972ea2b35c75286d2a7e1105ba6f47206803355bcd3516.jpg
2026-03-18 13:37:26.678 | INFO     | node_md_img.py      :step_2_scan_images:121  - 图片加入待处理列表：1fa2010d51ad267fefb281191706d79506faebe3a5dbf8cb325860e9e74666f2.jpg
2026-03-18 13:37:26.683 | INFO     | node_md_img.py      :step_2_scan_images:121  - 图片加入待处理列表：20d6950d9f386f1bb2e9033c71ee4fb2fc77859ad1f44b9a3426276d76eeeca2.jpg
2026-03-18 13:37:26.687 | INFO     | node_md_img.py      :step_2_scan_images:121  - 图片加入待处理列表：22811ddc91eb3692b92d6c530ccc7ee7b945f7166525f1064fe59b5f3f824c69.jpg
2026-03-18 13:37:26.691 | INFO     | node_md_img.py      :step_2_scan_images:121  - 图片加入待处理列表：22e461f46f9a0934dabd985f3b0ae6d6d60702de700609abdab044e517e6f030.jpg
2026-03-18 13:37:26.696 | INFO     | node_md_img.py      :step_2_scan_images:121  - 图片加入待处理列表：24f90010f9e301141a1027a1eee0d7cf8e786c0b4ae4cdf7d41dd49bb594bdde.jpg
2026-03-18 13:37:26.699 | INFO     | node_md_img.py      :step_2_scan_images:121  - 图片加入待处理列表：25a530eaf55c359449f85d9c7fcbb02f5a6311ca4a3ffeee58da5e5d2b332bcb.jpg
2026-03-18 13:37:26.703 | INFO     | node_md_img.py      :step_2_scan_images:121  - 图片加入待处理列表：27be04cda03383ea021c6fb3a8b0fb8057854d2260042c1b21346b3df3cf1b33.jpg
2026-03-18 13:37:26.705 | INFO     | node_md_img.py      :step_2_scan_images:121  - 图片加入待处理列表：2825f236214232dafb67340e8a7b5cb62f49584105dc233bada04db28b6c690f.jpg
2026-03-18 13:37:26.710 | INFO     | node_md_img.py      :step_2_scan_images:121  - 图片加入待处理列表：29635c62c655ffa3846c476a8ba4aa424042b1b8d9a2d32d6b398de33538be47.jpg
2026-03-18 13:37:26.715 | INFO     | node_md_img.py      :step_2_scan_images:121  - 图片加入待处理列表：2b4b516840d949b9e728fb0efd2fcb6f1d7eb3dd00aab2975f95dc97473eec5c.jpg
2026-03-18 13:37:26.718 | INFO     | node_md_img.py      :step_2_scan_images:121  - 图片加入待处理列表：2d28c8d6602870b5211b6485bc72ba8fd62bf2d79597f7fc04272c755ba2db19.jpg
2026-03-18 13:37:26.722 | INFO     | node_md_img.py      :step_2_scan_images:121  - 图片加入待处理列表：31449a32f6261f53ccde58abddc21145cc18bd76d6c8efc0f3d34e390be25e84.jpg
2026-03-18 13:37:26.727 | INFO     | node_md_img.py      :step_2_scan_images:121  - 图片加入待处理列表：314a9b6a5098f2ba14a5666531eb32d259cadfb46b5e0d7e188513b149c5fcbf.jpg
2026-03-18 13:37:26.730 | INFO     | node_md_img.py      :step_2_scan_images:121  - 图片加入待处理列表：32f945f12816d9ac7d5b729029d1bb7ae4916aa2978bc3d4581415ed4b226153.jpg
2026-03-18 13:37:26.735 | INFO     | node_md_img.py      :step_2_scan_images:121  - 图片加入待处理列表：336b2488ccd060ddd866f8d5a1e58e14a021d0f7e239af6f3d7f00307ea77c2e.jpg
2026-03-18 13:37:26.739 | INFO     | node_md_img.py      :step_2_scan_images:121  - 图片加入待处理列表：33adb8d76306936ec87113eaf687621621ac2daae6c81abd03f33ea2607cf3c5.jpg
2026-03-18 13:37:26.743 | INFO     | node_md_img.py      :step_2_scan_images:121  - 图片加入待处理列表：35c4baac7bade73e2395888ba581113b3713cae4dba01e2ed0a12c84ce9a541d.jpg
2026-03-18 13:37:26.749 | INFO     | node_md_img.py      :step_2_scan_images:121  - 图片加入待处理列表：36a435af66b1267fdd3d5851120274462ec81686972ca0a4ce158bd08696fbd4.jpg
2026-03-18 13:37:26.754 | INFO     | node_md_img.py      :step_2_scan_images:121  - 图片加入待处理列表：36bad3c7e073bf2f31a802a63e75a04ab5d375f2a6e50e4cd69cedf8cba1deee.jpg
2026-03-18 13:37:26.759 | INFO     | node_md_img.py      :step_2_scan_images:121  - 图片加入待处理列表：3ab065ca5f39b92983a02d2bb897c6ce984cd30f753ff5c202dc17ed07797411.jpg
2026-03-18 13:37:26.763 | INFO     | node_md_img.py      :step_2_scan_images:121  - 图片加入待处理列表：3adf4a4f4a95257b1056cb22a29476a6b989a4689da1bda25189f827dffdd95d.jpg
2026-03-18 13:37:26.767 | INFO     | node_md_img.py      :step_2_scan_images:121  - 图片加入待处理列表：3b2778eb08d61f2c133ce387efc531151706b8e677146c91c8843dc00f79e99c.jpg
2026-03-18 13:37:26.773 | INFO     | node_md_img.py      :step_2_scan_images:121  - 图片加入待处理列表：3bc91387cf8783f82abea6a7daecde37f6dde3a5c411967a9745046b0eed4f3d.jpg
2026-03-18 13:37:26.777 | INFO     | node_md_img.py      :step_2_scan_images:121  - 图片加入待处理列表：3d1a387c4d97ebd19976c80b35f4e9acfb75fd89eae3fbc6f2a5e488a853250e.jpg
2026-03-18 13:37:26.782 | INFO     | node_md_img.py      :step_2_scan_images:121  - 图片加入待处理列表：3e47e820c5be2d8e829982a229654ed996355e222360799a2af91ecb14fb0790.jpg
2026-03-18 13:37:26.787 | INFO     | node_md_img.py      :step_2_scan_images:121  - 图片加入待处理列表：3f093688f0b20c6943d7cd12b6f782f80bcc4be54fd4c78acf9e75fb91ca31c9.jpg
2026-03-18 13:37:26.793 | INFO     | node_md_img.py      :step_2_scan_images:121  - 图片加入待处理列表：4048df6e46b06049e9253ee6d2684df10c317f1bc87df81bbc75689dd3cd1446.jpg
2026-03-18 13:37:26.797 | INFO     | node_md_img.py      :step_2_scan_images:121  - 图片加入待处理列表：421f81109f141a2eae6a48d789f07bd3b0945b7b71c342f7072dc6d1202b676b.jpg
2026-03-18 13:37:26.802 | INFO     | node_md_img.py      :step_2_scan_images:121  - 图片加入待处理列表：42382376a0700800bdbb58469e6418fcada90e711162a057aed8f46f247881e6.jpg
2026-03-18 13:37:26.807 | INFO     | node_md_img.py      :step_2_scan_images:121  - 图片加入待处理列表：438c8ff80ebccb1499ba32d96cd43d0c07dc42f12d42f01822a1299bb7f5ec1d.jpg
2026-03-18 13:37:26.812 | INFO     | node_md_img.py      :step_2_scan_images:121  - 图片加入待处理列表：43c195045bb57c0d4bd1266a99a1db0a783d66ba68975eaf122eb5c78a775121.jpg
2026-03-18 13:37:26.816 | INFO     | node_md_img.py      :step_2_scan_images:121  - 图片加入待处理列表：4415d08aae1b2d21e69d0073fad158788978cf286a8d5da216292f9a1e1a88e8.jpg
2026-03-18 13:37:26.822 | INFO     | node_md_img.py      :step_2_scan_images:121  - 图片加入待处理列表：45106a8ad3ef37c66f84cb694f0cf4bd4ef108c51994275827843971e2a08810.jpg
2026-03-18 13:37:26.827 | INFO     | node_md_img.py      :step_2_scan_images:121  - 图片加入待处理列表：4542622d899002b6a726829923462778187b3d7d94c3acbae3c692f9775e99f5.jpg
2026-03-18 13:37:26.832 | INFO     | node_md_img.py      :step_2_scan_images:121  - 图片加入待处理列表：45c3e03f32350afa48009f34ac5ba02dc538adda29fbfcbf77f2a8ea531ce3ab.jpg
2026-03-18 13:37:26.838 | INFO     | node_md_img.py      :step_2_scan_images:121  - 图片加入待处理列表：4627688b527444353c45d890d5e3935094a9bb14f7d45d4a05d7986ddfd217d6.jpg
2026-03-18 13:37:26.842 | INFO     | node_md_img.py      :step_2_scan_images:121  - 图片加入待处理列表：463b34b2569a7b27a54db3f3cf4fbdf77de60889d7479a85103192cabbaad961.jpg
2026-03-18 13:37:26.844 | INFO     | node_md_img.py      :step_2_scan_images:121  - 图片加入待处理列表：489593e2681cd079f98674e6ebf9a750bfa48d329875afa7d7dc009fd43bd6df.jpg
2026-03-18 13:37:26.849 | INFO     | node_md_img.py      :step_2_scan_images:121  - 图片加入待处理列表：49d80fe86f128f8c8a2a967194a529d062e0145ec99ba18c1221f6c459003386.jpg
2026-03-18 13:37:26.853 | INFO     | node_md_img.py      :step_2_scan_images:121  - 图片加入待处理列表：4a691caac993da7e2945ed3024186a05a288dc60680e5e4625111e704c174e14.jpg
2026-03-18 13:37:26.856 | INFO     | node_md_img.py      :step_2_scan_images:121  - 图片加入待处理列表：4d6f69380b333763ffc41a3d5534336f0eac69fde29c62675a3e2c8d4d3477bb.jpg
2026-03-18 13:37:26.862 | INFO     | node_md_img.py      :step_2_scan_images:121  - 图片加入待处理列表：4e114bf8a2542103945bde52249a7ca629631bc88c18827f36647659cf203fee.jpg
2026-03-18 13:37:26.867 | INFO     | node_md_img.py      :step_2_scan_images:121  - 图片加入待处理列表：4eaf24ed1a59938c965f799a0dd69d6f0a578fe6d21b822f0d2acb0ca4fa57bf.jpg
2026-03-18 13:37:26.872 | INFO     | node_md_img.py      :step_2_scan_images:121  - 图片加入待处理列表：4fd1868b0f1d38122b1cbeaac85d66a5745302ae771a35b8cad1d5f59ea70dd3.jpg
2026-03-18 13:37:26.876 | INFO     | node_md_img.py      :step_2_scan_images:121  - 图片加入待处理列表：51e0ec483622ab0a662141f4126f09ac6836f8bc272f0de36189ea64508e86a7.jpg
2026-03-18 13:37:26.881 | INFO     | node_md_img.py      :step_2_scan_images:121  - 图片加入待处理列表：52564a2d3d73ba04868fe45fa2dc1cface510ed23d998c632c54a3088b93bc57.jpg
2026-03-18 13:37:26.885 | INFO     | node_md_img.py      :step_2_scan_images:121  - 图片加入待处理列表：558d492799f8df5dfa5c059a6b707612557efe1ab63edcc34b99d98cca5e603f.jpg
2026-03-18 13:37:26.889 | INFO     | node_md_img.py      :step_2_scan_images:121  - 图片加入待处理列表：55dbff38ff08b5d134712d51fb98bfe6565ac66252290fee758d9bd1ac0e4496.jpg
2026-03-18 13:37:26.893 | WARNING  | node_md_img.py      :step_2_scan_images:117  - 图片未在MD中引用，跳过处理：55fce94cd45e5864e63f3378570dd1754e0972925269d052560b8de0795e34ec.jpg
2026-03-18 13:37:26.896 | INFO     | node_md_img.py      :step_2_scan_images:121  - 图片加入待处理列表：56ab98abfc1688dfb9ae830fc64506d3640d2230b6274cb8c9057fc77e4e7947.jpg
2026-03-18 13:37:26.902 | INFO     | node_md_img.py      :step_2_scan_images:121  - 图片加入待处理列表：584cdd42bcddec0c182302ba82dd84fad0c1969ef45e52608754b83e263c1738.jpg
2026-03-18 13:37:26.905 | INFO     | node_md_img.py      :step_2_scan_images:121  - 图片加入待处理列表：5af26fd7a36fa7d4240fa7dbec91475579d50176a1363423cc142a63cda18ff9.jpg
2026-03-18 13:37:26.909 | INFO     | node_md_img.py      :step_2_scan_images:121  - 图片加入待处理列表：5ba9c12ba8a054f4d2fbc6b6dbe375181971bad97fea516a31eb9c726f79e485.jpg
2026-03-18 13:37:26.913 | INFO     | node_md_img.py      :step_2_scan_images:121  - 图片加入待处理列表：5bffdd8910600a1c1b6138cc49aa10611b7c3c1647771f1d0003a788d2c1b7ec.jpg
2026-03-18 13:37:26.918 | INFO     | node_md_img.py      :step_2_scan_images:121  - 图片加入待处理列表：5c526742fbdd533d8efc07e58a6e2e92d776ff0f6a888c0ecd5cf0c00ae51615.jpg
2026-03-18 13:37:26.923 | INFO     | node_md_img.py      :step_2_scan_images:121  - 图片加入待处理列表：5fac36f0586b9ba5046d51f85ec3052b90cad1e29c89fb412aecddadab7e838c.jpg
2026-03-18 13:37:26.926 | INFO     | node_md_img.py      :step_2_scan_images:121  - 图片加入待处理列表：633aa3539a165cbcdbc36a9e509f5ac54b591a4d897e4bfcd39be44d6cd08123.jpg
2026-03-18 13:37:26.932 | INFO     | node_md_img.py      :step_2_scan_images:121  - 图片加入待处理列表：633ddd08e3c60c02f48acd2b6929d41ab972ffd80f2becad7edb6e986fbdc3db.jpg
2026-03-18 13:37:26.936 | INFO     | node_md_img.py      :step_2_scan_images:121  - 图片加入待处理列表：6386901615450d8407b4afbb398545341825a8f862fbf4a2bd8a76118fcd0236.jpg
2026-03-18 13:37:26.940 | INFO     | node_md_img.py      :step_2_scan_images:121  - 图片加入待处理列表：63c673fe29bce88c8ad78bf1ad572b3c17c666be6a284ee3918db4febb569430.jpg
2026-03-18 13:37:26.944 | INFO     | node_md_img.py      :step_2_scan_images:121  - 图片加入待处理列表：640f6af984be91d99273dbf67021500db0d8d48dbcc82b024622113aadae61ec.jpg
2026-03-18 13:37:26.948 | INFO     | node_md_img.py      :step_2_scan_images:121  - 图片加入待处理列表：644e1bd41aa6b32e86b2b973aa314cfb0ac4498a71a47381b359aa9594accca5.jpg
2026-03-18 13:37:26.952 | INFO     | node_md_img.py      :step_2_scan_images:121  - 图片加入待处理列表：65c9e48bc6096fc8ba85e176dd6502f474b22691df2b90640ba03b6ca8c78621.jpg
2026-03-18 13:37:26.955 | INFO     | node_md_img.py      :step_2_scan_images:121  - 图片加入待处理列表：67338d58cbacad2e28f3df3da8433ff96f468a4763a09681e1868c7a358a5efc.jpg
2026-03-18 13:37:26.961 | INFO     | node_md_img.py      :step_2_scan_images:121  - 图片加入待处理列表：6779915fec21875b84b5e17202069f61317a565d6a9135111b1dde51a32776aa.jpg
2026-03-18 13:37:26.965 | INFO     | node_md_img.py      :step_2_scan_images:121  - 图片加入待处理列表：68c2d34179f34b999e7a6a797c215d895ac49365b95b407eee959cb025b9846c.jpg
2026-03-18 13:37:26.969 | INFO     | node_md_img.py      :step_2_scan_images:121  - 图片加入待处理列表：6a58faf3abf098d1b63b9b5243cc549721c39f273afde06f1d2bde0287cdb321.jpg
2026-03-18 13:37:26.974 | INFO     | node_md_img.py      :step_2_scan_images:121  - 图片加入待处理列表：6a856833a33dfdb5f7d7aa97402ae0491f4a812cc041a7e67486b93afa241116.jpg
2026-03-18 13:37:26.979 | INFO     | node_md_img.py      :step_2_scan_images:121  - 图片加入待处理列表：6af7fe67f71bc5c928fd5f5c1458cfd50daf13b7902ae89eb467d3654916ba0a.jpg
2026-03-18 13:37:26.983 | INFO     | node_md_img.py      :step_2_scan_images:121  - 图片加入待处理列表：6bd34ce757b21edaa375cd433edbe7636fcfba44d441f0b4078cce5d9f47a221.jpg
2026-03-18 13:37:26.988 | INFO     | node_md_img.py      :step_2_scan_images:121  - 图片加入待处理列表：6d0ce415a8ea25845e4ebf5a5023ef341dde1fe1a4d0403dfc7a8558b6462d29.jpg
2026-03-18 13:37:26.992 | WARNING  | node_md_img.py      :step_2_scan_images:117  - 图片未在MD中引用，跳过处理：6e8abaef47b5bbce28d6b01c55e24e35f9418162df174687afab0f3b2c89ea6b.jpg
2026-03-18 13:37:26.997 | INFO     | node_md_img.py      :step_2_scan_images:121  - 图片加入待处理列表：71b05a356d8990af4532f2d2e3f6439c9f8cd6380220c1ba97e0a00d4a4f9376.jpg
2026-03-18 13:37:27.002 | INFO     | node_md_img.py      :step_2_scan_images:121  - 图片加入待处理列表：7700465df827278887a8a1962e621e5c6d482c97eba90aed59d2fe96e672225d.jpg
2026-03-18 13:37:27.008 | INFO     | node_md_img.py      :step_2_scan_images:121  - 图片加入待处理列表：78859b910695ef844b79e797f4e102a83ca67575b540166a92a83d0facbf1412.jpg
2026-03-18 13:37:27.013 | INFO     | node_md_img.py      :step_2_scan_images:121  - 图片加入待处理列表：7958eff349b004a51f33e5c7196f33117e0effecacf4fdab2826b74fc0997609.jpg
2026-03-18 13:37:27.018 | INFO     | node_md_img.py      :step_2_scan_images:121  - 图片加入待处理列表：7ad49c7a8c69c41a43fb479f61c32d6ffd4078ff86de84c44b50afad6ca4ed96.jpg
2026-03-18 13:37:27.022 | INFO     | node_md_img.py      :step_2_scan_images:121  - 图片加入待处理列表：7d4c9e439687f5a1764884ff32f7c0b7f9584c31a277eb4c88d204abc4dcaa7c.jpg
2026-03-18 13:37:27.028 | INFO     | node_md_img.py      :step_2_scan_images:121  - 图片加入待处理列表：7d931bd33bda1a9a84c8980780a64a56823e1fb4db38b78c8b6389c9b44f5470.jpg
2026-03-18 13:37:27.032 | INFO     | node_md_img.py      :step_2_scan_images:121  - 图片加入待处理列表：7e26def3f60a33d3c96d8a4fd7f16a2a2ae979dfe69886276c734a48c19c4914.jpg
2026-03-18 13:37:27.036 | WARNING  | node_md_img.py      :step_2_scan_images:117  - 图片未在MD中引用，跳过处理：7e3f2efd4800cf96fac612c0e690c52c8a8b1ec634b5849e0aee160fc60f7d57.jpg
2026-03-18 13:37:27.042 | INFO     | node_md_img.py      :step_2_scan_images:121  - 图片加入待处理列表：809ca53fa320ac585e0e9f0ab652418135fe3cf05b4d2b6b265a21fecfa22658.jpg
2026-03-18 13:37:27.048 | INFO     | node_md_img.py      :step_2_scan_images:121  - 图片加入待处理列表：80b5b581e94bedf6e5d6f73c3d059b751a078bc5132df62540c392246313a81a.jpg
2026-03-18 13:37:27.053 | INFO     | node_md_img.py      :step_2_scan_images:121  - 图片加入待处理列表：81c1ad89e69e5389252423fcb58b44194149ca784360463d1d3015a92634f1fc.jpg
2026-03-18 13:37:27.058 | INFO     | node_md_img.py      :step_2_scan_images:121  - 图片加入待处理列表：848e950741820ac4c527c8d14d814a6b64f5c579e96faf4aabe67a5a279304a7.jpg
2026-03-18 13:37:27.063 | INFO     | node_md_img.py      :step_2_scan_images:121  - 图片加入待处理列表：85e09e8eb2d38803e192a30334616b8e33de8d7a3cb28c2f6e057bee3bfa000e.jpg
2026-03-18 13:37:27.069 | INFO     | node_md_img.py      :step_2_scan_images:121  - 图片加入待处理列表：861f811de5c658588752676b96a8264c5946113f8ede5b5396bc1f86a05b0f3d.jpg
2026-03-18 13:37:27.074 | INFO     | node_md_img.py      :step_2_scan_images:121  - 图片加入待处理列表：86e22eedc2112bf589bbfc2559231bae4741635e707950d01e7ebefe403497e2.jpg
2026-03-18 13:37:27.078 | INFO     | node_md_img.py      :step_2_scan_images:121  - 图片加入待处理列表：879c8dd9ca9a9cf395a412e8c60541cf11e07c04ab00f1915881ae86af13a165.jpg
2026-03-18 13:37:27.081 | INFO     | node_md_img.py      :step_2_scan_images:121  - 图片加入待处理列表：896ce9943801fcdb09961d83f077d731d888ad58d4bdaae94dd2ffa1f84e01ae.jpg
2026-03-18 13:37:27.086 | WARNING  | node_md_img.py      :step_2_scan_images:117  - 图片未在MD中引用，跳过处理：8970cb7fe93f91bd0e2917cc22e63aac1cf82603e82a6d74f10c5a1282e7e568.jpg
2026-03-18 13:37:27.091 | INFO     | node_md_img.py      :step_2_scan_images:121  - 图片加入待处理列表：8a017d166fbc5121021d0ea27237995b1948fcfea26013877127c8642ba97644.jpg
2026-03-18 13:37:27.096 | INFO     | node_md_img.py      :step_2_scan_images:121  - 图片加入待处理列表：8ad4623ee8c0267bf89274337173a7c7d8054770ac5131cab71756b60e8a32f9.jpg
2026-03-18 13:37:27.100 | INFO     | node_md_img.py      :step_2_scan_images:121  - 图片加入待处理列表：8b2cd96e6fba7b5fa63be9e285d757624b49f8af32551f9209cc5a17e57bd6db.jpg
2026-03-18 13:37:27.105 | WARNING  | node_md_img.py      :step_2_scan_images:117  - 图片未在MD中引用，跳过处理：8d2ba08dd800dee010ae4e9517db8a0ae9171436b48ecea548df0e5c09f53d94.jpg
2026-03-18 13:37:27.108 | INFO     | node_md_img.py      :step_2_scan_images:121  - 图片加入待处理列表：8e3c2f08e61bd8dc4e17b1b316aec9ba11881a4a533a1652cd389f563bacb9f9.jpg
2026-03-18 13:37:27.114 | INFO     | node_md_img.py      :step_2_scan_images:121  - 图片加入待处理列表：9093e495991505d2baf5752e33caf515db7e9df4bf6d35238c100ac333843299.jpg
2026-03-18 13:37:27.118 | INFO     | node_md_img.py      :step_2_scan_images:121  - 图片加入待处理列表：91d3245722788a62c31c5ef31afa0f5fdedd12c1f96368bcad0498473e3b933a.jpg
2026-03-18 13:37:27.122 | INFO     | node_md_img.py      :step_2_scan_images:121  - 图片加入待处理列表：92a78a16d5848a130c471d2112494bf3a7004030087f3ef7a548f99a94d46ba6.jpg
2026-03-18 13:37:27.127 | INFO     | node_md_img.py      :step_2_scan_images:121  - 图片加入待处理列表：937136596eaa7139fc8b20baac7d72965db23b76b1b02fd8f46db5e79002c1e1.jpg
2026-03-18 13:37:27.132 | INFO     | node_md_img.py      :step_2_scan_images:121  - 图片加入待处理列表：93abc97554b4f7475101c045ab4c5aa4e89cb2dd580b5f665cba8028761410f3.jpg
2026-03-18 13:37:27.138 | INFO     | node_md_img.py      :step_2_scan_images:121  - 图片加入待处理列表：93c3f5a0b4f8e38cf88422fc0150460c59a5d03aac7bbcbd0c52ce332412372b.jpg
2026-03-18 13:37:27.141 | INFO     | node_md_img.py      :step_2_scan_images:121  - 图片加入待处理列表：940109f39d8f5cc6833987992287533c7a7e2d261dcb4e6f4191d0031e9c720e.jpg
2026-03-18 13:37:27.146 | INFO     | node_md_img.py      :step_2_scan_images:121  - 图片加入待处理列表：94ea0edb527605c14f6a0e83db5623e5752834fb58945ad3f7f9650822f869a1.jpg
2026-03-18 13:37:27.151 | INFO     | node_md_img.py      :step_2_scan_images:121  - 图片加入待处理列表：9891e8d83b7f33b74ae9ba808bf922bf76d7bde271a0e32b41c5b2f7c679a64b.jpg
2026-03-18 13:37:27.158 | INFO     | node_md_img.py      :step_2_scan_images:121  - 图片加入待处理列表：99788b983647a48477d1cce333970ab40334d667fca47b3d99524a3b25d3b7d1.jpg
2026-03-18 13:37:27.164 | INFO     | node_md_img.py      :step_2_scan_images:121  - 图片加入待处理列表：9a11d9a1b8c2eca8829cdd5188d406aa8f68574221e70fd00a89d70c5710d8f8.jpg
2026-03-18 13:37:27.168 | INFO     | node_md_img.py      :step_2_scan_images:121  - 图片加入待处理列表：9f588024d91aad5eca7c8e832f7d176870c3511536062fc3c3c24274e58da072.jpg
2026-03-18 13:37:27.172 | INFO     | node_md_img.py      :step_2_scan_images:121  - 图片加入待处理列表：9ffcaaf020be1c832dfb1b19ba0c57954fdba0eaccd82970166ae0215c577cd2.jpg
2026-03-18 13:37:27.178 | INFO     | node_md_img.py      :step_2_scan_images:121  - 图片加入待处理列表：a15f2bbd8f179c707e111bacf6b81f5616a40a4dc3ad80063a6f5238a5ad2b20.jpg
2026-03-18 13:37:27.184 | INFO     | node_md_img.py      :step_2_scan_images:121  - 图片加入待处理列表：a1d833d790dd9ab6e1f195b5a2f18b92270ca45bc90b01deea8c6211108887fd.jpg
2026-03-18 13:37:27.189 | INFO     | node_md_img.py      :step_2_scan_images:121  - 图片加入待处理列表：a212c625eab37d62ff1136a3d3da28588be3bbe733660ce7b5f4c233732dc057.jpg
2026-03-18 13:37:27.193 | INFO     | node_md_img.py      :step_2_scan_images:121  - 图片加入待处理列表：a292f5d6551c4000f23ef90f6d3ead4e246135332a75eb855b7fe8c5477c5d7f.jpg
2026-03-18 13:37:27.198 | INFO     | node_md_img.py      :step_2_scan_images:121  - 图片加入待处理列表：a2ae4327d53388b95d7bd5a7434f722fde16deb75654f988fc51632d4047ba65.jpg
2026-03-18 13:37:27.202 | INFO     | node_md_img.py      :step_2_scan_images:121  - 图片加入待处理列表：a2bc39951a98830e77b9e59f86a8fd433d8723c16227d6ad81ef64f7067db7b7.jpg
2026-03-18 13:37:27.206 | WARNING  | node_md_img.py      :step_2_scan_images:117  - 图片未在MD中引用，跳过处理：a53d0592caa015792a82cd698d09aff2381f6f160169fddd12a9c6929a2b3402.jpg
2026-03-18 13:37:27.212 | INFO     | node_md_img.py      :step_2_scan_images:121  - 图片加入待处理列表：a62770ee95933325744b68c0f16b3c62984c9e1055958203fcd6c00426d39ff3.jpg
2026-03-18 13:37:27.214 | INFO     | node_md_img.py      :step_2_scan_images:121  - 图片加入待处理列表：a97f1d4ea18944c2b903fe2e1f8b0c35fa4609d7870ad07d57bb7e770b10c1b4.jpg
2026-03-18 13:37:27.220 | INFO     | node_md_img.py      :step_2_scan_images:121  - 图片加入待处理列表：aa2d0d957f0ccdb9fb34e4301453715f53683413d88363d047747f88a094b0c7.jpg
2026-03-18 13:37:27.225 | INFO     | node_md_img.py      :step_2_scan_images:121  - 图片加入待处理列表：abf64f0c3c8241a61cb3576f9872e7e2dee6753ce0ab17fd0f3509457308c2d5.jpg
2026-03-18 13:37:27.229 | INFO     | node_md_img.py      :step_2_scan_images:121  - 图片加入待处理列表：ad6da86ac36f627349477c2264f382ecd87777f082cb28821ee618f2def94109.jpg
2026-03-18 13:37:27.235 | INFO     | node_md_img.py      :step_2_scan_images:121  - 图片加入待处理列表：ae1b65e9d76512fac75293a26679251bb8f7cb5a7a79b609b95f89afbb083a18.jpg
2026-03-18 13:37:27.238 | INFO     | node_md_img.py      :step_2_scan_images:121  - 图片加入待处理列表：b0afcaf9a7e2d06ee323811c1ccd03c026d20ac22945ce3f8233a6a514579196.jpg
2026-03-18 13:37:27.244 | INFO     | node_md_img.py      :step_2_scan_images:121  - 图片加入待处理列表：b0c660d1d7ba9ed6bb1f52a8d32f72e93dd0ed1b9e47d8c889edb9775018e4ed.jpg
2026-03-18 13:37:27.249 | INFO     | node_md_img.py      :step_2_scan_images:121  - 图片加入待处理列表：b1b976c786c3babafbb75b5c71c84ba351d7d0dae73e8d79743c65b3dbe71447.jpg
2026-03-18 13:37:27.254 | INFO     | node_md_img.py      :step_2_scan_images:121  - 图片加入待处理列表：b1d567ecfb0ae0cc85b33b8d803281412164be73e0933a32f804aca27b31a0fd.jpg
2026-03-18 13:37:27.259 | INFO     | node_md_img.py      :step_2_scan_images:121  - 图片加入待处理列表：b1db68bdf23534205e5c29bedf8ad7f63e04a9a6d5277ca00bfadad6092f2f4d.jpg
2026-03-18 13:37:27.265 | INFO     | node_md_img.py      :step_2_scan_images:121  - 图片加入待处理列表：b22cf227869605aa936d1b8329a9885c87d39bdfa8c48ad6bdaf1a61e955c6e9.jpg
2026-03-18 13:37:27.270 | INFO     | node_md_img.py      :step_2_scan_images:121  - 图片加入待处理列表：b4a01115f4bb5aed1e1e37d315fa66003e4cd50d86b651d664b561534f173c4c.jpg
2026-03-18 13:37:27.275 | INFO     | node_md_img.py      :step_2_scan_images:121  - 图片加入待处理列表：b5bd065fec604268f77cc03f1196dc55f6d07bbd99bf20fd28c1387dcbab9f82.jpg
2026-03-18 13:37:27.279 | INFO     | node_md_img.py      :step_2_scan_images:121  - 图片加入待处理列表：b608256e64bb798d61f452cfc59754414102d75d81e0cd4f3011b1e574b2cb43.jpg
2026-03-18 13:37:27.284 | INFO     | node_md_img.py      :step_2_scan_images:121  - 图片加入待处理列表：baad9fa16f898bd149f0ad7d1e78d2e9be85786b5ab87898e4852744d4152e12.jpg
2026-03-18 13:37:27.289 | INFO     | node_md_img.py      :step_2_scan_images:121  - 图片加入待处理列表：bab02a4891a90d6ab0235eb4104c6b0c6adc47bcae41c6a280f14828f008f951.jpg
2026-03-18 13:37:27.294 | INFO     | node_md_img.py      :step_2_scan_images:121  - 图片加入待处理列表：bb6e2c1642fa4393f6321b1b75db706fd693cc41842f2c1a0fc67b12b9cfc941.jpg
2026-03-18 13:37:27.298 | INFO     | node_md_img.py      :step_2_scan_images:121  - 图片加入待处理列表：be7ca01e7a2caeeb2e3c2cf375e9e152ce7ef43da954a8a5b1d5b486a320ec7f.jpg
2026-03-18 13:37:27.304 | INFO     | node_md_img.py      :step_2_scan_images:121  - 图片加入待处理列表：bf5a80f1c3d9e3329a45af610f0382534e3587f8ac37882166190dba6c44dbdd.jpg
2026-03-18 13:37:27.308 | INFO     | node_md_img.py      :step_2_scan_images:121  - 图片加入待处理列表：bf9156805bb7488beb2689ba35ae77f925d435981a19992448070657758d7f3c.jpg
2026-03-18 13:37:27.312 | INFO     | node_md_img.py      :step_2_scan_images:121  - 图片加入待处理列表：c1489a10199b0bbb0c706dd5f4c32566112d51db7cf3d48c8305df6a6c180a80.jpg
2026-03-18 13:37:27.316 | INFO     | node_md_img.py      :step_2_scan_images:121  - 图片加入待处理列表：c15cd8c9dc9cce40c012526019a0f5bb9c00136b377102089a89b815be119fc2.jpg
2026-03-18 13:37:27.320 | INFO     | node_md_img.py      :step_2_scan_images:121  - 图片加入待处理列表：c1ba878383e17944b1522ae3008c6f902accafcf5bd034d33da075e01c9d5168.jpg
2026-03-18 13:37:27.324 | INFO     | node_md_img.py      :step_2_scan_images:121  - 图片加入待处理列表：c1baf15bd0a63509a633d1d4b156abf47f2579d00ee640bcc63d6f4a918caf24.jpg
2026-03-18 13:37:27.328 | INFO     | node_md_img.py      :step_2_scan_images:121  - 图片加入待处理列表：c216d2e4e53037e47b07a842ab9d89b4fdd2dfb002359003b8f2d8696edc4405.jpg
2026-03-18 13:37:27.333 | INFO     | node_md_img.py      :step_2_scan_images:121  - 图片加入待处理列表：c21ebba688e5da456c17ad6017e54447f3c7294fd8208fa12faba35eaac648d5.jpg
2026-03-18 13:37:27.336 | INFO     | node_md_img.py      :step_2_scan_images:121  - 图片加入待处理列表：c3ce164385e189691df0c22a822718951b87b90b2c8484cab9be9b1fb5480d1e.jpg
2026-03-18 13:37:27.341 | INFO     | node_md_img.py      :step_2_scan_images:121  - 图片加入待处理列表：c47738564e95088e0c03359687f0f36cc12c04a11321bdbb1d7f8692aedf2845.jpg
2026-03-18 13:37:27.348 | WARNING  | node_md_img.py      :step_2_scan_images:117  - 图片未在MD中引用，跳过处理：c5a9d7e99c2a885f87ec82173cfb4012392a02fe5caacae5ebb557434f58f09f.jpg
2026-03-18 13:37:27.353 | INFO     | node_md_img.py      :step_2_scan_images:121  - 图片加入待处理列表：c8514d74a8021c815ba12ac7497a914d37a1b515fe1507f3f073f19e99800d74.jpg
2026-03-18 13:37:27.359 | INFO     | node_md_img.py      :step_2_scan_images:121  - 图片加入待处理列表：ca8c48a9bbbb46b9b92a926fb239ddd768989818f04285976ff9528d2e084b78.jpg
2026-03-18 13:37:27.365 | INFO     | node_md_img.py      :step_2_scan_images:121  - 图片加入待处理列表：ca954ceb423bc3f91bbf05836f1c9bccb40da2abf1617a52aa3768d6e5615117.jpg
2026-03-18 13:37:27.371 | INFO     | node_md_img.py      :step_2_scan_images:121  - 图片加入待处理列表：caa4bb94186316a1cd241f716688ac91ff211b014c9b0f78d1feab393cd65f60.jpg
2026-03-18 13:37:27.377 | INFO     | node_md_img.py      :step_2_scan_images:121  - 图片加入待处理列表：cad3c30400f74559ce1782acff5114d8ef5136c0b82da424e089d55e5d61f1d8.jpg
2026-03-18 13:37:27.380 | INFO     | node_md_img.py      :step_2_scan_images:121  - 图片加入待处理列表：cd84026a066d422407dec1672aaa91cf5ca58ead77c251c025f9095448b6ad7b.jpg
2026-03-18 13:37:27.386 | INFO     | node_md_img.py      :step_2_scan_images:121  - 图片加入待处理列表：d0db38d2fc60786e6f6b96044b0aad5db1c08fa4f02fa59dd642000ff60bdf08.jpg
2026-03-18 13:37:27.392 | WARNING  | node_md_img.py      :step_2_scan_images:117  - 图片未在MD中引用，跳过处理：d4f5693833577115423d11699eabaa7c2dce1532c54593463e8522b5051ddf94.jpg
2026-03-18 13:37:27.396 | INFO     | node_md_img.py      :step_2_scan_images:121  - 图片加入待处理列表：d5465c258d5fd47d9cba6fe33e06837c2af63da5e21bec5335e65690b53c2cf0.jpg
2026-03-18 13:37:27.400 | INFO     | node_md_img.py      :step_2_scan_images:121  - 图片加入待处理列表：d724d448359da5767dc60fdf9f125022a109589758e524fe84cc5dfe93ea5529.jpg
2026-03-18 13:37:27.406 | INFO     | node_md_img.py      :step_2_scan_images:121  - 图片加入待处理列表：d78a1af80fd049716afdbb2e3a4eb48142d91e9e6a7fa929d160f225d7e7c7d2.jpg
2026-03-18 13:37:27.410 | INFO     | node_md_img.py      :step_2_scan_images:121  - 图片加入待处理列表：d80cde7416341d3ef0de527c1033ab784998a3f60d9c4cbd74d93e56a99b9110.jpg
2026-03-18 13:37:27.413 | INFO     | node_md_img.py      :step_2_scan_images:121  - 图片加入待处理列表：d901b790b0cc3dae7a22587c457d492659770b4576fe98e1bd04401e2a17663e.jpg
2026-03-18 13:37:27.417 | INFO     | node_md_img.py      :step_2_scan_images:121  - 图片加入待处理列表：d91f74d456317552f7e3eb57166ae3933a6f61c4ffe40d0f6fdab2be4c4e1900.jpg
2026-03-18 13:37:27.421 | INFO     | node_md_img.py      :step_2_scan_images:121  - 图片加入待处理列表：d9a80740d36894cf45f5102f8122dd45d1a17e6f9bd61731e27c6e05af6a166c.jpg
2026-03-18 13:37:27.426 | INFO     | node_md_img.py      :step_2_scan_images:121  - 图片加入待处理列表：da84bc8b779bf4f0b57816d4eb0773cffc50a0e5d9d1e58f7928aa0ff573d969.jpg
2026-03-18 13:37:27.432 | INFO     | node_md_img.py      :step_2_scan_images:121  - 图片加入待处理列表：da862b1188b27d991f532c1959f4e6875798728d36fce2e85334efe43d0e566c.jpg
2026-03-18 13:37:27.436 | INFO     | node_md_img.py      :step_2_scan_images:121  - 图片加入待处理列表：dcc382f05ea96d8a0614af6b8ad3e8ad89075a80928fbafa3f76152c43c09c34.jpg
2026-03-18 13:37:27.440 | INFO     | node_md_img.py      :step_2_scan_images:121  - 图片加入待处理列表：dd06cc95295bc0546678a8bfa8ccdfcb7171b67a81011b4ce826cd6e1c2d3f6e.jpg
2026-03-18 13:37:27.444 | INFO     | node_md_img.py      :step_2_scan_images:121  - 图片加入待处理列表：dd68c9ced2949b14587ab4ed3b713e324bcb189009265455c5cc238563966275.jpg
2026-03-18 13:37:27.449 | INFO     | node_md_img.py      :step_2_scan_images:121  - 图片加入待处理列表：dfd40fb617e95246cfe34f864feaf19cef395c65cfda3c2a256e2e14b713c78b.jpg
2026-03-18 13:37:27.453 | INFO     | node_md_img.py      :step_2_scan_images:121  - 图片加入待处理列表：e0d43ef75ebea41604cd1d48fbc3a9ae6b4fe6909909cf61a1540cd71ca853de.jpg
2026-03-18 13:37:27.456 | INFO     | node_md_img.py      :step_2_scan_images:121  - 图片加入待处理列表：e1b7230513b69d355056f3a5d01316293b02243dfafe05572c296a33966d42e6.jpg
2026-03-18 13:37:27.460 | INFO     | node_md_img.py      :step_2_scan_images:121  - 图片加入待处理列表：e322a101a1705b2ec1503f9016c2df9824f1d2f1a4e26619187552e2561418a9.jpg
2026-03-18 13:37:27.467 | INFO     | node_md_img.py      :step_2_scan_images:121  - 图片加入待处理列表：e4d272a2f9cb3938bf4ad16de9adab4b8f220e96355a8e2baea0d1afa58d8a1a.jpg
2026-03-18 13:37:27.473 | INFO     | node_md_img.py      :step_2_scan_images:121  - 图片加入待处理列表：e52e357cf198d508cd23504d32dc4ae72b216e7e0e4d51e45070dee8211a5a85.jpg
2026-03-18 13:37:27.477 | INFO     | node_md_img.py      :step_2_scan_images:121  - 图片加入待处理列表：e5765e2bb775ac7eaf31da762724feff1194a8294a11b6512198a459defe1dab.jpg
2026-03-18 13:37:27.481 | INFO     | node_md_img.py      :step_2_scan_images:121  - 图片加入待处理列表：e6b0aecb093c30ed37f7eef55d787f11fe6601fb586769d8a1a83bcc131259e7.jpg
2026-03-18 13:37:27.487 | INFO     | node_md_img.py      :step_2_scan_images:121  - 图片加入待处理列表：e6e9649e2f6e13634644934640eb4d490a1b271202987dcad36f45bcbcfdaace.jpg
2026-03-18 13:37:27.491 | INFO     | node_md_img.py      :step_2_scan_images:121  - 图片加入待处理列表：e73f602025b08a050038f7a0aaac8d5dc861bc52571f89c02d0ee783bd16dfab.jpg
2026-03-18 13:37:27.495 | WARNING  | node_md_img.py      :step_2_scan_images:117  - 图片未在MD中引用，跳过处理：e7af226314300ae6a052acc2ae15e4143839076059c8bbbf9bacd9f08f9bafff.jpg
2026-03-18 13:37:27.500 | INFO     | node_md_img.py      :step_2_scan_images:121  - 图片加入待处理列表：e8f14c6055f79ec5b244f60a5ba72c1572a11497542ee24009809871128b68dd.jpg
2026-03-18 13:37:27.503 | INFO     | node_md_img.py      :step_2_scan_images:121  - 图片加入待处理列表：e9f7b06583c7de02ab12b0e05ddbb868be3b5579cf2d276c3e06f4aa6ccb0d01.jpg
2026-03-18 13:37:27.508 | INFO     | node_md_img.py      :step_2_scan_images:121  - 图片加入待处理列表：ec1c84e8c6eb84176b172f50a02123e46370278f12a8433b2cb6accbdf90e9fb.jpg
2026-03-18 13:37:27.512 | INFO     | node_md_img.py      :step_2_scan_images:121  - 图片加入待处理列表：ecc7716fefc89446bd35a0d8da1f1467f73bfbdc9c97cfdee3a25278a4c5c463.jpg
2026-03-18 13:37:27.517 | INFO     | node_md_img.py      :step_2_scan_images:121  - 图片加入待处理列表：edc56a3a63f258dea069ee3e822382c324e43bd38d3e148b93a1eb9444c01074.jpg
2026-03-18 13:37:27.521 | INFO     | node_md_img.py      :step_2_scan_images:121  - 图片加入待处理列表：eeae119a357af8c1b7b2ebbd5eeabea850bcd5af75d9b66e2959f42c7a9f5d85.jpg
2026-03-18 13:37:27.527 | INFO     | node_md_img.py      :step_2_scan_images:121  - 图片加入待处理列表：f029b99cc1fff4b1412f0405ea9bfed14a3beccfe961520fd92312ecd0054a97.jpg
2026-03-18 13:37:27.527 | INFO     | file_import_service.py:get_task_progress:223  - [7f53a942-8d77-4827-9f9f-a1ea4bce5644] 任务状态查询，当前状态：processing，已完成节点：['开始上传文件', '检查文件', 'PDF转Markdown']
2026-03-18 13:37:27.532 | INFO     | node_md_img.py      :step_2_scan_images:121  - 图片加入待处理列表：f1319ab86272ab7616e4615fb1f4c611529a7718f31293bd30fc471ef36ebd8b.jpg
2026-03-18 13:37:27.539 | INFO     | node_md_img.py      :step_2_scan_images:121  - 图片加入待处理列表：f2ab46dca8cf268cafede26935ba4392455a8ad980fccbb3ecc22df932c802ac.jpg
2026-03-18 13:37:27.544 | WARNING  | node_md_img.py      :step_2_scan_images:117  - 图片未在MD中引用，跳过处理：f4b976fb9dd33a15f3326566f0fe2232bd3f1331796776549f60f313d9bbec71.jpg
2026-03-18 13:37:27.551 | INFO     | node_md_img.py      :step_2_scan_images:121  - 图片加入待处理列表：f54443afaaa12da0476adb0f0a6f1154e8b5ba819b1a52279f5ee20c37439dc5.jpg
2026-03-18 13:37:27.557 | INFO     | node_md_img.py      :step_2_scan_images:121  - 图片加入待处理列表：f67176bd80427f733c2a86834c937acb0ee2db3a23ba4efe791610836843305c.jpg
2026-03-18 13:37:27.563 | INFO     | node_md_img.py      :step_2_scan_images:121  - 图片加入待处理列表：f856007508cc9ef4a0c283c2ede939a5ad70eefe011e93a3ae7731669964aa90.jpg
2026-03-18 13:37:27.567 | INFO     | node_md_img.py      :step_2_scan_images:121  - 图片加入待处理列表：f8dde078d33f833e91eb67b6f955730180e77da04cfe0db3819b1cee006af1fe.jpg
2026-03-18 13:37:27.572 | INFO     | node_md_img.py      :step_2_scan_images:121  - 图片加入待处理列表：f91580c1133c3b8a6e53963324ec18d12c5013e74b375a938dddf52e231d0945.jpg
2026-03-18 13:37:27.577 | INFO     | node_md_img.py      :step_2_scan_images:121  - 图片加入待处理列表：f91e4de5c412ffed5b684e3a75eca6448708b85c35e7a63d46875f00c49ddd7b.jpg
2026-03-18 13:37:27.581 | INFO     | node_md_img.py      :step_2_scan_images:121  - 图片加入待处理列表：f9ff8957eb0617f44d8f9a3250171226137305c075b136fb883573e3f63bf797.jpg
2026-03-18 13:37:27.585 | INFO     | node_md_img.py      :step_2_scan_images:121  - 图片加入待处理列表：fb52e55b0775f27cbb9581300e7996d53834867c03566a1a728b7dd10d483488.jpg
2026-03-18 13:37:27.589 | INFO     | node_md_img.py      :step_2_scan_images:121  - 图片加入待处理列表：fc221de4779a5ce66b32277869160755f858c03761020c2898012a9d1eedf1ed.jpg
2026-03-18 13:37:27.593 | INFO     | node_md_img.py      :step_2_scan_images:121  - 图片加入待处理列表：fc9fd01f3c7a347bf57f5b68677a609ba2419850bedd9c55674a5b7b4e19ab51.jpg
2026-03-18 13:37:27.598 | INFO     | node_md_img.py      :step_2_scan_images:121  - 图片加入待处理列表：fd7d7a88cff2605849bf6e0b48ee9934c1d1cb4d80e9058a3a4a86b45398bf4c.jpg
2026-03-18 13:37:27.601 | INFO     | node_md_img.py      :step_2_scan_images:121  - 图片加入待处理列表：fe4d50aedeaa91049acf73428ea4bd7c9bc4c92c5c775d681c69007675cfea1b.jpg
2026-03-18 13:37:27.605 | INFO     | node_md_img.py      :step_2_scan_images:122  - 图片扫描完成，共筛选出待处理图片：210 张
2026-03-18 13:37:27.616 | INFO     | lm_utils.py         :get_llm_client :44   - [LLM客户端] 开始初始化新实例：模型=qwen3-vl-flash，JSON模式=False
2026-03-18 13:37:29.226 | INFO     | lm_utils.py         :get_llm_client :71   - [LLM客户端] 实例初始化成功并缓存：模型=qwen3-vl-flash，JSON模式=False
2026-03-18 13:37:29.525 | INFO     | file_import_service.py:get_task_progress:223  - [7f53a942-8d77-4827-9f9f-a1ea4bce5644] 任务状态查询，当前状态：processing，已完成节点：['开始上传文件', '检查文件', 'PDF转Markdown']
2026-03-18 13:37:29.961 | INFO     | node_md_img.py      :summarize_image:184  - 图片摘要生成成功：C:\Users\admin\PycharmProjects\PythonProject16\output\20260318\7f53a942-8d77-4827-9f9f-a1ea4bce5644\hl3040网络说明书\images\001a81a72e5475fbc7db4c1f0d9c5a399ddddcb225e3407a66d6a9eef3298ff6.jpg，摘要：图片内容为网络打印协议说明，涵盖IPP、IPPS及mDNS等技术，用于打印机网络配置与安全传输。
2026-03-18 13:37:30.982 | INFO     | node_md_img.py      :summarize_image:184  - 图片摘要生成成功：C:\Users\admin\PycharmProjects\PythonProject16\output\20260318\7f53a942-8d77-4827-9f9f-a1ea4bce5644\hl3040网络说明书\images\00507441b018af0c0296e4c03d3f6ae6832cdf853c421ce2967e593c4de9adad.jpg，摘要：证书安装提示窗口，显示CA根证书不被信任，需安装至受信任根证书存储，箭头指向“安装证书”按钮。
2026-03-18 13:37:31.517 | INFO     | file_import_service.py:get_task_progress:223  - [7f53a942-8d77-4827-9f9f-a1ea4bce5644] 任务状态查询，当前状态：processing，已完成节点：['开始上传文件', '检查文件', 'PDF转Markdown']
2026-03-18 13:37:32.039 | INFO     | node_md_img.py      :summarize_image:184  - 图片摘要生成成功：C:\Users\admin\PycharmProjects\PythonProject16\output\20260318\7f53a942-8d77-4827-9f9f-a1ea4bce5644\hl3040网络说明书\images\00eb76def1e7b2d12e18f7055f26c8b62b36b9deb81f094fd8d65be8352f69e4.jpg，摘要：无线设备安装向导界面，用户选择“仅安装驱动软件”选项并点击下一步，适用于已配置无线但未装驱动的设备。
2026-03-18 13:37:33.515 | INFO     | file_import_service.py:get_task_progress:223  - [7f53a942-8d77-4827-9f9f-a1ea4bce5644] 任务状态查询，当前状态：processing，已完成节点：['开始上传文件', '检查文件', 'PDF转Markdown']
2026-03-18 13:37:33.543 | INFO     | node_md_img.py      :summarize_image:184  - 图片摘要生成成功：C:\Users\admin\PycharmProjects\PythonProject16\output\20260318\7f53a942-8d77-4827-9f9f-a1ea4bce5644\hl3040网络说明书\images\02b07c798595cd5d16f556447dbf8aa092953531d3185dedbf38fc48b5be65bc.jpg，摘要：Brother打印服务器支持SNMPv1/v2c/v3，SNMPv3安全协议见第91页；LLMNR用于无DNS环境的本地设备发现。
2026-03-18 13:37:34.287 | INFO     | node_md_img.py      :summarize_image:184  - 图片摘要生成成功：C:\Users\admin\PycharmProjects\PythonProject16\output\20260318\7f53a942-8d77-4827-9f9f-a1ea4bce5644\hl3040网络说明书\images\03f77fa267a5603784c746f91315aebc952870991ce3594fdf60273b392aef7e.jpg，摘要：Windows UAC弹窗提示输入管理员密码以允许未识别程序访问，用户账户“User”需验证身份后点击“确定”继续。
2026-03-18 13:37:35.127 | INFO     | node_md_img.py      :summarize_image:184  - 图片摘要生成成功：C:\Users\admin\PycharmProjects\PythonProject16\output\20260318\7f53a942-8d77-4827-9f9f-a1ea4bce5644\hl3040网络说明书\images\0c234f4da3455c69ce210acd205686e933fed555c15b9062ea683664cd9dd4c2.jpg，摘要：HL3040网络说明书：配置POP3/SMTP验证设置，支持TP或SMTP-AUTH，需匹配邮件服务器参数。
2026-03-18 13:37:35.527 | INFO     | file_import_service.py:get_task_progress:223  - [7f53a942-8d77-4827-9f9f-a1ea4bce5644] 任务状态查询，当前状态：processing，已完成节点：['开始上传文件', '检查文件', 'PDF转Markdown']
2026-03-18 13:37:35.642 | INFO     | node_md_img.py      :summarize_image:184  - 图片摘要生成成功：C:\Users\admin\PycharmProjects\PythonProject16\output\20260318\7f53a942-8d77-4827-9f9f-a1ea4bce5644\hl3040网络说明书\images\0c541cce7649b5fc7d7ac24b19151df2f6a876c04d86041fe101ea7774ea931a.jpg，摘要：设备网络设置指南：手动配置IP地址与无线功能启用说明
2026-03-18 13:37:36.619 | INFO     | node_md_img.py      :summarize_image:184  - 图片摘要生成成功：C:\Users\admin\PycharmProjects\PythonProject16\output\20260318\7f53a942-8d77-4827-9f9f-a1ea4bce5644\hl3040网络说明书\images\0d12d3b696783a937c4f4dde31035b5c77d1bb15006610828778a7451a1b6067.jpg，摘要：确认无线设置完成，按指引安装驱动程序并注意操作期间勿取下设备。
2026-03-18 13:37:37.167 | INFO     | node_md_img.py      :summarize_image:184  - 图片摘要生成成功：C:\Users\admin\PycharmProjects\PythonProject16\output\20260318\7f53a942-8d77-4827-9f9f-a1ea4bce5644\hl3040网络说明书\images\0d3928b5d33c6d6545761ca35cde01e1aab60a09bb36cd6082bf38ab43074f4d.jpg，摘要：打印机网络配置说明：输入IP地址访问打印服务器，支持DNS域名或TCP/IP协议，适用于Windows系统。
2026-03-18 13:37:37.525 | INFO     | file_import_service.py:get_task_progress:223  - [7f53a942-8d77-4827-9f9f-a1ea4bce5644] 任务状态查询，当前状态：processing，已完成节点：['开始上传文件', '检查文件', 'PDF转Markdown']
2026-03-18 13:37:39.516 | INFO     | file_import_service.py:get_task_progress:223  - [7f53a942-8d77-4827-9f9f-a1ea4bce5644] 任务状态查询，当前状态：processing，已完成节点：['开始上传文件', '检查文件', 'PDF转Markdown']
2026-03-18 13:37:41.519 | INFO     | file_import_service.py:get_task_progress:223  - [7f53a942-8d77-4827-9f9f-a1ea4bce5644] 任务状态查询，当前状态：processing，已完成节点：['开始上传文件', '检查文件', 'PDF转Markdown']
2026-03-18 13:37:43.514 | INFO     | file_import_service.py:get_task_progress:223  - [7f53a942-8d77-4827-9f9f-a1ea4bce5644] 任务状态查询，当前状态：processing，已完成节点：['开始上传文件', '检查文件', 'PDF转Markdown']
2026-03-18 13:37:45.525 | INFO     | file_import_service.py:get_task_progress:223  - [7f53a942-8d77-4827-9f9f-a1ea4bce5644] 任务状态查询，当前状态：processing，已完成节点：['开始上传文件', '检查文件', 'PDF转Markdown']
2026-03-18 13:37:47.527 | INFO     | file_import_service.py:get_task_progress:223  - [7f53a942-8d77-4827-9f9f-a1ea4bce5644] 任务状态查询，当前状态：processing，已完成节点：['开始上传文件', '检查文件', 'PDF转Markdown']
2026-03-18 13:37:49.526 | INFO     | file_import_service.py:get_task_progress:223  - [7f53a942-8d77-4827-9f9f-a1ea4bce5644] 任务状态查询，当前状态：processing，已完成节点：['开始上传文件', '检查文件', 'PDF转Markdown']
2026-03-18 13:37:51.522 | INFO     | file_import_service.py:get_task_progress:223  - [7f53a942-8d77-4827-9f9f-a1ea4bce5644] 任务状态查询，当前状态：processing，已完成节点：['开始上传文件', '检查文件', 'PDF转Markdown']
2026-03-18 13:37:53.518 | INFO     | file_import_service.py:get_task_progress:223  - [7f53a942-8d77-4827-9f9f-a1ea4bce5644] 任务状态查询，当前状态：processing，已完成节点：['开始上传文件', '检查文件', 'PDF转Markdown']
2026-03-18 13:37:55.516 | INFO     | file_import_service.py:get_task_progress:223  - [7f53a942-8d77-4827-9f9f-a1ea4bce5644] 任务状态查询，当前状态：processing，已完成节点：['开始上传文件', '检查文件', 'PDF转Markdown']
2026-03-18 13:37:57.529 | INFO     | file_import_service.py:get_task_progress:223  - [7f53a942-8d77-4827-9f9f-a1ea4bce5644] 任务状态查询，当前状态：processing，已完成节点：['开始上传文件', '检查文件', 'PDF转Markdown']
2026-03-18 13:37:59.521 | INFO     | file_import_service.py:get_task_progress:223  - [7f53a942-8d77-4827-9f9f-a1ea4bce5644] 任务状态查询，当前状态：processing，已完成节点：['开始上传文件', '检查文件', 'PDF转Markdown']
2026-03-18 13:38:01.525 | INFO     | file_import_service.py:get_task_progress:223  - [7f53a942-8d77-4827-9f9f-a1ea4bce5644] 任务状态查询，当前状态：processing，已完成节点：['开始上传文件', '检查文件', 'PDF转Markdown']
2026-03-18 13:38:03.515 | INFO     | file_import_service.py:get_task_progress:223  - [7f53a942-8d77-4827-9f9f-a1ea4bce5644] 任务状态查询，当前状态：processing，已完成节点：['开始上传文件', '检查文件', 'PDF转Markdown']
2026-03-18 13:38:05.515 | INFO     | file_import_service.py:get_task_progress:223  - [7f53a942-8d77-4827-9f9f-a1ea4bce5644] 任务状态查询，当前状态：processing，已完成节点：['开始上传文件', '检查文件', 'PDF转Markdown']
2026-03-18 13:38:07.516 | INFO     | file_import_service.py:get_task_progress:223  - [7f53a942-8d77-4827-9f9f-a1ea4bce5644] 任务状态查询，当前状态：processing，已完成节点：['开始上传文件', '检查文件', 'PDF转Markdown']
2026-03-18 13:38:09.521 | INFO     | file_import_service.py:get_task_progress:223  - [7f53a942-8d77-4827-9f9f-a1ea4bce5644] 任务状态查询，当前状态：processing，已完成节点：['开始上传文件', '检查文件', 'PDF转Markdown']
2026-03-18 13:38:11.515 | INFO     | file_import_service.py:get_task_progress:223  - [7f53a942-8d77-4827-9f9f-a1ea4bce5644] 任务状态查询，当前状态：processing，已完成节点：['开始上传文件', '检查文件', 'PDF转Markdown']
2026-03-18 13:38:13.516 | INFO     | file_import_service.py:get_task_progress:223  - [7f53a942-8d77-4827-9f9f-a1ea4bce5644] 任务状态查询，当前状态：processing，已完成节点：['开始上传文件', '检查文件', 'PDF转Markdown']
2026-03-18 13:38:15.529 | INFO     | file_import_service.py:get_task_progress:223  - [7f53a942-8d77-4827-9f9f-a1ea4bce5644] 任务状态查询，当前状态：processing，已完成节点：['开始上传文件', '检查文件', 'PDF转Markdown']
2026-03-18 13:38:17.524 | INFO     | file_import_service.py:get_task_progress:223  - [7f53a942-8d77-4827-9f9f-a1ea4bce5644] 任务状态查询，当前状态：processing，已完成节点：['开始上传文件', '检查文件', 'PDF转Markdown']
2026-03-18 13:38:19.517 | INFO     | file_import_service.py:get_task_progress:223  - [7f53a942-8d77-4827-9f9f-a1ea4bce5644] 任务状态查询，当前状态：processing，已完成节点：['开始上传文件', '检查文件', 'PDF转Markdown']
2026-03-18 13:38:21.517 | INFO     | file_import_service.py:get_task_progress:223  - [7f53a942-8d77-4827-9f9f-a1ea4bce5644] 任务状态查询，当前状态：processing，已完成节点：['开始上传文件', '检查文件', 'PDF转Markdown']
2026-03-18 13:38:23.515 | INFO     | file_import_service.py:get_task_progress:223  - [7f53a942-8d77-4827-9f9f-a1ea4bce5644] 任务状态查询，当前状态：processing，已完成节点：['开始上传文件', '检查文件', 'PDF转Markdown']
2026-03-18 13:38:25.520 | INFO     | file_import_service.py:get_task_progress:223  - [7f53a942-8d77-4827-9f9f-a1ea4bce5644] 任务状态查询，当前状态：processing，已完成节点：['开始上传文件', '检查文件', 'PDF转Markdown']
2026-03-18 13:38:27.527 | INFO     | file_import_service.py:get_task_progress:223  - [7f53a942-8d77-4827-9f9f-a1ea4bce5644] 任务状态查询，当前状态：processing，已完成节点：['开始上传文件', '检查文件', 'PDF转Markdown']
2026-03-18 13:38:28.608 | INFO     | node_md_img.py      :summarize_image:184  - 图片摘要生成成功：C:\Users\admin\PycharmProjects\PythonProject16\output\20260318\7f53a942-8d77-4827-9f9f-a1ea4bce5644\hl3040网络说明书\images\0e675d97e14c4c0acdc18a38b933f86d7f99ec799c0156c68438182c2983a3a5.jpg，摘要：Brother无线设备网络连接指南：用网线连接接入点与设备，点击“下一步”继续配置。
2026-03-18 13:38:29.525 | INFO     | file_import_service.py:get_task_progress:223  - [7f53a942-8d77-4827-9f9f-a1ea4bce5644] 任务状态查询，当前状态：processing，已完成节点：['开始上传文件', '检查文件', 'PDF转Markdown']
2026-03-18 13:38:30.989 | INFO     | node_md_img.py      :summarize_image:184  - 图片摘要生成成功：C:\Users\admin\PycharmProjects\PythonProject16\output\20260318\7f53a942-8d77-4827-9f9f-a1ea4bce5644\hl3040网络说明书\images\0f94c909d821c911cfcb34ab5e5bb980e5bfbe41d6031830449164ce2511dd1d.jpg，摘要：Windows浏览器提示打印机网站证书错误，推荐关闭页面而非继续访问，图示蓝色箭头指向“继续浏览此网站（不推荐）”选项。
2026-03-18 13:38:31.524 | INFO     | file_import_service.py:get_task_progress:223  - [7f53a942-8d77-4827-9f9f-a1ea4bce5644] 任务状态查询，当前状态：processing，已完成节点：['开始上传文件', '检查文件', 'PDF转Markdown']
2026-03-18 13:38:32.037 | INFO     | node_md_img.py      :summarize_image:184  - 图片摘要生成成功：C:\Users\admin\PycharmProjects\PythonProject16\output\20260318\7f53a942-8d77-4827-9f9f-a1ea4bce5644\hl3040网络说明书\images\0fb3a8a5de61d31ee8071191f39c5b3016d26af11d67aa73b7b7cf943c6c8380.jpg，摘要：无线设备安装向导界面，用户选择“仅安装驱动软件”选项并点击“下一步”继续安装流程。
2026-03-18 13:38:32.785 | INFO     | node_md_img.py      :summarize_image:184  - 图片摘要生成成功：C:\Users\admin\PycharmProjects\PythonProject16\output\20260318\7f53a942-8d77-4827-9f9f-a1ea4bce5644\hl3040网络说明书\images\1003179e902097aae8e1a42ab3d439e8f74e84dc0983bc0956a967e2f6b9476e.jpg，摘要：HL3040网络说明书：介绍内置HTTP网络服务器功能，支持浏览器监控设备状态与配置设置，推荐Windows用户使用IE6或Firefox1.0以上版本。
2026-03-18 13:38:33.527 | INFO     | file_import_service.py:get_task_progress:223  - [7f53a942-8d77-4827-9f9f-a1ea4bce5644] 任务状态查询，当前状态：processing，已完成节点：['开始上传文件', '检查文件', 'PDF转Markdown']
2026-03-18 13:38:34.273 | INFO     | node_md_img.py      :summarize_image:184  - 图片摘要生成成功：C:\Users\admin\PycharmProjects\PythonProject16\output\20260318\7f53a942-8d77-4827-9f9f-a1ea4bce5644\hl3040网络说明书\images\12441559dd8669421693155f0f5afb239ac6925a390a8fb34b435143f8154e18.jpg，摘要：Windows 文件夹中双击名为“Certificate”的安全证书文件，用于网络打印机配置。
2026-03-18 13:38:34.852 | INFO     | node_md_img.py      :summarize_image:184  - 图片摘要生成成功：C:\Users\admin\PycharmProjects\PythonProject16\output\20260318\7f53a942-8d77-4827-9f9f-a1ea4bce5644\hl3040网络说明书\images\1883c6ded572b48790ad369ae62c617bcb7d4d3f77850946773b0111a5293a2b.jpg，摘要：HL3040打印机创建与安装自签名证书的操作指南，含命名规则与SSL/TLS使用说明。
2026-03-18 13:38:35.520 | INFO     | file_import_service.py:get_task_progress:223  - [7f53a942-8d77-4827-9f9f-a1ea4bce5644] 任务状态查询，当前状态：processing，已完成节点：['开始上传文件', '检查文件', 'PDF转Markdown']
2026-03-18 13:38:35.718 | INFO     | node_md_img.py      :summarize_image:184  - 图片摘要生成成功：C:\Users\admin\PycharmProjects\PythonProject16\output\20260318\7f53a942-8d77-4827-9f9f-a1ea4bce5644\hl3040网络说明书\images\18a9e17217abbd9e12634726ff6d2d9af6430fa343a7e0167db1a409d6b9795b.jpg，摘要：打印机网络配置指南：通过打印配置页查找IP地址与节点名称，步骤清晰指引用户完成设置。
2026-03-18 13:38:37.117 | INFO     | node_md_img.py      :summarize_image:184  - 图片摘要生成成功：C:\Users\admin\PycharmProjects\PythonProject16\output\20260318\7f53a942-8d77-4827-9f9f-a1ea4bce5644\hl3040网络说明书\images\1b3aed721806663b2c70555869ed1803ea92cc2607798ee24ab7e0ff9c6281bf.jpg，摘要：SNMP v1/v2c 读写访问说明：不安全，无用户验证与加密，推荐使用更安全模式。
2026-03-18 13:38:37.525 | INFO     | file_import_service.py:get_task_progress:223  - [7f53a942-8d77-4827-9f9f-a1ea4bce5644] 任务状态查询，当前状态：processing，已完成节点：['开始上传文件', '检查文件', 'PDF转Markdown']
2026-03-18 13:38:38.981 | INFO     | node_md_img.py      :summarize_image:184  - 图片摘要生成成功：C:\Users\admin\PycharmProjects\PythonProject16\output\20260318\7f53a942-8d77-4827-9f9f-a1ea4bce5644\hl3040网络说明书\images\1be5607a8a26e31df40279ad74eff9a68c6570e424c6016e41002ac52bf95130.jpg，摘要：安全警告对话框：证书由不可信机构颁发且名称不匹配，提示查看证书并选择是否继续。
2026-03-18 13:38:39.528 | INFO     | file_import_service.py:get_task_progress:223  - [7f53a942-8d77-4827-9f9f-a1ea4bce5644] 任务状态查询，当前状态：processing，已完成节点：['开始上传文件', '检查文件', 'PDF转Markdown']
2026-03-18 13:38:41.514 | INFO     | file_import_service.py:get_task_progress:223  - [7f53a942-8d77-4827-9f9f-a1ea4bce5644] 任务状态查询，当前状态：processing，已完成节点：['开始上传文件', '检查文件', 'PDF转Markdown']
2026-03-18 13:38:43.522 | INFO     | file_import_service.py:get_task_progress:223  - [7f53a942-8d77-4827-9f9f-a1ea4bce5644] 任务状态查询，当前状态：processing，已完成节点：['开始上传文件', '检查文件', 'PDF转Markdown']
2026-03-18 13:38:45.518 | INFO     | file_import_service.py:get_task_progress:223  - [7f53a942-8d77-4827-9f9f-a1ea4bce5644] 任务状态查询，当前状态：processing，已完成节点：['开始上传文件', '检查文件', 'PDF转Markdown']
2026-03-18 13:38:47.521 | INFO     | file_import_service.py:get_task_progress:223  - [7f53a942-8d77-4827-9f9f-a1ea4bce5644] 任务状态查询，当前状态：processing，已完成节点：['开始上传文件', '检查文件', 'PDF转Markdown']
2026-03-18 13:38:49.530 | INFO     | file_import_service.py:get_task_progress:223  - [7f53a942-8d77-4827-9f9f-a1ea4bce5644] 任务状态查询，当前状态：processing，已完成节点：['开始上传文件', '检查文件', 'PDF转Markdown']
2026-03-18 13:38:51.524 | INFO     | file_import_service.py:get_task_progress:223  - [7f53a942-8d77-4827-9f9f-a1ea4bce5644] 任务状态查询，当前状态：processing，已完成节点：['开始上传文件', '检查文件', 'PDF转Markdown']
2026-03-18 13:38:53.524 | INFO     | file_import_service.py:get_task_progress:223  - [7f53a942-8d77-4827-9f9f-a1ea4bce5644] 任务状态查询，当前状态：processing，已完成节点：['开始上传文件', '检查文件', 'PDF转Markdown']
2026-03-18 13:38:55.516 | INFO     | file_import_service.py:get_task_progress:223  - [7f53a942-8d77-4827-9f9f-a1ea4bce5644] 任务状态查询，当前状态：processing，已完成节点：['开始上传文件', '检查文件', 'PDF转Markdown']
2026-03-18 13:38:57.516 | INFO     | file_import_service.py:get_task_progress:223  - [7f53a942-8d77-4827-9f9f-a1ea4bce5644] 任务状态查询，当前状态：processing，已完成节点：['开始上传文件', '检查文件', 'PDF转Markdown']
2026-03-18 13:38:59.527 | INFO     | file_import_service.py:get_task_progress:223  - [7f53a942-8d77-4827-9f9f-a1ea4bce5644] 任务状态查询，当前状态：processing，已完成节点：['开始上传文件', '检查文件', 'PDF转Markdown']
2026-03-18 13:39:01.526 | INFO     | file_import_service.py:get_task_progress:223  - [7f53a942-8d77-4827-9f9f-a1ea4bce5644] 任务状态查询，当前状态：processing，已完成节点：['开始上传文件', '检查文件', 'PDF转Markdown']
2026-03-18 13:39:03.523 | INFO     | file_import_service.py:get_task_progress:223  - [7f53a942-8d77-4827-9f9f-a1ea4bce5644] 任务状态查询，当前状态：processing，已完成节点：['开始上传文件', '检查文件', 'PDF转Markdown']
2026-03-18 13:39:05.527 | INFO     | file_import_service.py:get_task_progress:223  - [7f53a942-8d77-4827-9f9f-a1ea4bce5644] 任务状态查询，当前状态：processing，已完成节点：['开始上传文件', '检查文件', 'PDF转Markdown']
2026-03-18 13:39:07.527 | INFO     | file_import_service.py:get_task_progress:223  - [7f53a942-8d77-4827-9f9f-a1ea4bce5644] 任务状态查询，当前状态：processing，已完成节点：['开始上传文件', '检查文件', 'PDF转Markdown']
2026-03-18 13:39:09.516 | INFO     | file_import_service.py:get_task_progress:223  - [7f53a942-8d77-4827-9f9f-a1ea4bce5644] 任务状态查询，当前状态：processing，已完成节点：['开始上传文件', '检查文件', 'PDF转Markdown']
2026-03-18 13:39:11.518 | INFO     | file_import_service.py:get_task_progress:223  - [7f53a942-8d77-4827-9f9f-a1ea4bce5644] 任务状态查询，当前状态：processing，已完成节点：['开始上传文件', '检查文件', 'PDF转Markdown']
2026-03-18 13:39:13.526 | INFO     | file_import_service.py:get_task_progress:223  - [7f53a942-8d77-4827-9f9f-a1ea4bce5644] 任务状态查询，当前状态：processing，已完成节点：['开始上传文件', '检查文件', 'PDF转Markdown']
2026-03-18 13:39:15.519 | INFO     | file_import_service.py:get_task_progress:223  - [7f53a942-8d77-4827-9f9f-a1ea4bce5644] 任务状态查询，当前状态：processing，已完成节点：['开始上传文件', '检查文件', 'PDF转Markdown']
2026-03-18 13:39:17.515 | INFO     | file_import_service.py:get_task_progress:223  - [7f53a942-8d77-4827-9f9f-a1ea4bce5644] 任务状态查询，当前状态：processing，已完成节点：['开始上传文件', '检查文件', 'PDF转Markdown']
2026-03-18 13:39:19.525 | INFO     | file_import_service.py:get_task_progress:223  - [7f53a942-8d77-4827-9f9f-a1ea4bce5644] 任务状态查询，当前状态：processing，已完成节点：['开始上传文件', '检查文件', 'PDF转Markdown']
2026-03-18 13:39:21.520 | INFO     | file_import_service.py:get_task_progress:223  - [7f53a942-8d77-4827-9f9f-a1ea4bce5644] 任务状态查询，当前状态：processing，已完成节点：['开始上传文件', '检查文件', 'PDF转Markdown']
2026-03-18 13:39:23.515 | INFO     | file_import_service.py:get_task_progress:223  - [7f53a942-8d77-4827-9f9f-a1ea4bce5644] 任务状态查询，当前状态：processing，已完成节点：['开始上传文件', '检查文件', 'PDF转Markdown']
2026-03-18 13:39:25.527 | INFO     | file_import_service.py:get_task_progress:223  - [7f53a942-8d77-4827-9f9f-a1ea4bce5644] 任务状态查询，当前状态：processing，已完成节点：['开始上传文件', '检查文件', 'PDF转Markdown']
2026-03-18 13:39:27.518 | INFO     | file_import_service.py:get_task_progress:223  - [7f53a942-8d77-4827-9f9f-a1ea4bce5644] 任务状态查询，当前状态：processing，已完成节点：['开始上传文件', '检查文件', 'PDF转Markdown']
2026-03-18 13:39:28.479 | INFO     | node_md_img.py      :summarize_image:184  - 图片摘要生成成功：C:\Users\admin\PycharmProjects\PythonProject16\output\20260318\7f53a942-8d77-4827-9f9f-a1ea4bce5644\hl3040网络说明书\images\1c9b23bb2861016a5652435383cb0e39653f8812296c7ed96920cfa9c2aeba87.jpg，摘要：网络设备证书配置指南，含自签名证书创建与安装步骤说明。
2026-03-18 13:39:29.520 | INFO     | file_import_service.py:get_task_progress:223  - [7f53a942-8d77-4827-9f9f-a1ea4bce5644] 任务状态查询，当前状态：processing，已完成节点：['开始上传文件', '检查文件', 'PDF转Markdown']
2026-03-18 13:39:31.341 | INFO     | node_md_img.py      :summarize_image:184  - 图片摘要生成成功：C:\Users\admin\PycharmProjects\PythonProject16\output\20260318\7f53a942-8d77-4827-9f9f-a1ea4bce5644\hl3040网络说明书\images\1dc99f71783d63d5e05a782dc6e0621f4aade8dbdddcde195d74b22d81382a42.jpg，摘要：证书导出向导界面，指定文件名为Certificate.cer，箭头指向“下一步”按钮，引导用户继续操作。
2026-03-18 13:39:31.527 | INFO     | file_import_service.py:get_task_progress:223  - [7f53a942-8d77-4827-9f9f-a1ea4bce5644] 任务状态查询，当前状态：processing，已完成节点：['开始上传文件', '检查文件', 'PDF转Markdown']
2026-03-18 13:39:32.041 | INFO     | node_md_img.py      :summarize_image:184  - 图片摘要生成成功：C:\Users\admin\PycharmProjects\PythonProject16\output\20260318\7f53a942-8d77-4827-9f9f-a1ea4bce5644\hl3040网络说明书\images\1f031f89a950ef145e972ea2b35c75286d2a7e1105ba6f47206803355bcd3516.jpg，摘要：Windows系统中右键点击IE浏览器并选择“以管理员身份运行”的操作界面截图
2026-03-18 13:39:32.598 | INFO     | node_md_img.py      :summarize_image:184  - 图片摘要生成成功：C:\Users\admin\PycharmProjects\PythonProject16\output\20260318\7f53a942-8d77-4827-9f9f-a1ea4bce5644\hl3040网络说明书\images\1fa2010d51ad267fefb281191706d79506faebe3a5dbf8cb325860e9e74666f2.jpg，摘要：Windows浏览器证书错误提示及管理员权限运行IE解决方法截图，含证书查看指引。
2026-03-18 13:39:33.518 | INFO     | file_import_service.py:get_task_progress:223  - [7f53a942-8d77-4827-9f9f-a1ea4bce5644] 任务状态查询，当前状态：processing，已完成节点：['开始上传文件', '检查文件', 'PDF转Markdown']
2026-03-18 13:39:34.561 | INFO     | node_md_img.py      :summarize_image:184  - 图片摘要生成成功：C:\Users\admin\PycharmProjects\PythonProject16\output\20260318\7f53a942-8d77-4827-9f9f-a1ea4bce5644\hl3040网络说明书\images\20d6950d9f386f1bb2e9033c71ee4fb2fc77859ad1f44b9a3426276d76eeeca2.jpg，摘要：蓝色“确定！”按钮图标，用于确认无线设置并继续打印机驱动安装流程。
2026-03-18 13:39:35.520 | INFO     | file_import_service.py:get_task_progress:223  - [7f53a942-8d77-4827-9f9f-a1ea4bce5644] 任务状态查询，当前状态：processing，已完成节点：['开始上传文件', '检查文件', 'PDF转Markdown']
2026-03-18 13:39:35.570 | INFO     | node_md_img.py      :summarize_image:184  - 图片摘要生成成功：C:\Users\admin\PycharmProjects\PythonProject16\output\20260318\7f53a942-8d77-4827-9f9f-a1ea4bce5644\hl3040网络说明书\images\22811ddc91eb3692b92d6c530ccc7ee7b945f7166525f1064fe59b5f3f824c69.jpg，摘要：SNMPv3安全配置指南：支持邮件通知安全方法，含POP优先SMTP设置说明。
2026-03-18 13:39:36.123 | INFO     | node_md_img.py      :summarize_image:184  - 图片摘要生成成功：C:\Users\admin\PycharmProjects\PythonProject16\output\20260318\7f53a942-8d77-4827-9f9f-a1ea4bce5644\hl3040网络说明书\images\22e461f46f9a0934dabd985f3b0ae6d6d60702de700609abdab044e517e6f030.jpg，摘要：HL3040打印机网络安装步骤图示，含驱动安装、用户确认及许可证协议操作说明。
2026-03-18 13:39:36.737 | INFO     | node_md_img.py      :summarize_image:184  - 图片摘要生成成功：C:\Users\admin\PycharmProjects\PythonProject16\output\20260318\7f53a942-8d77-4827-9f9f-a1ea4bce5644\hl3040网络说明书\images\24f90010f9e301141a1027a1eee0d7cf8e786c0b4ae4cdf7d41dd49bb594bdde.jpg，摘要：证书导入向导完成界面，提示用户已成功导入证书并可点击“完成”按钮结束操作。
2026-03-18 13:39:37.516 | INFO     | file_import_service.py:get_task_progress:223  - [7f53a942-8d77-4827-9f9f-a1ea4bce5644] 任务状态查询，当前状态：processing，已完成节点：['开始上传文件', '检查文件', 'PDF转Markdown']
2026-03-18 13:39:38.132 | INFO     | node_md_img.py      :summarize_image:184  - 图片摘要生成成功：C:\Users\admin\PycharmProjects\PythonProject16\output\20260318\7f53a942-8d77-4827-9f9f-a1ea4bce5644\hl3040网络说明书\images\25a530eaf55c359449f85d9c7fcbb02f5a6311ca4a3ffeee58da5e5d2b332bcb.jpg，摘要：打印机Web管理页面访问方法：输入IP地址或DNS名称，如http://192.168.1.2/，支持Windows TC。
2026-03-18 13:39:39.520 | INFO     | file_import_service.py:get_task_progress:223  - [7f53a942-8d77-4827-9f9f-a1ea4bce5644] 任务状态查询，当前状态：processing，已完成节点：['开始上传文件', '检查文件', 'PDF转Markdown']
2026-03-18 13:39:41.525 | INFO     | file_import_service.py:get_task_progress:223  - [7f53a942-8d77-4827-9f9f-a1ea4bce5644] 任务状态查询，当前状态：processing，已完成节点：['开始上传文件', '检查文件', 'PDF转Markdown']
2026-03-18 13:39:43.529 | INFO     | file_import_service.py:get_task_progress:223  - [7f53a942-8d77-4827-9f9f-a1ea4bce5644] 任务状态查询，当前状态：processing，已完成节点：['开始上传文件', '检查文件', 'PDF转Markdown']
2026-03-18 13:39:45.519 | INFO     | file_import_service.py:get_task_progress:223  - [7f53a942-8d77-4827-9f9f-a1ea4bce5644] 任务状态查询，当前状态：processing，已完成节点：['开始上传文件', '检查文件', 'PDF转Markdown']
2026-03-18 13:39:47.520 | INFO     | file_import_service.py:get_task_progress:223  - [7f53a942-8d77-4827-9f9f-a1ea4bce5644] 任务状态查询，当前状态：processing，已完成节点：['开始上传文件', '检查文件', 'PDF转Markdown']
2026-03-18 13:39:49.528 | INFO     | file_import_service.py:get_task_progress:223  - [7f53a942-8d77-4827-9f9f-a1ea4bce5644] 任务状态查询，当前状态：processing，已完成节点：['开始上传文件', '检查文件', 'PDF转Markdown']
2026-03-18 13:39:51.522 | INFO     | file_import_service.py:get_task_progress:223  - [7f53a942-8d77-4827-9f9f-a1ea4bce5644] 任务状态查询，当前状态：processing，已完成节点：['开始上传文件', '检查文件', 'PDF转Markdown']
2026-03-18 13:39:53.519 | INFO     | file_import_service.py:get_task_progress:223  - [7f53a942-8d77-4827-9f9f-a1ea4bce5644] 任务状态查询，当前状态：processing，已完成节点：['开始上传文件', '检查文件', 'PDF转Markdown']
2026-03-18 13:39:55.528 | INFO     | file_import_service.py:get_task_progress:223  - [7f53a942-8d77-4827-9f9f-a1ea4bce5644] 任务状态查询，当前状态：processing，已完成节点：['开始上传文件', '检查文件', 'PDF转Markdown']
2026-03-18 13:39:57.530 | INFO     | file_import_service.py:get_task_progress:223  - [7f53a942-8d77-4827-9f9f-a1ea4bce5644] 任务状态查询，当前状态：processing，已完成节点：['开始上传文件', '检查文件', 'PDF转Markdown']
2026-03-18 13:39:59.515 | INFO     | file_import_service.py:get_task_progress:223  - [7f53a942-8d77-4827-9f9f-a1ea4bce5644] 任务状态查询，当前状态：processing，已完成节点：['开始上传文件', '检查文件', 'PDF转Markdown']
2026-03-18 13:40:01.526 | INFO     | file_import_service.py:get_task_progress:223  - [7f53a942-8d77-4827-9f9f-a1ea4bce5644] 任务状态查询，当前状态：processing，已完成节点：['开始上传文件', '检查文件', 'PDF转Markdown']
2026-03-18 13:40:03.517 | INFO     | file_import_service.py:get_task_progress:223  - [7f53a942-8d77-4827-9f9f-a1ea4bce5644] 任务状态查询，当前状态：processing，已完成节点：['开始上传文件', '检查文件', 'PDF转Markdown']
2026-03-18 13:40:05.521 | INFO     | file_import_service.py:get_task_progress:223  - [7f53a942-8d77-4827-9f9f-a1ea4bce5644] 任务状态查询，当前状态：processing，已完成节点：['开始上传文件', '检查文件', 'PDF转Markdown']
2026-03-18 13:40:07.519 | INFO     | file_import_service.py:get_task_progress:223  - [7f53a942-8d77-4827-9f9f-a1ea4bce5644] 任务状态查询，当前状态：processing，已完成节点：['开始上传文件', '检查文件', 'PDF转Markdown']
2026-03-18 13:40:09.526 | INFO     | file_import_service.py:get_task_progress:223  - [7f53a942-8d77-4827-9f9f-a1ea4bce5644] 任务状态查询，当前状态：processing，已完成节点：['开始上传文件', '检查文件', 'PDF转Markdown']
2026-03-18 13:40:11.523 | INFO     | file_import_service.py:get_task_progress:223  - [7f53a942-8d77-4827-9f9f-a1ea4bce5644] 任务状态查询，当前状态：processing，已完成节点：['开始上传文件', '检查文件', 'PDF转Markdown']
2026-03-18 13:40:13.515 | INFO     | file_import_service.py:get_task_progress:223  - [7f53a942-8d77-4827-9f9f-a1ea4bce5644] 任务状态查询，当前状态：processing，已完成节点：['开始上传文件', '检查文件', 'PDF转Markdown']
2026-03-18 13:40:15.518 | INFO     | file_import_service.py:get_task_progress:223  - [7f53a942-8d77-4827-9f9f-a1ea4bce5644] 任务状态查询，当前状态：processing，已完成节点：['开始上传文件', '检查文件', 'PDF转Markdown']
2026-03-18 13:40:17.529 | INFO     | file_import_service.py:get_task_progress:223  - [7f53a942-8d77-4827-9f9f-a1ea4bce5644] 任务状态查询，当前状态：processing，已完成节点：['开始上传文件', '检查文件', 'PDF转Markdown']
2026-03-18 13:40:19.517 | INFO     | file_import_service.py:get_task_progress:223  - [7f53a942-8d77-4827-9f9f-a1ea4bce5644] 任务状态查询，当前状态：processing，已完成节点：['开始上传文件', '检查文件', 'PDF转Markdown']
2026-03-18 13:40:21.528 | INFO     | file_import_service.py:get_task_progress:223  - [7f53a942-8d77-4827-9f9f-a1ea4bce5644] 任务状态查询，当前状态：processing，已完成节点：['开始上传文件', '检查文件', 'PDF转Markdown']
2026-03-18 13:40:23.514 | INFO     | file_import_service.py:get_task_progress:223  - [7f53a942-8d77-4827-9f9f-a1ea4bce5644] 任务状态查询，当前状态：processing，已完成节点：['开始上传文件', '检查文件', 'PDF转Markdown']
2026-03-18 13:40:25.521 | INFO     | file_import_service.py:get_task_progress:223  - [7f53a942-8d77-4827-9f9f-a1ea4bce5644] 任务状态查询，当前状态：processing，已完成节点：['开始上传文件', '检查文件', 'PDF转Markdown']
2026-03-18 13:40:27.528 | INFO     | file_import_service.py:get_task_progress:223  - [7f53a942-8d77-4827-9f9f-a1ea4bce5644] 任务状态查询，当前状态：processing，已完成节点：['开始上传文件', '检查文件', 'PDF转Markdown']
2026-03-18 13:40:28.447 | INFO     | node_md_img.py      :summarize_image:184  - 图片摘要生成成功：C:\Users\admin\PycharmProjects\PythonProject16\output\20260318\7f53a942-8d77-4827-9f9f-a1ea4bce5644\hl3040网络说明书\images\27be04cda03383ea021c6fb3a8b0fb8057854d2260042c1b21346b3df3cf1b33.jpg，摘要：Brother打印机驱动安装界面，选择“标准安装”后点击“下一步”继续配置。
2026-03-18 13:40:29.520 | INFO     | file_import_service.py:get_task_progress:223  - [7f53a942-8d77-4827-9f9f-a1ea4bce5644] 任务状态查询，当前状态：processing，已完成节点：['开始上传文件', '检查文件', 'PDF转Markdown']
2026-03-18 13:40:31.022 | INFO     | node_md_img.py      :summarize_image:184  - 图片摘要生成成功：C:\Users\admin\PycharmProjects\PythonProject16\output\20260318\7f53a942-8d77-4827-9f9f-a1ea4bce5644\hl3040网络说明书\images\2825f236214232dafb67340e8a7b5cb62f49584105dc233bada04db28b6c690f.jpg，摘要：HL3040打印机网络设置说明：支持DHCP/BOOTP/RARP自动IP配置，需联系管理员，APIPA为备用方案。
2026-03-18 13:40:31.524 | INFO     | file_import_service.py:get_task_progress:223  - [7f53a942-8d77-4827-9f9f-a1ea4bce5644] 任务状态查询，当前状态：processing，已完成节点：['开始上传文件', '检查文件', 'PDF转Markdown']
2026-03-18 13:40:32.304 | INFO     | node_md_img.py      :summarize_image:184  - 图片摘要生成成功：C:\Users\admin\PycharmProjects\PythonProject16\output\20260318\7f53a942-8d77-4827-9f9f-a1ea4bce5644\hl3040网络说明书\images\29635c62c655ffa3846c476a8ba4aa424042b1b8d9a2d32d6b398de33538be47.jpg，摘要：Brother HL-3070CW系列打印机SNMP网络配置界面，支持SNMPv1/v2c及v3读写访问模式设置。
2026-03-18 13:40:32.883 | INFO     | node_md_img.py      :summarize_image:184  - 图片摘要生成成功：C:\Users\admin\PycharmProjects\PythonProject16\output\20260318\7f53a942-8d77-4827-9f9f-a1ea4bce5644\hl3040网络说明书\images\2b4b516840d949b9e728fb0efd2fcb6f1d7eb3dd00aab2975f95dc97473eec5c.jpg，摘要：SNMPv3读写与v1/v2c只读访问模式说明，兼容Brother应用授权限制。
2026-03-18 13:40:33.527 | INFO     | file_import_service.py:get_task_progress:223  - [7f53a942-8d77-4827-9f9f-a1ea4bce5644] 任务状态查询，当前状态：processing，已完成节点：['开始上传文件', '检查文件', 'PDF转Markdown']
2026-03-18 13:40:35.030 | INFO     | node_md_img.py      :summarize_image:184  - 图片摘要生成成功：C:\Users\admin\PycharmProjects\PythonProject16\output\20260318\7f53a942-8d77-4827-9f9f-a1ea4bce5644\hl3040网络说明书\images\2d28c8d6602870b5211b6485bc72ba8fd62bf2d79597f7fc04272c755ba2db19.jpg，摘要：HL3040打印机驱动安装步骤：插入光盘、选择语言与设备、点击安装、确认用户控制并阅读许可协议。
2026-03-18 13:40:35.516 | INFO     | file_import_service.py:get_task_progress:223  - [7f53a942-8d77-4827-9f9f-a1ea4bce5644] 任务状态查询，当前状态：processing，已完成节点：['开始上传文件', '检查文件', 'PDF转Markdown']
2026-03-18 13:40:35.745 | INFO     | node_md_img.py      :summarize_image:184  - 图片摘要生成成功：C:\Users\admin\PycharmProjects\PythonProject16\output\20260318\7f53a942-8d77-4827-9f9f-a1ea4bce5644\hl3040网络说明书\images\31449a32f6261f53ccde58abddc21145cc18bd76d6c8efc0f3d34e390be25e84.jpg，摘要：无线网络设置界面：配置SSID、验证方法（开放系统）、加密模式（WEP）及密钥，箭头指向“下一步”按钮。
2026-03-18 13:40:36.530 | INFO     | node_md_img.py      :summarize_image:184  - 图片摘要生成成功：C:\Users\admin\PycharmProjects\PythonProject16\output\20260318\7f53a942-8d77-4827-9f9f-a1ea4bce5644\hl3040网络说明书\images\314a9b6a5098f2ba14a5666531eb32d259cadfb46b5e0d7e188513b149c5fcbf.jpg，摘要：图示说明如何将计算机（C）作为注册构件1，通过Wi-Fi保护设置连接打印机与无线路由器A。
2026-03-18 13:40:37.520 | INFO     | file_import_service.py:get_task_progress:223  - [7f53a942-8d77-4827-9f9f-a1ea4bce5644] 任务状态查询，当前状态：processing，已完成节点：['开始上传文件', '检查文件', 'PDF转Markdown']
2026-03-18 13:40:37.666 | INFO     | node_md_img.py      :summarize_image:184  - 图片摘要生成成功：C:\Users\admin\PycharmProjects\PythonProject16\output\20260318\7f53a942-8d77-4827-9f9f-a1ea4bce5644\hl3040网络说明书\images\32f945f12816d9ac7d5b729029d1bb7ae4916aa2978bc3d4581415ed4b226153.jpg，摘要：HL3040网络设置指南：无线配置步骤与WPS/PIN设置说明（第43页）
2026-03-18 13:40:38.416 | INFO     | node_md_img.py      :summarize_image:184  - 图片摘要生成成功：C:\Users\admin\PycharmProjects\PythonProject16\output\20260318\7f53a942-8d77-4827-9f9f-a1ea4bce5644\hl3040网络说明书\images\336b2488ccd060ddd866f8d5a1e58e14a021d0f7e239af6f3d7f00307ea77c2e.jpg，摘要：Brother HL-3070CW系列打印机网络安装界面，显示节点名称与IP地址选择，引导用户点击“下一步”继续配置。
2026-03-18 13:40:39.527 | INFO     | file_import_service.py:get_task_progress:223  - [7f53a942-8d77-4827-9f9f-a1ea4bce5644] 任务状态查询，当前状态：processing，已完成节点：['开始上传文件', '检查文件', 'PDF转Markdown']
2026-03-18 13:40:41.518 | INFO     | file_import_service.py:get_task_progress:223  - [7f53a942-8d77-4827-9f9f-a1ea4bce5644] 任务状态查询，当前状态：processing，已完成节点：['开始上传文件', '检查文件', 'PDF转Markdown']
2026-03-18 13:40:43.529 | INFO     | file_import_service.py:get_task_progress:223  - [7f53a942-8d77-4827-9f9f-a1ea4bce5644] 任务状态查询，当前状态：processing，已完成节点：['开始上传文件', '检查文件', 'PDF转Markdown']
2026-03-18 13:40:45.521 | INFO     | file_import_service.py:get_task_progress:223  - [7f53a942-8d77-4827-9f9f-a1ea4bce5644] 任务状态查询，当前状态：processing，已完成节点：['开始上传文件', '检查文件', 'PDF转Markdown']
2026-03-18 13:40:47.517 | INFO     | file_import_service.py:get_task_progress:223  - [7f53a942-8d77-4827-9f9f-a1ea4bce5644] 任务状态查询，当前状态：processing，已完成节点：['开始上传文件', '检查文件', 'PDF转Markdown']
2026-03-18 13:40:49.516 | INFO     | file_import_service.py:get_task_progress:223  - [7f53a942-8d77-4827-9f9f-a1ea4bce5644] 任务状态查询，当前状态：processing，已完成节点：['开始上传文件', '检查文件', 'PDF转Markdown']
2026-03-18 13:40:51.523 | INFO     | file_import_service.py:get_task_progress:223  - [7f53a942-8d77-4827-9f9f-a1ea4bce5644] 任务状态查询，当前状态：processing，已完成节点：['开始上传文件', '检查文件', 'PDF转Markdown']
2026-03-18 13:40:53.526 | INFO     | file_import_service.py:get_task_progress:223  - [7f53a942-8d77-4827-9f9f-a1ea4bce5644] 任务状态查询，当前状态：processing，已完成节点：['开始上传文件', '检查文件', 'PDF转Markdown']
2026-03-18 13:40:55.515 | INFO     | file_import_service.py:get_task_progress:223  - [7f53a942-8d77-4827-9f9f-a1ea4bce5644] 任务状态查询，当前状态：processing，已完成节点：['开始上传文件', '检查文件', 'PDF转Markdown']
2026-03-18 13:40:57.518 | INFO     | file_import_service.py:get_task_progress:223  - [7f53a942-8d77-4827-9f9f-a1ea4bce5644] 任务状态查询，当前状态：processing，已完成节点：['开始上传文件', '检查文件', 'PDF转Markdown']
2026-03-18 13:40:59.523 | INFO     | file_import_service.py:get_task_progress:223  - [7f53a942-8d77-4827-9f9f-a1ea4bce5644] 任务状态查询，当前状态：processing，已完成节点：['开始上传文件', '检查文件', 'PDF转Markdown']
2026-03-18 13:41:01.526 | INFO     | file_import_service.py:get_task_progress:223  - [7f53a942-8d77-4827-9f9f-a1ea4bce5644] 任务状态查询，当前状态：processing，已完成节点：['开始上传文件', '检查文件', 'PDF转Markdown']
2026-03-18 13:41:03.515 | INFO     | file_import_service.py:get_task_progress:223  - [7f53a942-8d77-4827-9f9f-a1ea4bce5644] 任务状态查询，当前状态：processing，已完成节点：['开始上传文件', '检查文件', 'PDF转Markdown']
2026-03-18 13:41:05.518 | INFO     | file_import_service.py:get_task_progress:223  - [7f53a942-8d77-4827-9f9f-a1ea4bce5644] 任务状态查询，当前状态：processing，已完成节点：['开始上传文件', '检查文件', 'PDF转Markdown']
2026-03-18 13:41:07.517 | INFO     | file_import_service.py:get_task_progress:223  - [7f53a942-8d77-4827-9f9f-a1ea4bce5644] 任务状态查询，当前状态：processing，已完成节点：['开始上传文件', '检查文件', 'PDF转Markdown']
2026-03-18 13:41:09.519 | INFO     | file_import_service.py:get_task_progress:223  - [7f53a942-8d77-4827-9f9f-a1ea4bce5644] 任务状态查询，当前状态：processing，已完成节点：['开始上传文件', '检查文件', 'PDF转Markdown']
2026-03-18 13:41:11.527 | INFO     | file_import_service.py:get_task_progress:223  - [7f53a942-8d77-4827-9f9f-a1ea4bce5644] 任务状态查询，当前状态：processing，已完成节点：['开始上传文件', '检查文件', 'PDF转Markdown']
2026-03-18 13:41:13.519 | INFO     | file_import_service.py:get_task_progress:223  - [7f53a942-8d77-4827-9f9f-a1ea4bce5644] 任务状态查询，当前状态：processing，已完成节点：['开始上传文件', '检查文件', 'PDF转Markdown']
2026-03-18 13:41:15.527 | INFO     | file_import_service.py:get_task_progress:223  - [7f53a942-8d77-4827-9f9f-a1ea4bce5644] 任务状态查询，当前状态：processing，已完成节点：['开始上传文件', '检查文件', 'PDF转Markdown']
2026-03-18 13:41:17.518 | INFO     | file_import_service.py:get_task_progress:223  - [7f53a942-8d77-4827-9f9f-a1ea4bce5644] 任务状态查询，当前状态：processing，已完成节点：['开始上传文件', '检查文件', 'PDF转Markdown']
2026-03-18 13:41:19.530 | INFO     | file_import_service.py:get_task_progress:223  - [7f53a942-8d77-4827-9f9f-a1ea4bce5644] 任务状态查询，当前状态：processing，已完成节点：['开始上传文件', '检查文件', 'PDF转Markdown']
2026-03-18 13:41:21.520 | INFO     | file_import_service.py:get_task_progress:223  - [7f53a942-8d77-4827-9f9f-a1ea4bce5644] 任务状态查询，当前状态：processing，已完成节点：['开始上传文件', '检查文件', 'PDF转Markdown']
2026-03-18 13:41:23.516 | INFO     | file_import_service.py:get_task_progress:223  - [7f53a942-8d77-4827-9f9f-a1ea4bce5644] 任务状态查询，当前状态：processing，已完成节点：['开始上传文件', '检查文件', 'PDF转Markdown']
2026-03-18 13:41:25.516 | INFO     | file_import_service.py:get_task_progress:223  - [7f53a942-8d77-4827-9f9f-a1ea4bce5644] 任务状态查询，当前状态：processing，已完成节点：['开始上传文件', '检查文件', 'PDF转Markdown']
2026-03-18 13:41:27.525 | INFO     | file_import_service.py:get_task_progress:223  - [7f53a942-8d77-4827-9f9f-a1ea4bce5644] 任务状态查询，当前状态：processing，已完成节点：['开始上传文件', '检查文件', 'PDF转Markdown']
2026-03-18 13:41:28.717 | INFO     | node_md_img.py      :summarize_image:184  - 图片摘要生成成功：C:\Users\admin\PycharmProjects\PythonProject16\output\20260318\7f53a942-8d77-4827-9f9f-a1ea4bce5644\hl3040网络说明书\images\33adb8d76306936ec87113eaf687621621ac2daae6c81abd03f33ea2607cf3c5.jpg，摘要：Mac OS X 系统中添加 IP 打印机的界面截图，显示协议、地址、队列等设置选项。
2026-03-18 13:41:29.516 | INFO     | file_import_service.py:get_task_progress:223  - [7f53a942-8d77-4827-9f9f-a1ea4bce5644] 任务状态查询，当前状态：processing，已完成节点：['开始上传文件', '检查文件', 'PDF转Markdown']
2026-03-18 13:41:30.972 | INFO     | node_md_img.py      :summarize_image:184  - 图片摘要生成成功：C:\Users\admin\PycharmProjects\PythonProject16\output\20260318\7f53a942-8d77-4827-9f9f-a1ea4bce5644\hl3040网络说明书\images\35c4baac7bade73e2395888ba581113b3713cae4dba01e2ed0a12c84ce9a541d.jpg，摘要：Mac OS X 系统下 Brother HL-3040 打印机设置界面，显示 LPD 协议配置及 IP 地址输入框。
2026-03-18 13:41:31.523 | INFO     | file_import_service.py:get_task_progress:223  - [7f53a942-8d77-4827-9f9f-a1ea4bce5644] 任务状态查询，当前状态：processing，已完成节点：['开始上传文件', '检查文件', 'PDF转Markdown']
2026-03-18 13:41:32.711 | INFO     | node_md_img.py      :summarize_image:184  - 图片摘要生成成功：C:\Users\admin\PycharmProjects\PythonProject16\output\20260318\7f53a942-8d77-4827-9f9f-a1ea4bce5644\hl3040网络说明书\images\36a435af66b1267fdd3d5851120274462ec81686972ca0a4ce158bd08696fbd4.jpg，摘要：Brother HL-3070CW打印机驱动安装界面，突出显示无线网络用户选项，引导用户选择无线连接方式。
2026-03-18 13:41:33.523 | INFO     | file_import_service.py:get_task_progress:223  - [7f53a942-8d77-4827-9f9f-a1ea4bce5644] 任务状态查询，当前状态：processing，已完成节点：['开始上传文件', '检查文件', 'PDF转Markdown']
2026-03-18 13:41:33.928 | INFO     | node_md_img.py      :summarize_image:184  - 图片摘要生成成功：C:\Users\admin\PycharmProjects\PythonProject16\output\20260318\7f53a942-8d77-4827-9f9f-a1ea4bce5644\hl3040网络说明书\images\36bad3c7e073bf2f31a802a63e75a04ab5d375f2a6e50e4cd69cedf8cba1deee.jpg，摘要：Windows浏览器提示打印机网站证书错误，推荐关闭页面而非继续访问，图示指引用户点击“继续浏览此网站（不推荐）”选项。
2026-03-18 13:41:34.895 | INFO     | node_md_img.py      :summarize_image:184  - 图片摘要生成成功：C:\Users\admin\PycharmProjects\PythonProject16\output\20260318\7f53a942-8d77-4827-9f9f-a1ea4bce5644\hl3040网络说明书\images\3ab065ca5f39b92983a02d2bb897c6ce984cd30f753ff5c202dc17ed07797411.jpg，摘要：证书导入向导界面，提示选择证书存储位置并引导用户点击“下一步”继续操作。
2026-03-18 13:41:35.519 | INFO     | file_import_service.py:get_task_progress:223  - [7f53a942-8d77-4827-9f9f-a1ea4bce5644] 任务状态查询，当前状态：processing，已完成节点：['开始上传文件', '检查文件', 'PDF转Markdown']
2026-03-18 13:41:36.110 | INFO     | node_md_img.py      :summarize_image:184  - 图片摘要生成成功：C:\Users\admin\PycharmProjects\PythonProject16\output\20260318\7f53a942-8d77-4827-9f9f-a1ea4bce5644\hl3040网络说明书\images\3adf4a4f4a95257b1056cb22a29476a6b989a4689da1bda25189f827dffdd95d.jpg，摘要：Windows系统下以管理员身份运行Internet Explorer的右键菜单操作步骤截图
2026-03-18 13:41:36.895 | INFO     | node_md_img.py      :summarize_image:184  - 图片摘要生成成功：C:\Users\admin\PycharmProjects\PythonProject16\output\20260318\7f53a942-8d77-4827-9f9f-a1ea4bce5644\hl3040网络说明书\images\3b2778eb08d61f2c133ce387efc531151706b8e677146c91c8843dc00f79e99c.jpg，摘要：Brother HL-3070CW系列打印机网络配置证书设置界面，显示证书状态及操作选项。
2026-03-18 13:41:37.518 | INFO     | file_import_service.py:get_task_progress:223  - [7f53a942-8d77-4827-9f9f-a1ea4bce5644] 任务状态查询，当前状态：processing，已完成节点：['开始上传文件', '检查文件', 'PDF转Markdown']
2026-03-18 13:41:37.605 | INFO     | node_md_img.py      :summarize_image:184  - 图片摘要生成成功：C:\Users\admin\PycharmProjects\PythonProject16\output\20260318\7f53a942-8d77-4827-9f9f-a1ea4bce5644\hl3040网络说明书\images\3bc91387cf8783f82abea6a7daecde37f6dde3a5c411967a9745046b0eed4f3d.jpg，摘要：Brother打印服务器有线网络指示灯说明：橙色灯表速度，绿灯表连接状态，100M亮橙、10M灭灯。
2026-03-18 13:41:39.285 | INFO     | node_md_img.py      :summarize_image:184  - 图片摘要生成成功：C:\Users\admin\PycharmProjects\PythonProject16\output\20260318\7f53a942-8d77-4827-9f9f-a1ea4bce5644\hl3040网络说明书\images\3d1a387c4d97ebd19976c80b35f4e9acfb75fd89eae3fbc6f2a5e488a853250e.jpg，摘要：HL3040打印服务器配置指南：选择设备、输入密码（默认access）、修改设置，附APIPA状态说明及网络打印注释。
2026-03-18 13:41:39.524 | INFO     | file_import_service.py:get_task_progress:223  - [7f53a942-8d77-4827-9f9f-a1ea4bce5644] 任务状态查询，当前状态：processing，已完成节点：['开始上传文件', '检查文件', 'PDF转Markdown']
2026-03-18 13:41:41.519 | INFO     | file_import_service.py:get_task_progress:223  - [7f53a942-8d77-4827-9f9f-a1ea4bce5644] 任务状态查询，当前状态：processing，已完成节点：['开始上传文件', '检查文件', 'PDF转Markdown']
2026-03-18 13:41:43.514 | INFO     | file_import_service.py:get_task_progress:223  - [7f53a942-8d77-4827-9f9f-a1ea4bce5644] 任务状态查询，当前状态：processing，已完成节点：['开始上传文件', '检查文件', 'PDF转Markdown']
2026-03-18 13:41:45.528 | INFO     | file_import_service.py:get_task_progress:223  - [7f53a942-8d77-4827-9f9f-a1ea4bce5644] 任务状态查询，当前状态：processing，已完成节点：['开始上传文件', '检查文件', 'PDF转Markdown']
2026-03-18 13:41:47.518 | INFO     | file_import_service.py:get_task_progress:223  - [7f53a942-8d77-4827-9f9f-a1ea4bce5644] 任务状态查询，当前状态：processing，已完成节点：['开始上传文件', '检查文件', 'PDF转Markdown']
2026-03-18 13:41:49.514 | INFO     | file_import_service.py:get_task_progress:223  - [7f53a942-8d77-4827-9f9f-a1ea4bce5644] 任务状态查询，当前状态：processing，已完成节点：['开始上传文件', '检查文件', 'PDF转Markdown']
2026-03-18 13:41:51.520 | INFO     | file_import_service.py:get_task_progress:223  - [7f53a942-8d77-4827-9f9f-a1ea4bce5644] 任务状态查询，当前状态：processing，已完成节点：['开始上传文件', '检查文件', 'PDF转Markdown']
2026-03-18 13:41:53.522 | INFO     | file_import_service.py:get_task_progress:223  - [7f53a942-8d77-4827-9f9f-a1ea4bce5644] 任务状态查询，当前状态：processing，已完成节点：['开始上传文件', '检查文件', 'PDF转Markdown']
2026-03-18 13:41:55.530 | INFO     | file_import_service.py:get_task_progress:223  - [7f53a942-8d77-4827-9f9f-a1ea4bce5644] 任务状态查询，当前状态：processing，已完成节点：['开始上传文件', '检查文件', 'PDF转Markdown']
2026-03-18 13:41:57.528 | INFO     | file_import_service.py:get_task_progress:223  - [7f53a942-8d77-4827-9f9f-a1ea4bce5644] 任务状态查询，当前状态：processing，已完成节点：['开始上传文件', '检查文件', 'PDF转Markdown']
2026-03-18 13:41:59.525 | INFO     | file_import_service.py:get_task_progress:223  - [7f53a942-8d77-4827-9f9f-a1ea4bce5644] 任务状态查询，当前状态：processing，已完成节点：['开始上传文件', '检查文件', 'PDF转Markdown']
2026-03-18 13:42:01.516 | INFO     | file_import_service.py:get_task_progress:223  - [7f53a942-8d77-4827-9f9f-a1ea4bce5644] 任务状态查询，当前状态：processing，已完成节点：['开始上传文件', '检查文件', 'PDF转Markdown']
2026-03-18 13:42:03.515 | INFO     | file_import_service.py:get_task_progress:223  - [7f53a942-8d77-4827-9f9f-a1ea4bce5644] 任务状态查询，当前状态：processing，已完成节点：['开始上传文件', '检查文件', 'PDF转Markdown']
2026-03-18 13:42:05.945 | INFO     | file_import_service.py:get_task_progress:223  - [7f53a942-8d77-4827-9f9f-a1ea4bce5644] 任务状态查询，当前状态：processing，已完成节点：['开始上传文件', '检查文件', 'PDF转Markdown']
2026-03-18 13:42:07.940 | INFO     | file_import_service.py:get_task_progress:223  - [7f53a942-8d77-4827-9f9f-a1ea4bce5644] 任务状态查询，当前状态：processing，已完成节点：['开始上传文件', '检查文件', 'PDF转Markdown']
2026-03-18 13:42:09.940 | INFO     | file_import_service.py:get_task_progress:223  - [7f53a942-8d77-4827-9f9f-a1ea4bce5644] 任务状态查询，当前状态：processing，已完成节点：['开始上传文件', '检查文件', 'PDF转Markdown']
2026-03-18 13:42:11.943 | INFO     | file_import_service.py:get_task_progress:223  - [7f53a942-8d77-4827-9f9f-a1ea4bce5644] 任务状态查询，当前状态：processing，已完成节点：['开始上传文件', '检查文件', 'PDF转Markdown']
2026-03-18 13:42:13.942 | INFO     | file_import_service.py:get_task_progress:223  - [7f53a942-8d77-4827-9f9f-a1ea4bce5644] 任务状态查询，当前状态：processing，已完成节点：['开始上传文件', '检查文件', 'PDF转Markdown']
2026-03-18 13:42:15.940 | INFO     | file_import_service.py:get_task_progress:223  - [7f53a942-8d77-4827-9f9f-a1ea4bce5644] 任务状态查询，当前状态：processing，已完成节点：['开始上传文件', '检查文件', 'PDF转Markdown']
2026-03-18 13:42:17.940 | INFO     | file_import_service.py:get_task_progress:223  - [7f53a942-8d77-4827-9f9f-a1ea4bce5644] 任务状态查询，当前状态：processing，已完成节点：['开始上传文件', '检查文件', 'PDF转Markdown']
2026-03-18 13:42:19.943 | INFO     | file_import_service.py:get_task_progress:223  - [7f53a942-8d77-4827-9f9f-a1ea4bce5644] 任务状态查询，当前状态：processing，已完成节点：['开始上传文件', '检查文件', 'PDF转Markdown']
2026-03-18 13:42:21.947 | INFO     | file_import_service.py:get_task_progress:223  - [7f53a942-8d77-4827-9f9f-a1ea4bce5644] 任务状态查询，当前状态：processing，已完成节点：['开始上传文件', '检查文件', 'PDF转Markdown']
2026-03-18 13:42:23.944 | INFO     | file_import_service.py:get_task_progress:223  - [7f53a942-8d77-4827-9f9f-a1ea4bce5644] 任务状态查询，当前状态：processing，已完成节点：['开始上传文件', '检查文件', 'PDF转Markdown']
2026-03-18 13:42:25.940 | INFO     | file_import_service.py:get_task_progress:223  - [7f53a942-8d77-4827-9f9f-a1ea4bce5644] 任务状态查询，当前状态：processing，已完成节点：['开始上传文件', '检查文件', 'PDF转Markdown']
2026-03-18 13:42:27.940 | INFO     | file_import_service.py:get_task_progress:223  - [7f53a942-8d77-4827-9f9f-a1ea4bce5644] 任务状态查询，当前状态：processing，已完成节点：['开始上传文件', '检查文件', 'PDF转Markdown']
2026-03-18 13:42:28.388 | INFO     | node_md_img.py      :summarize_image:184  - 图片摘要生成成功：C:\Users\admin\PycharmProjects\PythonProject16\output\20260318\7f53a942-8d77-4827-9f9f-a1ea4bce5644\hl3040网络说明书\images\3e47e820c5be2d8e829982a229654ed996355e222360799a2af91ecb14fb0790.jpg，摘要：HL3040网络设置指南：无线用户连接与UAC权限确认操作说明
2026-03-18 13:42:29.939 | INFO     | file_import_service.py:get_task_progress:223  - [7f53a942-8d77-4827-9f9f-a1ea4bce5644] 任务状态查询，当前状态：processing，已完成节点：['开始上传文件', '检查文件', 'PDF转Markdown']
2026-03-18 13:42:30.511 | INFO     | node_md_img.py      :summarize_image:184  - 图片摘要生成成功：C:\Users\admin\PycharmProjects\PythonProject16\output\20260318\7f53a942-8d77-4827-9f9f-a1ea4bce5644\hl3040网络说明书\images\3f093688f0b20c6943d7cd12b6f782f80bcc4be54fd4c78acf9e75fb91ca31c9.jpg，摘要：Brother HL3040打印机证书安装指南：步骤a-d，仅支持CA签发的证书文件。
2026-03-18 13:42:31.926 | INFO     | node_md_img.py      :summarize_image:184  - 图片摘要生成成功：C:\Users\admin\PycharmProjects\PythonProject16\output\20260318\7f53a942-8d77-4827-9f9f-a1ea4bce5644\hl3040网络说明书\images\4048df6e46b06049e9253ee6d2684df10c317f1bc87df81bbc75689dd3cd1446.jpg，摘要：HL3040打印机驱动安装指南：选择文件夹、确认型号、处理用户账户控制及驱动证书警告。
2026-03-18 13:42:31.942 | INFO     | file_import_service.py:get_task_progress:223  - [7f53a942-8d77-4827-9f9f-a1ea4bce5644] 任务状态查询，当前状态：processing，已完成节点：['开始上传文件', '检查文件', 'PDF转Markdown']
2026-03-18 13:42:33.671 | INFO     | node_md_img.py      :summarize_image:184  - 图片摘要生成成功：C:\Users\admin\PycharmProjects\PythonProject16\output\20260318\7f53a942-8d77-4827-9f9f-a1ea4bce5644\hl3040网络说明书\images\421f81109f141a2eae6a48d789f07bd3b0945b7b71c342f7072dc6d1202b676b.jpg，摘要：HP打印机网络配置说明：提供兼容Jetdirect的HTTP URL格式，简化IP地址输入，便于设备连接与数据传输。
2026-03-18 13:42:33.948 | INFO     | file_import_service.py:get_task_progress:223  - [7f53a942-8d77-4827-9f9f-a1ea4bce5644] 任务状态查询，当前状态：processing，已完成节点：['开始上传文件', '检查文件', 'PDF转Markdown']
2026-03-18 13:42:34.692 | INFO     | node_md_img.py      :summarize_image:184  - 图片摘要生成成功：C:\Users\admin\PycharmProjects\PythonProject16\output\20260318\7f53a942-8d77-4827-9f9f-a1ea4bce5644\hl3040网络说明书\images\42382376a0700800bdbb58469e6418fcada90e711162a057aed8f46f247881e6.jpg，摘要：图示说明如何通过网线连接路由器与设备，实现远程配置无线网络设置，支持SES/WPS或AOSS功能。
2026-03-18 13:42:35.757 | INFO     | node_md_img.py      :summarize_image:184  - 图片摘要生成成功：C:\Users\admin\PycharmProjects\PythonProject16\output\20260318\7f53a942-8d77-4827-9f9f-a1ea4bce5644\hl3040网络说明书\images\438c8ff80ebccb1499ba32d96cd43d0c07dc42f12d42f01822a1299bb7f5ec1d.jpg，摘要：打印机激活配置指南：安装自签名证书以支持SSL/TLS通信，适用于IE6及管理员权限Windows系统。
2026-03-18 13:42:35.947 | INFO     | file_import_service.py:get_task_progress:223  - [7f53a942-8d77-4827-9f9f-a1ea4bce5644] 任务状态查询，当前状态：processing，已完成节点：['开始上传文件', '检查文件', 'PDF转Markdown']
2026-03-18 13:42:36.709 | INFO     | node_md_img.py      :summarize_image:184  - 图片摘要生成成功：C:\Users\admin\PycharmProjects\PythonProject16\output\20260318\7f53a942-8d77-4827-9f9f-a1ea4bce5644\hl3040网络说明书\images\43c195045bb57c0d4bd1266a99a1db0a783d66ba68975eaf122eb5c78a775121.jpg，摘要：打印机网络设置操作指南：设备信息界面，指导用户选择打印网络配置并注意IP地址异常处理。
2026-03-18 13:42:37.669 | INFO     | node_md_img.py      :summarize_image:184  - 图片摘要生成成功：C:\Users\admin\PycharmProjects\PythonProject16\output\20260318\7f53a942-8d77-4827-9f9f-a1ea4bce5644\hl3040网络说明书\images\4415d08aae1b2d21e69d0073fad158788978cf286a8d5da216292f9a1e1a88e8.jpg，摘要：Windows 7 网络打印机安装指南：同意许可协议、选择共享打印机及队列设置步骤说明。
2026-03-18 13:42:37.933 | INFO     | file_import_service.py:get_task_progress:223  - [7f53a942-8d77-4827-9f9f-a1ea4bce5644] 任务状态查询，当前状态：processing，已完成节点：['开始上传文件', '检查文件', 'PDF转Markdown']
2026-03-18 13:42:38.561 | INFO     | node_md_img.py      :summarize_image:184  - 图片摘要生成成功：C:\Users\admin\PycharmProjects\PythonProject16\output\20260318\7f53a942-8d77-4827-9f9f-a1ea4bce5644\hl3040网络说明书\images\45106a8ad3ef37c66f84cb694f0cf4bd4ef108c51994275827843971e2a08810.jpg，摘要：BRAdmin Light实用程序配置指南，支持Windows Server 2003/2008及Mac OS X 10.3.9以上系统，附下载链接。
2026-03-18 13:42:39.941 | INFO     | file_import_service.py:get_task_progress:223  - [7f53a942-8d77-4827-9f9f-a1ea4bce5644] 任务状态查询，当前状态：processing，已完成节点：['开始上传文件', '检查文件', 'PDF转Markdown']
2026-03-18 13:42:41.948 | INFO     | file_import_service.py:get_task_progress:223  - [7f53a942-8d77-4827-9f9f-a1ea4bce5644] 任务状态查询，当前状态：processing，已完成节点：['开始上传文件', '检查文件', 'PDF转Markdown']
2026-03-18 13:42:43.933 | INFO     | file_import_service.py:get_task_progress:223  - [7f53a942-8d77-4827-9f9f-a1ea4bce5644] 任务状态查询，当前状态：processing，已完成节点：['开始上传文件', '检查文件', 'PDF转Markdown']
2026-03-18 13:42:45.936 | INFO     | file_import_service.py:get_task_progress:223  - [7f53a942-8d77-4827-9f9f-a1ea4bce5644] 任务状态查询，当前状态：processing，已完成节点：['开始上传文件', '检查文件', 'PDF转Markdown']
2026-03-18 13:42:47.947 | INFO     | file_import_service.py:get_task_progress:223  - [7f53a942-8d77-4827-9f9f-a1ea4bce5644] 任务状态查询，当前状态：processing，已完成节点：['开始上传文件', '检查文件', 'PDF转Markdown']
2026-03-18 13:42:49.934 | INFO     | file_import_service.py:get_task_progress:223  - [7f53a942-8d77-4827-9f9f-a1ea4bce5644] 任务状态查询，当前状态：processing，已完成节点：['开始上传文件', '检查文件', 'PDF转Markdown']
2026-03-18 13:42:51.945 | INFO     | file_import_service.py:get_task_progress:223  - [7f53a942-8d77-4827-9f9f-a1ea4bce5644] 任务状态查询，当前状态：processing，已完成节点：['开始上传文件', '检查文件', 'PDF转Markdown']
2026-03-18 13:42:53.934 | INFO     | file_import_service.py:get_task_progress:223  - [7f53a942-8d77-4827-9f9f-a1ea4bce5644] 任务状态查询，当前状态：processing，已完成节点：['开始上传文件', '检查文件', 'PDF转Markdown']
2026-03-18 13:42:55.940 | INFO     | file_import_service.py:get_task_progress:223  - [7f53a942-8d77-4827-9f9f-a1ea4bce5644] 任务状态查询，当前状态：processing，已完成节点：['开始上传文件', '检查文件', 'PDF转Markdown']
2026-03-18 13:42:57.940 | INFO     | file_import_service.py:get_task_progress:223  - [7f53a942-8d77-4827-9f9f-a1ea4bce5644] 任务状态查询，当前状态：processing，已完成节点：['开始上传文件', '检查文件', 'PDF转Markdown']
2026-03-18 13:42:59.946 | INFO     | file_import_service.py:get_task_progress:223  - [7f53a942-8d77-4827-9f9f-a1ea4bce5644] 任务状态查询，当前状态：processing，已完成节点：['开始上传文件', '检查文件', 'PDF转Markdown']
2026-03-18 13:43:01.941 | INFO     | file_import_service.py:get_task_progress:223  - [7f53a942-8d77-4827-9f9f-a1ea4bce5644] 任务状态查询，当前状态：processing，已完成节点：['开始上传文件', '检查文件', 'PDF转Markdown']
2026-03-18 13:43:03.945 | INFO     | file_import_service.py:get_task_progress:223  - [7f53a942-8d77-4827-9f9f-a1ea4bce5644] 任务状态查询，当前状态：processing，已完成节点：['开始上传文件', '检查文件', 'PDF转Markdown']
2026-03-18 13:43:28.547 | INFO     | node_md_img.py      :summarize_image:184  - 图片摘要生成成功：C:\Users\admin\PycharmProjects\PythonProject16\output\20260318\7f53a942-8d77-4827-9f9f-a1ea4bce5644\hl3040网络说明书\images\4542622d899002b6a726829923462778187b3d7d94c3acbae3c692f9775e99f5.jpg，摘要：Aoss™ 无线配置图标，用于 Brother 设备快速连接网络，支持 SES/WPS 配置方式。
2026-03-18 13:43:30.822 | INFO     | node_md_img.py      :summarize_image:184  - 图片摘要生成成功：C:\Users\admin\PycharmProjects\PythonProject16\output\20260318\7f53a942-8d77-4827-9f9f-a1ea4bce5644\hl3040网络说明书\images\45c3e03f32350afa48009f34ac5ba02dc538adda29fbfcbf77f2a8ea531ce3ab.jpg，摘要：无线设置向导：连接成功或失败选项，指引用户检查状态并处理连接问题。
2026-03-18 13:43:32.408 | INFO     | node_md_img.py      :summarize_image:184  - 图片摘要生成成功：C:\Users\admin\PycharmProjects\PythonProject16\output\20260318\7f53a942-8d77-4827-9f9f-a1ea4bce5644\hl3040网络说明书\images\4627688b527444353c45d890d5e3935094a9bb14f7d45d4a05d7986ddfd217d6.jpg，摘要：Brother打印机网络设置指南：Windows用户使用BRAdmin专业版3更改打印服务器配置，附下载链接与版本说明。
2026-03-18 13:43:33.588 | INFO     | node_md_img.py      :summarize_image:184  - 图片摘要生成成功：C:\Users\admin\PycharmProjects\PythonProject16\output\20260318\7f53a942-8d77-4827-9f9f-a1ea4bce5644\hl3040网络说明书\images\463b34b2569a7b27a54db3f3cf4fbdf77de60889d7479a85103192cabbaad961.jpg，摘要：BRAdmin Light 软件界面截图，显示未配置设备的MAC地址及IP地址信息，用于网络设备管理。
2026-03-18 13:43:35.056 | INFO     | node_md_img.py      :summarize_image:184  - 图片摘要生成成功：C:\Users\admin\PycharmProjects\PythonProject16\output\20260318\7f53a942-8d77-4827-9f9f-a1ea4bce5644\hl3040网络说明书\images\489593e2681cd079f98674e6ebf9a750bfa48d329875afa7d7dc009fd43bd6df.jpg，摘要：HL3040网络说明书：配置HTTPS访问时，可使用IP地址或DNS名称，需匹配证书域名并注意hosts文件设置。
2026-03-18 13:43:35.694 | INFO     | node_md_img.py      :summarize_image:184  - 图片摘要生成成功：C:\Users\admin\PycharmProjects\PythonProject16\output\20260318\7f53a942-8d77-4827-9f9f-a1ea4bce5644\hl3040网络说明书\images\49d80fe86f128f8c8a2a967194a529d062e0145ec99ba18c1221f6c459003386.jpg，摘要：HL-3070CW打印机Wi-Fi Protected Setup PIN配置示意图，展示与路由器及电脑的无线连接过程。
2026-03-18 13:43:37.243 | INFO     | node_md_img.py      :summarize_image:184  - 图片摘要生成成功：C:\Users\admin\PycharmProjects\PythonProject16\output\20260318\7f53a942-8d77-4827-9f9f-a1ea4bce5644\hl3040网络说明书\images\4a691caac993da7e2945ed3024186a05a288dc60680e5e4625111e704c174e14.jpg，摘要：BRAdmin Professional 3 界面截图，显示 Brother HL-3070CW 打印机状态为就绪，支持网络配置与管理。
2026-03-18 13:43:38.145 | INFO     | node_md_img.py      :summarize_image:184  - 图片摘要生成成功：C:\Users\admin\PycharmProjects\PythonProject16\output\20260318\7f53a942-8d77-4827-9f9f-a1ea4bce5644\hl3040网络说明书\images\4d6f69380b333763ffc41a3d5534336f0eac69fde29c62675a3e2c8d4d3477bb.jpg，摘要：图片显示网络连接失败提示及Windows/Mac无线安装完成说明，建议重置或继续驱动安装。
2026-03-18 13:43:39.326 | INFO     | node_md_img.py      :summarize_image:184  - 图片摘要生成成功：C:\Users\admin\PycharmProjects\PythonProject16\output\20260318\7f53a942-8d77-4827-9f9f-a1ea4bce5644\hl3040网络说明书\images\4e114bf8a2542103945bde52249a7ca629631bc88c18827f36647659cf203fee.jpg，摘要：网络打印机共享与本地USB连接示意图：多台Windows电脑通过TCP/IP共享打印，或单机直连USB打印机。
2026-03-18 13:43:56.943 | INFO     | file_import_service.py:get_task_progress:223  - [7f53a942-8d77-4827-9f9f-a1ea4bce5644] 任务状态查询，当前状态：processing，已完成节点：['开始上传文件', '检查文件', 'PDF转Markdown']
2026-03-18 13:44:28.897 | INFO     | node_md_img.py      :summarize_image:184  - 图片摘要生成成功：C:\Users\admin\PycharmProjects\PythonProject16\output\20260318\7f53a942-8d77-4827-9f9f-a1ea4bce5644\hl3040网络说明书\images\4eaf24ed1a59938c965f799a0dd69d6f0a578fe6d21b822f0d2acb0ca4fa57bf.jpg，摘要：HL3040网络设置说明：输入WPS PIN完成设备注册，注意不同路由器界面差异及Windows系统兼容性。
2026-03-18 13:44:30.515 | INFO     | node_md_img.py      :summarize_image:184  - 图片摘要生成成功：C:\Users\admin\PycharmProjects\PythonProject16\output\20260318\7f53a942-8d77-4827-9f9f-a1ea4bce5644\hl3040网络说明书\images\4fd1868b0f1d38122b1cbeaac85d66a5745302ae771a35b8cad1d5f59ea70dd3.jpg，摘要：打印机网络配置说明：DHCP自动获取IP，支持RFC名称服务；可设静态IP避免冲突。
2026-03-18 13:44:31.900 | INFO     | node_md_img.py      :summarize_image:184  - 图片摘要生成成功：C:\Users\admin\PycharmProjects\PythonProject16\output\20260318\7f53a942-8d77-4827-9f9f-a1ea4bce5644\hl3040网络说明书\images\51e0ec483622ab0a662141f4126f09ac6836f8bc272f0de36189ea64508e86a7.jpg，摘要：配置POP3/SMTP设置说明，含端口调整与ISP服务兼容性提示
2026-03-18 13:44:33.290 | INFO     | node_md_img.py      :summarize_image:184  - 图片摘要生成成功：C:\Users\admin\PycharmProjects\PythonProject16\output\20260318\7f53a942-8d77-4827-9f9f-a1ea4bce5644\hl3040网络说明书\images\52564a2d3d73ba04868fe45fa2dc1cface510ed23d998c632c54a3088b93bc57.jpg，摘要：HL3040打印机网络配置页说明：出厂设置重启操作及节点名称默认规则（有线/无线）
2026-03-18 13:44:34.699 | INFO     | node_md_img.py      :summarize_image:184  - 图片摘要生成成功：C:\Users\admin\PycharmProjects\PythonProject16\output\20260318\7f53a942-8d77-4827-9f9f-a1ea4bce5644\hl3040网络说明书\images\558d492799f8df5dfa5c059a6b707612557efe1ab63edcc34b99d98cca5e603f.jpg，摘要：证书导出向导界面，提示指定文件名并点击“浏览”选择保存路径。
2026-03-18 13:44:35.948 | INFO     | node_md_img.py      :summarize_image:184  - 图片摘要生成成功：C:\Users\admin\PycharmProjects\PythonProject16\output\20260318\7f53a942-8d77-4827-9f9f-a1ea4bce5644\hl3040网络说明书\images\55dbff38ff08b5d134712d51fb98bfe6565ac66252290fee758d9bd1ac0e4496.jpg，摘要：HL3040打印机驱动安装界面，选择适用的驱动程序并继续配置。
2026-03-18 13:44:36.955 | INFO     | node_md_img.py      :summarize_image:184  - 图片摘要生成成功：C:\Users\admin\PycharmProjects\PythonProject16\output\20260318\7f53a942-8d77-4827-9f9f-a1ea4bce5644\hl3040网络说明书\images\56ab98abfc1688dfb9ae830fc64506d3640d2230b6274cb8c9057fc77e4e7947.jpg，摘要：HL3040打印机网络设置指南：登录配置界面并更改参数，支持高级功能下载。
2026-03-18 13:44:38.825 | INFO     | node_md_img.py      :summarize_image:184  - 图片摘要生成成功：C:\Users\admin\PycharmProjects\PythonProject16\output\20260318\7f53a942-8d77-4827-9f9f-a1ea4bce5644\hl3040网络说明书\images\584cdd42bcddec0c182302ba82dd84fad0c1969ef45e52608754b83e263c1738.jpg，摘要：Brother HL系列打印机网络配置界面，显示IP地址选择与驱动程序设置选项。
2026-03-18 13:44:39.558 | INFO     | node_md_img.py      :summarize_image:184  - 图片摘要生成成功：C:\Users\admin\PycharmProjects\PythonProject16\output\20260318\7f53a942-8d77-4827-9f9f-a1ea4bce5644\hl3040网络说明书\images\5af26fd7a36fa7d4240fa7dbec91475579d50176a1363423cc142a63cda18ff9.jpg，摘要：Windows 用户账户控制弹窗，提示未识别程序 Inst32.exe 请求访问，提供“允许”与“取消”选项供用户选择。
2026-03-18 13:44:56.935 | INFO     | file_import_service.py:get_task_progress:223  - [7f53a942-8d77-4827-9f9f-a1ea4bce5644] 任务状态查询，当前状态：processing，已完成节点：['开始上传文件', '检查文件', 'PDF转Markdown']
2026-03-18 13:45:28.475 | INFO     | node_md_img.py      :summarize_image:184  - 图片摘要生成成功：C:\Users\admin\PycharmProjects\PythonProject16\output\20260318\7f53a942-8d77-4827-9f9f-a1ea4bce5644\hl3040网络说明书\images\5ba9c12ba8a054f4d2fbc6b6dbe375181971bad97fea516a31eb9c726f79e485.jpg，摘要：网络设置指南：选择接入点并完成配置，避免使用默认SSID“SETUP”，确保设备与AP在有效通信范围内。
2026-03-18 13:45:30.847 | INFO     | node_md_img.py      :summarize_image:184  - 图片摘要生成成功：C:\Users\admin\PycharmProjects\PythonProject16\output\20260318\7f53a942-8d77-4827-9f9f-a1ea4bce5644\hl3040网络说明书\images\5bffdd8910600a1c1b6138cc49aa10611b7c3c1647771f1d0003a788d2c1b7ec.jpg，摘要：基础架构模式网络拓扑图：无线打印机通过接入点连接有线/无线设备，实现打印作业传输。
2026-03-18 13:45:31.953 | INFO     | node_md_img.py      :summarize_image:184  - 图片摘要生成成功：C:\Users\admin\PycharmProjects\PythonProject16\output\20260318\7f53a942-8d77-4827-9f9f-a1ea4bce5644\hl3040网络说明书\images\5c526742fbdd533d8efc07e58a6e2e92d776ff0f6a888c0ecd5cf0c00ae51615.jpg，摘要：APOP扩展POP3加密验证，支持通过网络浏览器配置协议与安全设置，推荐Windows用户使用IE6或Firefox1.0以上版本。
2026-03-18 13:45:33.966 | INFO     | node_md_img.py      :summarize_image:184  - 图片摘要生成成功：C:\Users\admin\PycharmProjects\PythonProject16\output\20260318\7f53a942-8d77-4827-9f9f-a1ea4bce5644\hl3040网络说明书\images\5fac36f0586b9ba5046d51f85ec3052b90cad1e29c89fb412aecddadab7e838c.jpg，摘要：“hl3040网络说明书”截图：安装完成提示与操作面板功能概述，含LCD屏、按钮及LED指示灯说明。
2026-03-18 13:45:34.618 | INFO     | node_md_img.py      :summarize_image:184  - 图片摘要生成成功：C:\Users\admin\PycharmProjects\PythonProject16\output\20260318\7f53a942-8d77-4827-9f9f-a1ea4bce5644\hl3040网络说明书\images\633aa3539a165cbcdbc36a9e509f5ac54b591a4d897e4bfcd39be44d6cd08123.jpg，摘要：Mac OS X 系统中配置 Brother HL-3070CW 打印机的驱动界面，显示型号选择与网络设置选项。
2026-03-18 13:45:35.975 | INFO     | node_md_img.py      :summarize_image:184  - 图片摘要生成成功：C:\Users\admin\PycharmProjects\PythonProject16\output\20260318\7f53a942-8d77-4827-9f9f-a1ea4bce5644\hl3040网络说明书\images\633ddd08e3c60c02f48acd2b6929d41ab972ffd80f2becad7edb6e986fbdc3db.jpg，摘要：Windows Vista/7 网络设置指南：配置IP地址与子网验证步骤说明
2026-03-18 13:45:36.726 | INFO     | node_md_img.py      :summarize_image:184  - 图片摘要生成成功：C:\Users\admin\PycharmProjects\PythonProject16\output\20260318\7f53a942-8d77-4827-9f9f-a1ea4bce5644\hl3040网络说明书\images\6386901615450d8407b4afbb398545341825a8f862fbf4a2bd8a76118fcd0236.jpg，摘要：HL3040打印机对等网络连接示意图：多台Windows电脑通过TCP/IP直接连接至打印机，无需中央队列。
2026-03-18 13:45:38.621 | INFO     | node_md_img.py      :summarize_image:184  - 图片摘要生成成功：C:\Users\admin\PycharmProjects\PythonProject16\output\20260318\7f53a942-8d77-4827-9f9f-a1ea4bce5644\hl3040网络说明书\images\63c673fe29bce88c8ad78bf1ad572b3c17c666be6a284ee3918db4febb569430.jpg，摘要：Windows 文件保存对话框，用户正将证书文件命名为“Certificate”，保存类型为“.cer”格式，箭头指向“保存”按钮。
2026-03-18 13:45:39.869 | INFO     | node_md_img.py      :summarize_image:184  - 图片摘要生成成功：C:\Users\admin\PycharmProjects\PythonProject16\output\20260318\7f53a942-8d77-4827-9f9f-a1ea4bce5644\hl3040网络说明书\images\640f6af984be91d99273dbf67021500db0d8d48dbcc82b024622113aadae61ec.jpg，摘要：选择“受信任的根证书颁发机构”存储位置并点击“确定”按钮的界面截图。
2026-03-18 13:45:56.947 | INFO     | file_import_service.py:get_task_progress:223  - [7f53a942-8d77-4827-9f9f-a1ea4bce5644] 任务状态查询，当前状态：processing，已完成节点：['开始上传文件', '检查文件', 'PDF转Markdown']
2026-03-18 13:46:28.490 | INFO     | node_md_img.py      :summarize_image:184  - 图片摘要生成成功：C:\Users\admin\PycharmProjects\PythonProject16\output\20260318\7f53a942-8d77-4827-9f9f-a1ea4bce5644\hl3040网络说明书\images\644e1bd41aa6b32e86b2b973aa314cfb0ac4498a71a47381b359aa9594accca5.jpg，摘要：HL3040打印机无线网络配置指南：输入默认账号密码，设置协议并重启生效，支持安全管理。
2026-03-18 13:46:31.513 | INFO     | node_md_img.py      :summarize_image:184  - 图片摘要生成成功：C:\Users\admin\PycharmProjects\PythonProject16\output\20260318\7f53a942-8d77-4827-9f9f-a1ea4bce5644\hl3040网络说明书\images\65c9e48bc6096fc8ba85e176dd6502f474b22691df2b90640ba03b6ca8c78621.jpg，摘要：Brother HL-3070CW 打印机驱动安装界面，突出显示无线网络用户选项，支持无线连接设置。
2026-03-18 13:46:32.336 | INFO     | node_md_img.py      :summarize_image:184  - 图片摘要生成成功：C:\Users\admin\PycharmProjects\PythonProject16\output\20260318\7f53a942-8d77-4827-9f9f-a1ea4bce5644\hl3040网络说明书\images\67338d58cbacad2e28f3df3da8433ff96f468a4763a09681e1868c7a358a5efc.jpg，摘要：HL-3000系列打印机连接中，系统正在搜索并提示用户稍候选择设备。
2026-03-18 13:46:33.312 | INFO     | node_md_img.py      :summarize_image:184  - 图片摘要生成成功：C:\Users\admin\PycharmProjects\PythonProject16\output\20260318\7f53a942-8d77-4827-9f9f-a1ea4bce5644\hl3040网络说明书\images\6779915fec21875b84b5e17202069f61317a565d6a9135111b1dde51a32776aa.jpg，摘要：证书导入向导欢迎界面，提示用户点击“下一步”继续导入证书、信任列表及吊销列表。
2026-03-18 13:46:34.760 | INFO     | node_md_img.py      :summarize_image:184  - 图片摘要生成成功：C:\Users\admin\PycharmProjects\PythonProject16\output\20260318\7f53a942-8d77-4827-9f9f-a1ea4bce5644\hl3040网络说明书\images\68c2d34179f34b999e7a6a797c215d895ac49365b95b407eee959cb025b9846c.jpg，摘要：HL-3070CW打印机操作面板布局图，含LCD屏、导航键及功能按钮说明
2026-03-18 13:46:35.762 | INFO     | node_md_img.py      :summarize_image:184  - 图片摘要生成成功：C:\Users\admin\PycharmProjects\PythonProject16\output\20260318\7f53a942-8d77-4827-9f9f-a1ea4bce5644\hl3040网络说明书\images\6a58faf3abf098d1b63b9b5243cc549721c39f273afde06f1d2bde0287cdb321.jpg，摘要：Mac系统添加IP打印机设置界面，显示LPD协议配置步骤及地址输入框
2026-03-18 13:46:36.846 | INFO     | node_md_img.py      :summarize_image:184  - 图片摘要生成成功：C:\Users\admin\PycharmProjects\PythonProject16\output\20260318\7f53a942-8d77-4827-9f9f-a1ea4bce5644\hl3040网络说明书\images\6a856833a33dfdb5f7d7aa97402ae0491f4a812cc041a7e67486b93afa241116.jpg，摘要：Brother打印服务器支持共享键加密与SSL/TLS安全协议，配置指南见第76页。
2026-03-18 13:46:37.907 | INFO     | node_md_img.py      :summarize_image:184  - 图片摘要生成成功：C:\Users\admin\PycharmProjects\PythonProject16\output\20260318\7f53a942-8d77-4827-9f9f-a1ea4bce5644\hl3040网络说明书\images\6af7fe67f71bc5c928fd5f5c1458cfd50daf13b7902ae89eb467d3654916ba0a.jpg，摘要：无线网络设置界面：输入SSID名称（如WLAN），选择频道，点击“下一步”继续配置。
2026-03-18 13:46:39.713 | INFO     | node_md_img.py      :summarize_image:184  - 图片摘要生成成功：C:\Users\admin\PycharmProjects\PythonProject16\output\20260318\7f53a942-8d77-4827-9f9f-a1ea4bce5644\hl3040网络说明书\images\6bd34ce757b21edaa375cd433edbe7636fcfba44d441f0b4078cce5d9f47a221.jpg，摘要：网络设备密码设置与证书导出指南，含故障排除说明及文件导入功能。
2026-03-18 13:46:56.949 | INFO     | file_import_service.py:get_task_progress:223  - [7f53a942-8d77-4827-9f9f-a1ea4bce5644] 任务状态查询，当前状态：processing，已完成节点：['开始上传文件', '检查文件', 'PDF转Markdown']
2026-03-18 13:47:28.170 | INFO     | node_md_img.py      :summarize_image:184  - 图片摘要生成成功：C:\Users\admin\PycharmProjects\PythonProject16\output\20260318\7f53a942-8d77-4827-9f9f-a1ea4bce5644\hl3040网络说明书\images\6d0ce415a8ea25845e4ebf5a5023ef341dde1fe1a4d0403dfc7a8558b6462d29.jpg，摘要：Brother HL3040网络打印机IPPS安全打印设置说明，适用于Windows系统用户。
2026-03-18 13:47:30.540 | INFO     | node_md_img.py      :summarize_image:184  - 图片摘要生成成功：C:\Users\admin\PycharmProjects\PythonProject16\output\20260318\7f53a942-8d77-4827-9f9f-a1ea4bce5644\hl3040网络说明书\images\71b05a356d8990af4532f2d2e3f6439c9f8cd6380220c1ba97e0a00d4a4f9376.jpg，摘要：网络设备浏览器配置指南：查看状态、修改网络设置及软件版本信息，推荐使用IE6或Firefox1.0以上版本。
2026-03-18 13:47:32.041 | INFO     | node_md_img.py      :summarize_image:184  - 图片摘要生成成功：C:\Users\admin\PycharmProjects\PythonProject16\output\20260318\7f53a942-8d77-4827-9f9f-a1ea4bce5644\hl3040网络说明书\images\7700465df827278887a8a1962e621e5c6d482c97eba90aed59d2fe96e672225d.jpg，摘要：蓝色“确定！”按钮图标，用于确认打印机设置选项，如默认打印机和状态监控器的启用与否。
2026-03-18 13:47:33.329 | INFO     | node_md_img.py      :summarize_image:184  - 图片摘要生成成功：C:\Users\admin\PycharmProjects\PythonProject16\output\20260318\7f53a942-8d77-4827-9f9f-a1ea4bce5644\hl3040网络说明书\images\78859b910695ef844b79e797f4e102a83ca67575b540166a92a83d0facbf1412.jpg，摘要：Brother HL-3070CW打印机驱动安装界面，突出显示无线网络用户选项，支持无线连接设置。
2026-03-18 13:47:34.846 | INFO     | node_md_img.py      :summarize_image:184  - 图片摘要生成成功：C:\Users\admin\PycharmProjects\PythonProject16\output\20260318\7f53a942-8d77-4827-9f9f-a1ea4bce5644\hl3040网络说明书\images\7958eff349b004a51f33e5c7196f33117e0effecacf4fdab2826b74fc0997609.jpg，摘要：HL3040网络说明书截图：指导用户选择驱动程序创建选项，适用于共享打印机队列或避免重复安装驱动。
2026-03-18 13:47:35.980 | INFO     | node_md_img.py      :summarize_image:184  - 图片摘要生成成功：C:\Users\admin\PycharmProjects\PythonProject16\output\20260318\7f53a942-8d77-4827-9f9f-a1ea4bce5644\hl3040网络说明书\images\7ad49c7a8c69c41a43fb479f61c32d6ffd4078ff86de84c44b50afad6ca4ed96.jpg，摘要：无线设备设置向导提示安全设置错误，需重试并确认网络配置，点击“完成”继续。
2026-03-18 13:47:37.169 | INFO     | node_md_img.py      :summarize_image:184  - 图片摘要生成成功：C:\Users\admin\PycharmProjects\PythonProject16\output\20260318\7f53a942-8d77-4827-9f9f-a1ea4bce5644\hl3040网络说明书\images\7d4c9e439687f5a1764884ff32f7c0b7f9584c31a277eb4c88d204abc4dcaa7c.jpg，摘要：Brother HL-3070CW打印机网络配置界面，显示POP3/SMTP邮件设置选项及参数输入框。
2026-03-18 13:47:37.918 | INFO     | node_md_img.py      :summarize_image:184  - 图片摘要生成成功：C:\Users\admin\PycharmProjects\PythonProject16\output\20260318\7f53a942-8d77-4827-9f9f-a1ea4bce5644\hl3040网络说明书\images\7d931bd33bda1a9a84c8980780a64a56823e1fb4db38b78c8b6389c9b44f5470.jpg，摘要：Windows防火墙设置指南：关闭防火墙并重启以解决Brother网络打印软件安装问题
2026-03-18 13:47:39.761 | INFO     | node_md_img.py      :summarize_image:184  - 图片摘要生成成功：C:\Users\admin\PycharmProjects\PythonProject16\output\20260318\7f53a942-8d77-4827-9f9f-a1ea4bce5644\hl3040网络说明书\images\7e26def3f60a33d3c96d8a4fd7f16a2a2ae979dfe69886276c734a48c19c4914.jpg，摘要：无线设备安装向导界面，提示断开设备与接入点连接并点击“下一步”，完成无线设置。
2026-03-18 13:47:56.936 | INFO     | file_import_service.py:get_task_progress:223  - [7f53a942-8d77-4827-9f9f-a1ea4bce5644] 任务状态查询，当前状态：processing，已完成节点：['开始上传文件', '检查文件', 'PDF转Markdown']
2026-03-18 13:48:09.512 | INFO     | file_import_service.py:get_task_progress:223  - [7f53a942-8d77-4827-9f9f-a1ea4bce5644] 任务状态查询，当前状态：processing，已完成节点：['开始上传文件', '检查文件', 'PDF转Markdown']
2026-03-18 13:48:11.949 | INFO     | file_import_service.py:get_task_progress:223  - [7f53a942-8d77-4827-9f9f-a1ea4bce5644] 任务状态查询，当前状态：processing，已完成节点：['开始上传文件', '检查文件', 'PDF转Markdown']
2026-03-18 13:48:13.939 | INFO     | file_import_service.py:get_task_progress:223  - [7f53a942-8d77-4827-9f9f-a1ea4bce5644] 任务状态查询，当前状态：processing，已完成节点：['开始上传文件', '检查文件', 'PDF转Markdown']
2026-03-18 13:48:15.945 | INFO     | file_import_service.py:get_task_progress:223  - [7f53a942-8d77-4827-9f9f-a1ea4bce5644] 任务状态查询，当前状态：processing，已完成节点：['开始上传文件', '检查文件', 'PDF转Markdown']
2026-03-18 13:48:17.938 | INFO     | file_import_service.py:get_task_progress:223  - [7f53a942-8d77-4827-9f9f-a1ea4bce5644] 任务状态查询，当前状态：processing，已完成节点：['开始上传文件', '检查文件', 'PDF转Markdown']
2026-03-18 13:48:19.942 | INFO     | file_import_service.py:get_task_progress:223  - [7f53a942-8d77-4827-9f9f-a1ea4bce5644] 任务状态查询，当前状态：processing，已完成节点：['开始上传文件', '检查文件', 'PDF转Markdown']
2026-03-18 13:48:21.936 | INFO     | file_import_service.py:get_task_progress:223  - [7f53a942-8d77-4827-9f9f-a1ea4bce5644] 任务状态查询，当前状态：processing，已完成节点：['开始上传文件', '检查文件', 'PDF转Markdown']
2026-03-18 13:48:23.946 | INFO     | file_import_service.py:get_task_progress:223  - [7f53a942-8d77-4827-9f9f-a1ea4bce5644] 任务状态查询，当前状态：processing，已完成节点：['开始上传文件', '检查文件', 'PDF转Markdown']
2026-03-18 13:48:25.947 | INFO     | file_import_service.py:get_task_progress:223  - [7f53a942-8d77-4827-9f9f-a1ea4bce5644] 任务状态查询，当前状态：processing，已完成节点：['开始上传文件', '检查文件', 'PDF转Markdown']
2026-03-18 13:48:27.941 | INFO     | file_import_service.py:get_task_progress:223  - [7f53a942-8d77-4827-9f9f-a1ea4bce5644] 任务状态查询，当前状态：processing，已完成节点：['开始上传文件', '检查文件', 'PDF转Markdown']
2026-03-18 13:48:28.217 | INFO     | node_md_img.py      :summarize_image:184  - 图片摘要生成成功：C:\Users\admin\PycharmProjects\PythonProject16\output\20260318\7f53a942-8d77-4827-9f9f-a1ea4bce5644\hl3040网络说明书\images\809ca53fa320ac585e0e9f0ab652418135fe3cf05b4d2b6b265a21fecfa22658.jpg，摘要：HL3040打印机Windows系统网络打印设置指南，含IP配置与子网验证说明。
2026-03-18 13:48:29.949 | INFO     | file_import_service.py:get_task_progress:223  - [7f53a942-8d77-4827-9f9f-a1ea4bce5644] 任务状态查询，当前状态：processing，已完成节点：['开始上传文件', '检查文件', 'PDF转Markdown']
2026-03-18 13:48:30.856 | INFO     | node_md_img.py      :summarize_image:184  - 图片摘要生成成功：C:\Users\admin\PycharmProjects\PythonProject16\output\20260318\7f53a942-8d77-4827-9f9f-a1ea4bce5644\hl3040网络说明书\images\80b5b581e94bedf6e5d6f73c3d059b751a078bc5132df62540c392246313a81a.jpg，摘要：网络配置指南：提供其他方式设置IP及更改打印服务器参数，含无线网络配置说明。
2026-03-18 13:48:31.934 | INFO     | file_import_service.py:get_task_progress:223  - [7f53a942-8d77-4827-9f9f-a1ea4bce5644] 任务状态查询，当前状态：processing，已完成节点：['开始上传文件', '检查文件', 'PDF转Markdown']
2026-03-18 13:48:32.271 | INFO     | node_md_img.py      :summarize_image:184  - 图片摘要生成成功：C:\Users\admin\PycharmProjects\PythonProject16\output\20260318\7f53a942-8d77-4827-9f9f-a1ea4bce5644\hl3040网络说明书\images\81c1ad89e69e5389252423fcb58b44194149ca784360463d1d3015a92634f1fc.jpg，摘要：图片说明：在URL栏输入打印机IP地址或DNS名称以访问打印服务器，支持TCP/IP和NetBIOS命名。
2026-03-18 13:48:33.717 | INFO     | node_md_img.py      :summarize_image:184  - 图片摘要生成成功：C:\Users\admin\PycharmProjects\PythonProject16\output\20260318\7f53a942-8d77-4827-9f9f-a1ea4bce5644\hl3040网络说明书\images\848e950741820ac4c527c8d14d814a6b64f5c579e96faf4aabe67a5a279304a7.jpg，摘要：Windows系统防火墙设置指南：Win7关闭防火墙，Vista需管理员权限进入控制面板调整设置。
2026-03-18 13:48:33.938 | INFO     | file_import_service.py:get_task_progress:223  - [7f53a942-8d77-4827-9f9f-a1ea4bce5644] 任务状态查询，当前状态：processing，已完成节点：['开始上传文件', '检查文件', 'PDF转Markdown']
2026-03-18 13:48:34.527 | INFO     | node_md_img.py      :summarize_image:184  - 图片摘要生成成功：C:\Users\admin\PycharmProjects\PythonProject16\output\20260318\7f53a942-8d77-4827-9f9f-a1ea4bce5644\hl3040网络说明书\images\85e09e8eb2d38803e192a30334616b8e33de8d7a3cb28c2f6e057bee3bfa000e.jpg，摘要：HL-3040网络说明书无线故障排除指南，含JavaScript/Cookies设置及连接状态确认说明
2026-03-18 13:48:35.945 | INFO     | file_import_service.py:get_task_progress:223  - [7f53a942-8d77-4827-9f9f-a1ea4bce5644] 任务状态查询，当前状态：processing，已完成节点：['开始上传文件', '检查文件', 'PDF转Markdown']
2026-03-18 13:48:35.995 | INFO     | node_md_img.py      :summarize_image:184  - 图片摘要生成成功：C:\Users\admin\PycharmProjects\PythonProject16\output\20260318\7f53a942-8d77-4827-9f9f-a1ea4bce5644\hl3040网络说明书\images\861f811de5c658588752676b96a8264c5946113f8ede5b5396bc1f86a05b0f3d.jpg，摘要：Mac系统中BRAdmin Light软件界面截图，显示设备列表与IP地址0x00:80:77...，提示未配置。
2026-03-18 13:48:36.849 | INFO     | node_md_img.py      :summarize_image:184  - 图片摘要生成成功：C:\Users\admin\PycharmProjects\PythonProject16\output\20260318\7f53a942-8d77-4827-9f9f-a1ea4bce5644\hl3040网络说明书\images\86e22eedc2112bf589bbfc2559231bae4741635e707950d01e7ebefe403497e2.jpg，摘要：无线设置完成，按提示安装打印机驱动并确认操作，继续下一步或完成配置。
2026-03-18 13:48:37.949 | INFO     | file_import_service.py:get_task_progress:223  - [7f53a942-8d77-4827-9f9f-a1ea4bce5644] 任务状态查询，当前状态：processing，已完成节点：['开始上传文件', '检查文件', 'PDF转Markdown']
2026-03-18 13:48:38.126 | INFO     | node_md_img.py      :summarize_image:184  - 图片摘要生成成功：C:\Users\admin\PycharmProjects\PythonProject16\output\20260318\7f53a942-8d77-4827-9f9f-a1ea4bce5644\hl3040网络说明书\images\879c8dd9ca9a9cf395a412e8c60541cf11e07c04ab00f1915881ae86af13a165.jpg，摘要：支持SecureEasySetup功能的路由器或接入点图标，绿色无线信号配锁形标志，标识安全便捷设置。
2026-03-18 13:48:39.447 | INFO     | node_md_img.py      :summarize_image:184  - 图片摘要生成成功：C:\Users\admin\PycharmProjects\PythonProject16\output\20260318\7f53a942-8d77-4827-9f9f-a1ea4bce5644\hl3040网络说明书\images\896ce9943801fcdb09961d83f077d731d888ad58d4bdaae94dd2ffa1f84e01ae.jpg，摘要：无线设备一键配置功能说明，支持SecureEasySetup等标准，图标示意设置操作。
2026-03-18 13:48:39.940 | INFO     | file_import_service.py:get_task_progress:223  - [7f53a942-8d77-4827-9f9f-a1ea4bce5644] 任务状态查询，当前状态：processing，已完成节点：['开始上传文件', '检查文件', 'PDF转Markdown']
2026-03-18 13:48:41.943 | INFO     | file_import_service.py:get_task_progress:223  - [7f53a942-8d77-4827-9f9f-a1ea4bce5644] 任务状态查询，当前状态：processing，已完成节点：['开始上传文件', '检查文件', 'PDF转Markdown']
2026-03-18 13:48:43.944 | INFO     | file_import_service.py:get_task_progress:223  - [7f53a942-8d77-4827-9f9f-a1ea4bce5644] 任务状态查询，当前状态：processing，已完成节点：['开始上传文件', '检查文件', 'PDF转Markdown']
2026-03-18 13:48:45.945 | INFO     | file_import_service.py:get_task_progress:223  - [7f53a942-8d77-4827-9f9f-a1ea4bce5644] 任务状态查询，当前状态：processing，已完成节点：['开始上传文件', '检查文件', 'PDF转Markdown']
2026-03-18 13:48:47.940 | INFO     | file_import_service.py:get_task_progress:223  - [7f53a942-8d77-4827-9f9f-a1ea4bce5644] 任务状态查询，当前状态：processing，已完成节点：['开始上传文件', '检查文件', 'PDF转Markdown']
2026-03-18 13:48:49.944 | INFO     | file_import_service.py:get_task_progress:223  - [7f53a942-8d77-4827-9f9f-a1ea4bce5644] 任务状态查询，当前状态：processing，已完成节点：['开始上传文件', '检查文件', 'PDF转Markdown']
2026-03-18 13:48:51.942 | INFO     | file_import_service.py:get_task_progress:223  - [7f53a942-8d77-4827-9f9f-a1ea4bce5644] 任务状态查询，当前状态：processing，已完成节点：['开始上传文件', '检查文件', 'PDF转Markdown']
2026-03-18 13:48:53.937 | INFO     | file_import_service.py:get_task_progress:223  - [7f53a942-8d77-4827-9f9f-a1ea4bce5644] 任务状态查询，当前状态：processing，已完成节点：['开始上传文件', '检查文件', 'PDF转Markdown']
2026-03-18 13:48:55.946 | INFO     | file_import_service.py:get_task_progress:223  - [7f53a942-8d77-4827-9f9f-a1ea4bce5644] 任务状态查询，当前状态：processing，已完成节点：['开始上传文件', '检查文件', 'PDF转Markdown']
2026-03-18 13:48:57.941 | INFO     | file_import_service.py:get_task_progress:223  - [7f53a942-8d77-4827-9f9f-a1ea4bce5644] 任务状态查询，当前状态：processing，已完成节点：['开始上传文件', '检查文件', 'PDF转Markdown']
2026-03-18 13:48:59.938 | INFO     | file_import_service.py:get_task_progress:223  - [7f53a942-8d77-4827-9f9f-a1ea4bce5644] 任务状态查询，当前状态：processing，已完成节点：['开始上传文件', '检查文件', 'PDF转Markdown']
2026-03-18 13:49:01.934 | INFO     | file_import_service.py:get_task_progress:223  - [7f53a942-8d77-4827-9f9f-a1ea4bce5644] 任务状态查询，当前状态：processing，已完成节点：['开始上传文件', '检查文件', 'PDF转Markdown']
2026-03-18 13:49:03.942 | INFO     | file_import_service.py:get_task_progress:223  - [7f53a942-8d77-4827-9f9f-a1ea4bce5644] 任务状态查询，当前状态：processing，已完成节点：['开始上传文件', '检查文件', 'PDF转Markdown']
2026-03-18 13:49:05.947 | INFO     | file_import_service.py:get_task_progress:223  - [7f53a942-8d77-4827-9f9f-a1ea4bce5644] 任务状态查询，当前状态：processing，已完成节点：['开始上传文件', '检查文件', 'PDF转Markdown']
2026-03-18 13:49:07.946 | INFO     | file_import_service.py:get_task_progress:223  - [7f53a942-8d77-4827-9f9f-a1ea4bce5644] 任务状态查询，当前状态：processing，已完成节点：['开始上传文件', '检查文件', 'PDF转Markdown']
2026-03-18 13:49:09.939 | INFO     | file_import_service.py:get_task_progress:223  - [7f53a942-8d77-4827-9f9f-a1ea4bce5644] 任务状态查询，当前状态：processing，已完成节点：['开始上传文件', '检查文件', 'PDF转Markdown']
2026-03-18 13:49:28.333 | INFO     | node_md_img.py      :summarize_image:184  - 图片摘要生成成功：C:\Users\admin\PycharmProjects\PythonProject16\output\20260318\7f53a942-8d77-4827-9f9f-a1ea4bce5644\hl3040网络说明书\images\8a017d166fbc5121021d0ea27237995b1948fcfea26013877127c8642ba97644.jpg，摘要：Mac系统设置Brother打印机队列，需输入IP地址与BRN MAC地址队列名，选择对应型号驱动。
2026-03-18 13:49:30.668 | INFO     | node_md_img.py      :summarize_image:184  - 图片摘要生成成功：C:\Users\admin\PycharmProjects\PythonProject16\output\20260318\7f53a942-8d77-4827-9f9f-a1ea4bce5644\hl3040网络说明书\images\8ad4623ee8c0267bf89274337173a7c7d8054770ac5131cab71756b60e8a32f9.jpg，摘要：网络设备CSR证书创建指南：输入国家代码，保存文件，遵循CA政策完成证书申请。
2026-03-18 13:49:32.308 | INFO     | node_md_img.py      :summarize_image:184  - 图片摘要生成成功：C:\Users\admin\PycharmProjects\PythonProject16\output\20260318\7f53a942-8d77-4827-9f9f-a1ea4bce5644\hl3040网络说明书\images\8b2cd96e6fba7b5fa63be9e285d757624b49f8af32551f9209cc5a17e57bd6db.jpg，摘要：HL3040无线网络配置流程图：基础架构模式下确认网络环境与设置方式，指引用户按步骤操作。
2026-03-18 13:49:33.753 | INFO     | node_md_img.py      :summarize_image:184  - 图片摘要生成成功：C:\Users\admin\PycharmProjects\PythonProject16\output\20260318\7f53a942-8d77-4827-9f9f-a1ea4bce5644\hl3040网络说明书\images\8e3c2f08e61bd8dc4e17b1b316aec9ba11881a4a533a1652cd389f563bacb9f9.jpg，摘要：Mac OS X 系统添加 Brother 打印机设置界面，显示IP地址、协议及打印机型号选择选项。
2026-03-18 13:49:34.991 | INFO     | node_md_img.py      :summarize_image:184  - 图片摘要生成成功：C:\Users\admin\PycharmProjects\PythonProject16\output\20260318\7f53a942-8d77-4827-9f9f-a1ea4bce5644\hl3040网络说明书\images\9093e495991505d2baf5752e33caf515db7e9df4bf6d35238c100ac333843299.jpg，摘要：HL3040网络设置说明：调整双工模式（100B-FD/HD 或 10BASE-T）需重置生效，默认自动，错误设置可能导致通信失败。
2026-03-18 13:49:35.799 | INFO     | node_md_img.py      :summarize_image:184  - 图片摘要生成成功：C:\Users\admin\PycharmProjects\PythonProject16\output\20260318\7f53a942-8d77-4827-9f9f-a1ea4bce5644\hl3040网络说明书\images\91d3245722788a62c31c5ef31afa0f5fdedd12c1f96368bcad0498473e3b933a.jpg，摘要：Brother网络设备TCP/IP配置指南：需先设IP地址，确保主机与设备同子网或路由通畅。
2026-03-18 13:49:36.741 | INFO     | node_md_img.py      :summarize_image:184  - 图片摘要生成成功：C:\Users\admin\PycharmProjects\PythonProject16\output\20260318\7f53a942-8d77-4827-9f9f-a1ea4bce5644\hl3040网络说明书\images\92a78a16d5848a130c471d2112494bf3a7004030087f3ef7a548f99a94d46ba6.jpg，摘要：USB连接临时使用指南：插入随机光盘，按提示选择设备与语言，安装驱动程序，遇问题可运行start.exe。
2026-03-18 13:49:37.789 | INFO     | node_md_img.py      :summarize_image:184  - 图片摘要生成成功：C:\Users\admin\PycharmProjects\PythonProject16\output\20260318\7f53a942-8d77-4827-9f9f-a1ea4bce5644\hl3040网络说明书\images\937136596eaa7139fc8b20baac7d72965db23b76b1b02fd8f46db5e79002c1e1.jpg，摘要：使用网络浏览器配置打印服务器：输入IP地址访问设置界面，参考第93页安全管理指南。
2026-03-18 13:49:39.423 | INFO     | node_md_img.py      :summarize_image:184  - 图片摘要生成成功：C:\Users\admin\PycharmProjects\PythonProject16\output\20260318\7f53a942-8d77-4827-9f9f-a1ea4bce5644\hl3040网络说明书\images\93abc97554b4f7475101c045ab4c5aa4e89cb2dd580b5f665cba8028761410f3.jpg，摘要：图示说明通过USB电缆（A）连接电脑与打印机，实现无线网络配置，适用于Windows系统。
2026-03-18 13:49:56.941 | INFO     | file_import_service.py:get_task_progress:223  - [7f53a942-8d77-4827-9f9f-a1ea4bce5644] 任务状态查询，当前状态：processing，已完成节点：['开始上传文件', '检查文件', 'PDF转Markdown']
2026-03-18 13:50:28.403 | INFO     | node_md_img.py      :summarize_image:184  - 图片摘要生成成功：C:\Users\admin\PycharmProjects\PythonProject16\output\20260318\7f53a942-8d77-4827-9f9f-a1ea4bce5644\hl3040网络说明书\images\93c3f5a0b4f8e38cf88422fc0150460c59a5d03aac7bbcbd0c52ce332412372b.jpg，摘要：图片说明打印服务器通过DHCP自动获取IP，或设置静态IP避免依赖其他系统，确保网络稳定。
2026-03-18 13:50:31.119 | INFO     | node_md_img.py      :summarize_image:184  - 图片摘要生成成功：C:\Users\admin\PycharmProjects\PythonProject16\output\20260318\7f53a942-8d77-4827-9f9f-a1ea4bce5644\hl3040网络说明书\images\940109f39d8f5cc6833987992287533c7a7e2d261dcb4e6f4191d0031e9c720e.jpg，摘要：SNMPv3读写访问模式说明：需使用BRAdmin专业版或Web管理，用于安全管控打印服务器。
2026-03-18 13:50:32.094 | INFO     | node_md_img.py      :summarize_image:184  - 图片摘要生成成功：C:\Users\admin\PycharmProjects\PythonProject16\output\20260318\7f53a942-8d77-4827-9f9f-a1ea4bce5644\hl3040网络说明书\images\94ea0edb527605c14f6a0e83db5623e5752834fb58945ad3f7f9650822f869a1.jpg，摘要：打印机网络配置页打印指南，含MAC与IP地址查找方法及默认节点名称说明
2026-03-18 13:50:33.877 | INFO     | node_md_img.py      :summarize_image:184  - 图片摘要生成成功：C:\Users\admin\PycharmProjects\PythonProject16\output\20260318\7f53a942-8d77-4827-9f9f-a1ea4bce5644\hl3040网络说明书\images\9891e8d83b7f33b74ae9ba808bf922bf76d7bde271a0e32b41c5b2f7c679a64b.jpg，摘要：无线设备安装向导界面，推荐选择“逐步安装”，并显示下一步按钮及Wi-Fi相关认证标识。
2026-03-18 13:50:34.828 | INFO     | node_md_img.py      :summarize_image:184  - 图片摘要生成成功：C:\Users\admin\PycharmProjects\PythonProject16\output\20260318\7f53a942-8d77-4827-9f9f-a1ea4bce5644\hl3040网络说明书\images\99788b983647a48477d1cce333970ab40334d667fca47b3d99524a3b25d3b7d1.jpg，摘要：Windows安全警告弹窗，提示安装来自BRN482989的证书，需用户确认是否继续，蓝色箭头指向“是”按钮。
2026-03-18 13:50:36.458 | INFO     | node_md_img.py      :summarize_image:184  - 图片摘要生成成功：C:\Users\admin\PycharmProjects\PythonProject16\output\20260318\7f53a942-8d77-4827-9f9f-a1ea4bce5644\hl3040网络说明书\images\9a11d9a1b8c2eca8829cdd5188d406aa8f68574221e70fd00a89d70c5710d8f8.jpg，摘要：Brother HL3040打印机页码计数器重置与导出功能说明，支持CSV导出及安全锁配置。
2026-03-18 13:50:38.049 | INFO     | node_md_img.py      :summarize_image:184  - 图片摘要生成成功：C:\Users\admin\PycharmProjects\PythonProject16\output\20260318\7f53a942-8d77-4827-9f9f-a1ea4bce5644\hl3040网络说明书\images\9f588024d91aad5eca7c8e832f7d176870c3511536062fc3c3c24274e58da072.jpg，摘要：配置TCP/IP地址对话框，用于设置打印机服务器的IP、子网掩码和网关，界面含确认与取消按钮。
2026-03-18 13:50:38.712 | INFO     | node_md_img.py      :summarize_image:184  - 图片摘要生成成功：C:\Users\admin\PycharmProjects\PythonProject16\output\20260318\7f53a942-8d77-4827-9f9f-a1ea4bce5644\hl3040网络说明书\images\9ffcaaf020be1c832dfb1b19ba0c57954fdba0eaccd82970166ae0215c577cd2.jpg，摘要：HL3040网络设置指南：选择LPD协议并输入打印机IP或DNS地址，Mac用户需指定特定PostScript队列。
2026-03-18 13:50:39.467 | INFO     | node_md_img.py      :summarize_image:184  - 图片摘要生成成功：C:\Users\admin\PycharmProjects\PythonProject16\output\20260318\7f53a942-8d77-4827-9f9f-a1ea4bce5644\hl3040网络说明书\images\a15f2bbd8f179c707e111bacf6b81f5616a40a4dc3ad80063a6f5238a5ad2b20.jpg，摘要：打印机服务器证书配置指南：CSR创建、证书导入及SSL/TLS使用注意事项
2026-03-18 13:50:56.937 | INFO     | file_import_service.py:get_task_progress:223  - [7f53a942-8d77-4827-9f9f-a1ea4bce5644] 任务状态查询，当前状态：processing，已完成节点：['开始上传文件', '检查文件', 'PDF转Markdown']
2026-03-18 13:51:28.216 | INFO     | node_md_img.py      :summarize_image:184  - 图片摘要生成成功：C:\Users\admin\PycharmProjects\PythonProject16\output\20260318\7f53a942-8d77-4827-9f9f-a1ea4bce5644\hl3040网络说明书\images\a1d833d790dd9ab6e1f195b5a2f18b92270ca45bc90b01deea8c6211108887fd.jpg，摘要：Windows电脑通过USB线连接打印机的本地打印设置示意图（含驱动安装说明）
2026-03-18 13:51:30.553 | INFO     | node_md_img.py      :summarize_image:184  - 图片摘要生成成功：C:\Users\admin\PycharmProjects\PythonProject16\output\20260318\7f53a942-8d77-4827-9f9f-a1ea4bce5644\hl3040网络说明书\images\a212c625eab37d62ff1136a3d3da28588be3bbe733660ce7b5f4c233732dc057.jpg，摘要：HL3040打印机网络配置步骤：登录设置界面，输入默认用户名密码，确认后可修改打印服务器参数。
2026-03-18 13:51:32.099 | INFO     | node_md_img.py      :summarize_image:184  - 图片摘要生成成功：C:\Users\admin\PycharmProjects\PythonProject16\output\20260318\7f53a942-8d77-4827-9f9f-a1ea4bce5644\hl3040网络说明书\images\a292f5d6551c4000f23ef90f6d3ead4e246135332a75eb855b7fe8c5477c5d7f.jpg，摘要：网络配置说明：需启用TCP/IP协议，设置有效IP地址，兼容HTTP 1.0/1.1，支持主流浏览器与平台。
2026-03-18 13:51:33.407 | INFO     | node_md_img.py      :summarize_image:184  - 图片摘要生成成功：C:\Users\admin\PycharmProjects\PythonProject16\output\20260318\7f53a942-8d77-4827-9f9f-a1ea4bce5644\hl3040网络说明书\images\a2ae4327d53388b95d7bd5a7434f722fde16deb75654f988fc51632d4047ba65.jpg，摘要：驱动程序配置向导完成界面，显示Brother打印机设置及可创建自执行文件选项，支持网络共享与分发。
2026-03-18 13:51:34.883 | INFO     | node_md_img.py      :summarize_image:184  - 图片摘要生成成功：C:\Users\admin\PycharmProjects\PythonProject16\output\20260318\7f53a942-8d77-4827-9f9f-a1ea4bce5644\hl3040网络说明书\images\a2bc39951a98830e77b9e59f86a8fd433d8723c16227d6ad81ef64f7067db7b7.jpg，摘要：蓝色圆形图标内含白色数字“8”，可能为步骤编号或序号标识，用于网络说明书流程指引。
2026-03-18 13:51:35.804 | INFO     | node_md_img.py      :summarize_image:184  - 图片摘要生成成功：C:\Users\admin\PycharmProjects\PythonProject16\output\20260318\7f53a942-8d77-4827-9f9f-a1ea4bce5644\hl3040网络说明书\images\a62770ee95933325744b68c0f16b3c62984c9e1055958203fcd6c00426d39ff3.jpg，摘要：Windows系统防火墙设置指南：管理员权限操作与Brother软件安装后重启防火墙步骤说明
2026-03-18 13:51:37.505 | INFO     | node_md_img.py      :summarize_image:184  - 图片摘要生成成功：C:\Users\admin\PycharmProjects\PythonProject16\output\20260318\7f53a942-8d77-4827-9f9f-a1ea4bce5644\hl3040网络说明书\images\a97f1d4ea18944c2b903fe2e1f8b0c35fa4609d7870ad07d57bb7e770b10c1b4.jpg，摘要：Brother打印机驱动安装完成界面，提示启用状态监控器并设为默认打印机，点击“完成”结束设置。
2026-03-18 13:51:38.766 | INFO     | node_md_img.py      :summarize_image:184  - 图片摘要生成成功：C:\Users\admin\PycharmProjects\PythonProject16\output\20260318\7f53a942-8d77-4827-9f9f-a1ea4bce5644\hl3040网络说明书\images\aa2d0d957f0ccdb9fb34e4301453715f53683413d88363d047747f88a094b0c7.jpg，摘要：Brother打印机网络共享打印架构图：多台Windows客户端通过TCP/IP连接至打印服务器，再经USB或TCP/IP连接打印机。
2026-03-18 13:51:39.662 | INFO     | node_md_img.py      :summarize_image:184  - 图片摘要生成成功：C:\Users\admin\PycharmProjects\PythonProject16\output\20260318\7f53a942-8d77-4827-9f9f-a1ea4bce5644\hl3040网络说明书\images\abf64f0c3c8241a61cb3576f9872e7e2dee6753ce0ab17fd0f3509457308c2d5.jpg，摘要：图14：配置Brother无线设备时，需匹配现有网络的安全验证与加密设置，从弹出菜单中选择相应选项。
2026-03-18 13:51:56.946 | INFO     | file_import_service.py:get_task_progress:223  - [7f53a942-8d77-4827-9f9f-a1ea4bce5644] 任务状态查询，当前状态：processing，已完成节点：['开始上传文件', '检查文件', 'PDF转Markdown']
2026-03-18 13:52:28.267 | INFO     | node_md_img.py      :summarize_image:184  - 图片摘要生成成功：C:\Users\admin\PycharmProjects\PythonProject16\output\20260318\7f53a942-8d77-4827-9f9f-a1ea4bce5644\hl3040网络说明书\images\ad6da86ac36f627349477c2264f382ecd87777f082cb28821ee618f2def94109.jpg，摘要：Macintosh网络设置说明，含打印服务器默认配置及BRAdmin Light实用程序提示，适用于未使用DHCP等服务器场景。
2026-03-18 13:52:30.555 | INFO     | node_md_img.py      :summarize_image:184  - 图片摘要生成成功：C:\Users\admin\PycharmProjects\PythonProject16\output\20260318\7f53a942-8d77-4827-9f9f-a1ea4bce5644\hl3040网络说明书\images\ae1b65e9d76512fac75293a26679251bb8f7cb5a7a79b609b95f89afbb083a18.jpg，摘要：打印机打印网络配置页，显示无线连接状态、SSID、加密模式等详细参数信息。
2026-03-18 13:52:32.117 | INFO     | node_md_img.py      :summarize_image:184  - 图片摘要生成成功：C:\Users\admin\PycharmProjects\PythonProject16\output\20260318\7f53a942-8d77-4827-9f9f-a1ea4bce5644\hl3040网络说明书\images\b0afcaf9a7e2d06ee323811c1ccd03c026d20ac22945ce3f8233a6a514579196.jpg，摘要：HL-3000系列打印机网络连接设置界面，显示可选设备列表及确认按钮。
2026-03-18 13:52:33.292 | INFO     | node_md_img.py      :summarize_image:184  - 图片摘要生成成功：C:\Users\admin\PycharmProjects\PythonProject16\output\20260318\7f53a942-8d77-4827-9f9f-a1ea4bce5644\hl3040网络说明书\images\b0c660d1d7ba9ed6bb1f52a8d32f72e93dd0ed1b9e47d8c889edb9775018e4ed.jpg，摘要：Wi-Fi保护设置图标，显示“WI-FI PROTECTED SETUP”字样及无线配置符号，用于快速安全连接网络。
2026-03-18 13:52:34.793 | INFO     | node_md_img.py      :summarize_image:184  - 图片摘要生成成功：C:\Users\admin\PycharmProjects\PythonProject16\output\20260318\7f53a942-8d77-4827-9f9f-a1ea4bce5644\hl3040网络说明书\images\b1b976c786c3babafbb75b5c71c84ba351d7d0dae73e8d79743c65b3dbe71447.jpg，摘要：UNIX/Linux系统中使用arp -s命令绑定IP与MAC地址，需同网段无路由器，示例命令及注意事项说明。
2026-03-18 13:52:35.772 | INFO     | node_md_img.py      :summarize_image:184  - 图片摘要生成成功：C:\Users\admin\PycharmProjects\PythonProject16\output\20260318\7f53a942-8d77-4827-9f9f-a1ea4bce5644\hl3040网络说明书\images\b1d567ecfb0ae0cc85b33b8d803281412164be73e0933a32f804aca27b31a0fd.jpg，摘要：无线接入点支持SecureEasySetup/AOSS/Wi-Fi Protected Setup，可无需电脑直接配置打印机等设备。
2026-03-18 13:52:37.096 | INFO     | node_md_img.py      :summarize_image:184  - 图片摘要生成成功：C:\Users\admin\PycharmProjects\PythonProject16\output\20260318\7f53a942-8d77-4827-9f9f-a1ea4bce5644\hl3040网络说明书\images\b1db68bdf23534205e5c29bedf8ad7f63e04a9a6d5277ca00bfadad6092f2f4d.jpg，摘要：无线设备设置向导界面，推荐使用网线连接配置，提供有线/无线两种选项及下一步操作按钮。
2026-03-18 13:52:38.703 | INFO     | node_md_img.py      :summarize_image:184  - 图片摘要生成成功：C:\Users\admin\PycharmProjects\PythonProject16\output\20260318\7f53a942-8d77-4827-9f9f-a1ea4bce5644\hl3040网络说明书\images\b22cf227869605aa936d1b8329a9885c87d39bdfa8c48ad6bdaf1a61e955c6e9.jpg，摘要：Windows 证书属性窗口，显示详细信息选项卡，蓝色箭头指向“复制到文件”按钮，用于导出证书。
2026-03-18 13:52:39.426 | INFO     | node_md_img.py      :summarize_image:184  - 图片摘要生成成功：C:\Users\admin\PycharmProjects\PythonProject16\output\20260318\7f53a942-8d77-4827-9f9f-a1ea4bce5644\hl3040网络说明书\images\b4a01115f4bb5aed1e1e37d315fa66003e4cd50d86b651d664b561534f173c4c.jpg，摘要：HL3040打印服务器网络连接状态指示说明，含有线/无线模式下指示灯状态及无线信号强度检查指南。
2026-03-18 13:52:56.944 | INFO     | file_import_service.py:get_task_progress:223  - [7f53a942-8d77-4827-9f9f-a1ea4bce5644] 任务状态查询，当前状态：processing，已完成节点：['开始上传文件', '检查文件', 'PDF转Markdown']
2026-03-18 13:53:28.248 | INFO     | node_md_img.py      :summarize_image:184  - 图片摘要生成成功：C:\Users\admin\PycharmProjects\PythonProject16\output\20260318\7f53a942-8d77-4827-9f9f-a1ea4bce5644\hl3040网络说明书\images\b5bd065fec604268f77cc03f1196dc55f6d07bbd99bf20fd28c1387dcbab9f82.jpg，摘要：HL3040打印机SSL证书创建指南：生成CSR并安装，建议提前安装根证书，名称限64字节。
2026-03-18 13:53:30.874 | INFO     | node_md_img.py      :summarize_image:184  - 图片摘要生成成功：C:\Users\admin\PycharmProjects\PythonProject16\output\20260318\7f53a942-8d77-4827-9f9f-a1ea4bce5644\hl3040网络说明书\images\b608256e64bb798d61f452cfc59754414102d75d81e0cd4f3011b1e574b2cb43.jpg，摘要：证书详情窗口截图，显示证书信息及“确定”按钮，用于确认查看结果。
2026-03-18 13:53:31.978 | INFO     | node_md_img.py      :summarize_image:184  - 图片摘要生成成功：C:\Users\admin\PycharmProjects\PythonProject16\output\20260318\7f53a942-8d77-4827-9f9f-a1ea4bce5644\hl3040网络说明书\images\baad9fa16f898bd149f0ad7d1e78d2e9be85786b5ab87898e4852744d4152e12.jpg，摘要：蓝色“确定！”按钮图标，对应打印机设置说明文档中的确认操作提示。
2026-03-18 13:53:33.438 | INFO     | node_md_img.py      :summarize_image:184  - 图片摘要生成成功：C:\Users\admin\PycharmProjects\PythonProject16\output\20260318\7f53a942-8d77-4827-9f9f-a1ea4bce5644\hl3040网络说明书\images\bab02a4891a90d6ab0235eb4104c6b0c6adc47bcae41c6a280f14828f008f951.jpg，摘要：启用SSL通信（端口443）的Web管理配置说明，推荐使用IE6+或Firefox1.0+浏览器访问。
2026-03-18 13:53:34.554 | INFO     | node_md_img.py      :summarize_image:184  - 图片摘要生成成功：C:\Users\admin\PycharmProjects\PythonProject16\output\20260318\7f53a942-8d77-4827-9f9f-a1ea4bce5644\hl3040网络说明书\images\bb6e2c1642fa4393f6321b1b75db706fd693cc41842f2c1a0fc67b12b9cfc941.jpg，摘要：HL3040打印机网络配置说明：输入IP地址访问管理页面，支持DNS域名或TCP/IP协议，适用于Windows系统。
2026-03-18 13:53:35.624 | INFO     | node_md_img.py      :summarize_image:184  - 图片摘要生成成功：C:\Users\admin\PycharmProjects\PythonProject16\output\20260318\7f53a942-8d77-4827-9f9f-a1ea4bce5644\hl3040网络说明书\images\be7ca01e7a2caeeb2e3c2cf375e9e152ce7ef43da954a8a5b1d5b486a320ec7f.jpg，摘要：打印机设置提示：勿勾选默认打印机或状态监控器，联系管理员处理网络配置。
2026-03-18 13:53:37.135 | INFO     | node_md_img.py      :summarize_image:184  - 图片摘要生成成功：C:\Users\admin\PycharmProjects\PythonProject16\output\20260318\7f53a942-8d77-4827-9f9f-a1ea4bce5644\hl3040网络说明书\images\bf5a80f1c3d9e3329a45af610f0382534e3587f8ac37882166190dba6c44dbdd.jpg，摘要：证书导出向导完成界面，显示导出路径、文件名等设置，蓝色箭头指向“完成”按钮。
2026-03-18 13:53:38.802 | INFO     | node_md_img.py      :summarize_image:184  - 图片摘要生成成功：C:\Users\admin\PycharmProjects\PythonProject16\output\20260318\7f53a942-8d77-4827-9f9f-a1ea4bce5644\hl3040网络说明书\images\bf9156805bb7488beb2689ba35ae77f925d435981a19992448070657758d7f3c.jpg，摘要：指纹打印提示及网络配置页打印指南，含操作确认与注释说明。
2026-03-18 13:53:39.685 | INFO     | node_md_img.py      :summarize_image:184  - 图片摘要生成成功：C:\Users\admin\PycharmProjects\PythonProject16\output\20260318\7f53a942-8d77-4827-9f9f-a1ea4bce5644\hl3040网络说明书\images\c1489a10199b0bbb0c706dd5f4c32566112d51db7cf3d48c8305df6a6c180a80.jpg，摘要：Brother打印机驱动安装界面：推荐搜索网络设备，或手动输入IP/节点名，点击“下一步”继续配置。
2026-03-18 13:53:56.939 | INFO     | file_import_service.py:get_task_progress:223  - [7f53a942-8d77-4827-9f9f-a1ea4bce5644] 任务状态查询，当前状态：processing，已完成节点：['开始上传文件', '检查文件', 'PDF转Markdown']
2026-03-18 13:54:28.252 | INFO     | node_md_img.py      :summarize_image:184  - 图片摘要生成成功：C:\Users\admin\PycharmProjects\PythonProject16\output\20260318\7f53a942-8d77-4827-9f9f-a1ea4bce5644\hl3040网络说明书\images\c15cd8c9dc9cce40c012526019a0f5bb9c00136b377102089a89b815be119fc2.jpg，摘要：Brother HL-3040打印机网络安装指南：确认同子网、识别设备名称并点击安装。
2026-03-18 13:54:30.561 | INFO     | node_md_img.py      :summarize_image:184  - 图片摘要生成成功：C:\Users\admin\PycharmProjects\PythonProject16\output\20260318\7f53a942-8d77-4827-9f9f-a1ea4bce5644\hl3040网络说明书\images\c1ba878383e17944b1522ae3008c6f902accafcf5bd034d33da075e01c9d5168.jpg，摘要：网络打印机设置指南：输入登录名并选择对应ID号码，确保群组与驱动程序配置一致。
2026-03-18 13:54:32.583 | INFO     | node_md_img.py      :summarize_image:184  - 图片摘要生成成功：C:\Users\admin\PycharmProjects\PythonProject16\output\20260318\7f53a942-8d77-4827-9f9f-a1ea4bce5644\hl3040网络说明书\images\c1baf15bd0a63509a633d1d4b156abf47f2579d00ee640bcc63d6f4a918caf24.jpg，摘要：HL3040打印机网络设置说明：自动获取IP地址，支持DHCP/BOOTP/RARP配置，适用于Windows系统及小型网络环境。
2026-03-18 13:54:33.261 | INFO     | node_md_img.py      :summarize_image:184  - 图片摘要生成成功：C:\Users\admin\PycharmProjects\PythonProject16\output\20260318\7f53a942-8d77-4827-9f9f-a1ea4bce5644\hl3040网络说明书\images\c216d2e4e53037e47b07a842ab9d89b4fdd2dfb002359003b8f2d8696edc4405.jpg，摘要：证书导出向导提示“导出成功”，蓝色箭头指向“确定”按钮，引导用户确认操作。
2026-03-18 13:54:34.487 | INFO     | node_md_img.py      :summarize_image:184  - 图片摘要生成成功：C:\Users\admin\PycharmProjects\PythonProject16\output\20260318\7f53a942-8d77-4827-9f9f-a1ea4bce5644\hl3040网络说明书\images\c21ebba688e5da456c17ad6017e54447f3c7294fd8208fa12faba35eaac648d5.jpg，摘要：BootP服务配置说明：启用bootp或bootps项，编辑/etc/bootptab文件进行设置。
2026-03-18 13:54:35.813 | INFO     | node_md_img.py      :summarize_image:184  - 图片摘要生成成功：C:\Users\admin\PycharmProjects\PythonProject16\output\20260318\7f53a942-8d77-4827-9f9f-a1ea4bce5644\hl3040网络说明书\images\c3ce164385e189691df0c22a822718951b87b90b2c8484cab9be9b1fb5480d1e.jpg，摘要：无线网络选择界面，显示可用Wi-Fi列表及信号强度，用户可选网络后点击“下一步”继续安装向导。
2026-03-18 13:54:37.515 | INFO     | node_md_img.py      :summarize_image:184  - 图片摘要生成成功：C:\Users\admin\PycharmProjects\PythonProject16\output\20260318\7f53a942-8d77-4827-9f9f-a1ea4bce5644\hl3040网络说明书\images\c47738564e95088e0c03359687f0f36cc12c04a11321bdbb1d7f8692aedf2845.jpg，摘要：证书导入向导界面，选中“将所有的证书放入下列存储区”，并可点击“浏览”选择存储位置。
2026-03-18 13:54:38.620 | INFO     | node_md_img.py      :summarize_image:184  - 图片摘要生成成功：C:\Users\admin\PycharmProjects\PythonProject16\output\20260318\7f53a942-8d77-4827-9f9f-a1ea4bce5644\hl3040网络说明书\images\c8514d74a8021c815ba12ac7497a914d37a1b515fe1507f3f073f19e99800d74.jpg，摘要：Mac OS X 10.4.x 网络配置说明，含IP地址确认与打印网络配置页指引。
2026-03-18 13:54:40.140 | INFO     | node_md_img.py      :summarize_image:184  - 图片摘要生成成功：C:\Users\admin\PycharmProjects\PythonProject16\output\20260318\7f53a942-8d77-4827-9f9f-a1ea4bce5644\hl3040网络说明书\images\ca8c48a9bbbb46b9b92a926fb239ddd768989818f04285976ff9528d2e084b78.jpg，摘要：Brother打印机网络配置指南：启用HTTPS与SNMPv3安全协议，附用户名密码设置及BRAdmin工具说明。
2026-03-18 13:54:56.947 | INFO     | file_import_service.py:get_task_progress:223  - [7f53a942-8d77-4827-9f9f-a1ea4bce5644] 任务状态查询，当前状态：processing，已完成节点：['开始上传文件', '检查文件', 'PDF转Markdown']
2026-03-18 13:55:21.507 | INFO     | file_import_service.py:get_task_progress:223  - [7f53a942-8d77-4827-9f9f-a1ea4bce5644] 任务状态查询，当前状态：processing，已完成节点：['开始上传文件', '检查文件', 'PDF转Markdown']
2026-03-18 13:55:23.938 | INFO     | file_import_service.py:get_task_progress:223  - [7f53a942-8d77-4827-9f9f-a1ea4bce5644] 任务状态查询，当前状态：processing，已完成节点：['开始上传文件', '检查文件', 'PDF转Markdown']
2026-03-18 13:55:25.946 | INFO     | file_import_service.py:get_task_progress:223  - [7f53a942-8d77-4827-9f9f-a1ea4bce5644] 任务状态查询，当前状态：processing，已完成节点：['开始上传文件', '检查文件', 'PDF转Markdown']
2026-03-18 13:55:27.940 | INFO     | file_import_service.py:get_task_progress:223  - [7f53a942-8d77-4827-9f9f-a1ea4bce5644] 任务状态查询，当前状态：processing，已完成节点：['开始上传文件', '检查文件', 'PDF转Markdown']
2026-03-18 13:55:28.275 | INFO     | node_md_img.py      :summarize_image:184  - 图片摘要生成成功：C:\Users\admin\PycharmProjects\PythonProject16\output\20260318\7f53a942-8d77-4827-9f9f-a1ea4bce5644\hl3040网络说明书\images\ca954ceb423bc3f91bbf05836f1c9bccb40da2abf1617a52aa3768d6e5615117.jpg，摘要：保存证书文件对话框，提示选择保存路径、输入文件名并选择DER格式，支持浏览文件夹。
2026-03-18 13:55:29.940 | INFO     | file_import_service.py:get_task_progress:223  - [7f53a942-8d77-4827-9f9f-a1ea4bce5644] 任务状态查询，当前状态：processing，已完成节点：['开始上传文件', '检查文件', 'PDF转Markdown']
2026-03-18 13:55:30.870 | INFO     | node_md_img.py      :summarize_image:184  - 图片摘要生成成功：C:\Users\admin\PycharmProjects\PythonProject16\output\20260318\7f53a942-8d77-4827-9f9f-a1ea4bce5644\hl3040网络说明书\images\caa4bb94186316a1cd241f716688ac91ff211b014c9b0f78d1feab393cd65f60.jpg，摘要：无线设备安装向导提示：未加密网络“HELLO 2”不安全，询问是否继续设置，蓝色箭头指向“运行”按钮。
2026-03-18 13:55:31.945 | INFO     | file_import_service.py:get_task_progress:223  - [7f53a942-8d77-4827-9f9f-a1ea4bce5644] 任务状态查询，当前状态：processing，已完成节点：['开始上传文件', '检查文件', 'PDF转Markdown']
2026-03-18 13:55:32.035 | INFO     | node_md_img.py      :summarize_image:184  - 图片摘要生成成功：C:\Users\admin\PycharmProjects\PythonProject16\output\20260318\7f53a942-8d77-4827-9f9f-a1ea4bce5644\hl3040网络说明书\images\cad3c30400f74559ce1782acff5114d8ef5136c0b82da424e089d55e5d61f1d8.jpg，摘要：网络设置指南：Wi-Fi配置与打印优化建议，含WPS/AOSS设置及设备摆放提示
2026-03-18 13:55:33.349 | INFO     | node_md_img.py      :summarize_image:184  - 图片摘要生成成功：C:\Users\admin\PycharmProjects\PythonProject16\output\20260318\7f53a942-8d77-4827-9f9f-a1ea4bce5644\hl3040网络说明书\images\cd84026a066d422407dec1672aaa91cf5ca58ead77c251c025f9095448b6ad7b.jpg，摘要：兄弟打印机驱动安装向导许可协议界面，提示用户同意条款以继续安装，蓝色箭头指向“是”按钮。
2026-03-18 13:55:33.947 | INFO     | file_import_service.py:get_task_progress:223  - [7f53a942-8d77-4827-9f9f-a1ea4bce5644] 任务状态查询，当前状态：processing，已完成节点：['开始上传文件', '检查文件', 'PDF转Markdown']
2026-03-18 13:55:34.500 | INFO     | node_md_img.py      :summarize_image:184  - 图片摘要生成成功：C:\Users\admin\PycharmProjects\PythonProject16\output\20260318\7f53a942-8d77-4827-9f9f-a1ea4bce5644\hl3040网络说明书\images\d0db38d2fc60786e6f6b96044b0aad5db1c08fa4f02fa59dd642000ff60bdf08.jpg，摘要：打印机网络连接设置指南，含MAC地址识别与IP地址确认说明，支持打印配置页查询。
2026-03-18 13:55:35.642 | INFO     | node_md_img.py      :summarize_image:184  - 图片摘要生成成功：C:\Users\admin\PycharmProjects\PythonProject16\output\20260318\7f53a942-8d77-4827-9f9f-a1ea4bce5644\hl3040网络说明书\images\d5465c258d5fd47d9cba6fe33e06837c2af63da5e21bec5335e65690b53c2cf0.jpg，摘要：打印机设置界面截图，提示选择设备并完成配置，附有刷新列表及操作说明注释。
2026-03-18 13:55:35.938 | INFO     | file_import_service.py:get_task_progress:223  - [7f53a942-8d77-4827-9f9f-a1ea4bce5644] 任务状态查询，当前状态：processing，已完成节点：['开始上传文件', '检查文件', 'PDF转Markdown']
2026-03-18 13:55:37.601 | INFO     | node_md_img.py      :summarize_image:184  - 图片摘要生成成功：C:\Users\admin\PycharmProjects\PythonProject16\output\20260318\7f53a942-8d77-4827-9f9f-a1ea4bce5644\hl3040网络说明书\images\d724d448359da5767dc60fdf9f125022a109589758e524fe84cc5dfe93ea5529.jpg，摘要：证书导入成功提示窗口，点击“确定”完成操作，界面显示导入成功信息。
2026-03-18 13:55:37.940 | INFO     | file_import_service.py:get_task_progress:223  - [7f53a942-8d77-4827-9f9f-a1ea4bce5644] 任务状态查询，当前状态：processing，已完成节点：['开始上传文件', '检查文件', 'PDF转Markdown']
2026-03-18 13:55:38.792 | INFO     | node_md_img.py      :summarize_image:184  - 图片摘要生成成功：C:\Users\admin\PycharmProjects\PythonProject16\output\20260318\7f53a942-8d77-4827-9f9f-a1ea4bce5644\hl3040网络说明书\images\d78a1af80fd049716afdbb2e3a4eb48142d91e9e6a7fa929d160f225d7e7c7d2.jpg，摘要：无线打印机网络连接示意图：接入点、无线打印机、无线电脑及有线电脑的组网结构图
2026-03-18 13:55:39.445 | INFO     | node_md_img.py      :summarize_image:184  - 图片摘要生成成功：C:\Users\admin\PycharmProjects\PythonProject16\output\20260318\7f53a942-8d77-4827-9f9f-a1ea4bce5644\hl3040网络说明书\images\d80cde7416341d3ef0de527c1033ab784998a3f60d9c4cbd74d93e56a99b9110.jpg，摘要：无线设备安装向导界面，显示可选设备列表及“下一步”按钮，提示刷新或检查设备连接状态。
2026-03-18 13:55:39.940 | INFO     | file_import_service.py:get_task_progress:223  - [7f53a942-8d77-4827-9f9f-a1ea4bce5644] 任务状态查询，当前状态：processing，已完成节点：['开始上传文件', '检查文件', 'PDF转Markdown']
2026-03-18 13:55:41.939 | INFO     | file_import_service.py:get_task_progress:223  - [7f53a942-8d77-4827-9f9f-a1ea4bce5644] 任务状态查询，当前状态：processing，已完成节点：['开始上传文件', '检查文件', 'PDF转Markdown']
2026-03-18 13:55:43.937 | INFO     | file_import_service.py:get_task_progress:223  - [7f53a942-8d77-4827-9f9f-a1ea4bce5644] 任务状态查询，当前状态：processing，已完成节点：['开始上传文件', '检查文件', 'PDF转Markdown']
2026-03-18 13:55:45.943 | INFO     | file_import_service.py:get_task_progress:223  - [7f53a942-8d77-4827-9f9f-a1ea4bce5644] 任务状态查询，当前状态：processing，已完成节点：['开始上传文件', '检查文件', 'PDF转Markdown']
2026-03-18 13:55:47.949 | INFO     | file_import_service.py:get_task_progress:223  - [7f53a942-8d77-4827-9f9f-a1ea4bce5644] 任务状态查询，当前状态：processing，已完成节点：['开始上传文件', '检查文件', 'PDF转Markdown']
2026-03-18 13:55:49.948 | INFO     | file_import_service.py:get_task_progress:223  - [7f53a942-8d77-4827-9f9f-a1ea4bce5644] 任务状态查询，当前状态：processing，已完成节点：['开始上传文件', '检查文件', 'PDF转Markdown']
2026-03-18 13:55:51.943 | INFO     | file_import_service.py:get_task_progress:223  - [7f53a942-8d77-4827-9f9f-a1ea4bce5644] 任务状态查询，当前状态：processing，已完成节点：['开始上传文件', '检查文件', 'PDF转Markdown']
2026-03-18 13:55:53.941 | INFO     | file_import_service.py:get_task_progress:223  - [7f53a942-8d77-4827-9f9f-a1ea4bce5644] 任务状态查询，当前状态：processing，已完成节点：['开始上传文件', '检查文件', 'PDF转Markdown']
2026-03-18 13:55:55.946 | INFO     | file_import_service.py:get_task_progress:223  - [7f53a942-8d77-4827-9f9f-a1ea4bce5644] 任务状态查询，当前状态：processing，已完成节点：['开始上传文件', '检查文件', 'PDF转Markdown']
2026-03-18 13:55:57.940 | INFO     | file_import_service.py:get_task_progress:223  - [7f53a942-8d77-4827-9f9f-a1ea4bce5644] 任务状态查询，当前状态：processing，已完成节点：['开始上传文件', '检查文件', 'PDF转Markdown']
2026-03-18 13:55:59.938 | INFO     | file_import_service.py:get_task_progress:223  - [7f53a942-8d77-4827-9f9f-a1ea4bce5644] 任务状态查询，当前状态：processing，已完成节点：['开始上传文件', '检查文件', 'PDF转Markdown']
2026-03-18 13:56:01.943 | INFO     | file_import_service.py:get_task_progress:223  - [7f53a942-8d77-4827-9f9f-a1ea4bce5644] 任务状态查询，当前状态：processing，已完成节点：['开始上传文件', '检查文件', 'PDF转Markdown']
2026-03-18 13:56:03.936 | INFO     | file_import_service.py:get_task_progress:223  - [7f53a942-8d77-4827-9f9f-a1ea4bce5644] 任务状态查询，当前状态：processing，已完成节点：['开始上传文件', '检查文件', 'PDF转Markdown']
2026-03-18 13:56:05.935 | INFO     | file_import_service.py:get_task_progress:223  - [7f53a942-8d77-4827-9f9f-a1ea4bce5644] 任务状态查询，当前状态：processing，已完成节点：['开始上传文件', '检查文件', 'PDF转Markdown']
2026-03-18 13:56:07.946 | INFO     | file_import_service.py:get_task_progress:223  - [7f53a942-8d77-4827-9f9f-a1ea4bce5644] 任务状态查询，当前状态：processing，已完成节点：['开始上传文件', '检查文件', 'PDF转Markdown']
2026-03-18 13:56:09.948 | INFO     | file_import_service.py:get_task_progress:223  - [7f53a942-8d77-4827-9f9f-a1ea4bce5644] 任务状态查询，当前状态：processing，已完成节点：['开始上传文件', '检查文件', 'PDF转Markdown']
2026-03-18 13:56:11.939 | INFO     | file_import_service.py:get_task_progress:223  - [7f53a942-8d77-4827-9f9f-a1ea4bce5644] 任务状态查询，当前状态：processing，已完成节点：['开始上传文件', '检查文件', 'PDF转Markdown']
2026-03-18 13:56:13.934 | INFO     | file_import_service.py:get_task_progress:223  - [7f53a942-8d77-4827-9f9f-a1ea4bce5644] 任务状态查询，当前状态：processing，已完成节点：['开始上传文件', '检查文件', 'PDF转Markdown']
2026-03-18 13:56:15.939 | INFO     | file_import_service.py:get_task_progress:223  - [7f53a942-8d77-4827-9f9f-a1ea4bce5644] 任务状态查询，当前状态：processing，已完成节点：['开始上传文件', '检查文件', 'PDF转Markdown']
2026-03-18 13:56:17.940 | INFO     | file_import_service.py:get_task_progress:223  - [7f53a942-8d77-4827-9f9f-a1ea4bce5644] 任务状态查询，当前状态：processing，已完成节点：['开始上传文件', '检查文件', 'PDF转Markdown']
2026-03-18 13:56:19.940 | INFO     | file_import_service.py:get_task_progress:223  - [7f53a942-8d77-4827-9f9f-a1ea4bce5644] 任务状态查询，当前状态：processing，已完成节点：['开始上传文件', '检查文件', 'PDF转Markdown']
2026-03-18 13:56:21.944 | INFO     | file_import_service.py:get_task_progress:223  - [7f53a942-8d77-4827-9f9f-a1ea4bce5644] 任务状态查询，当前状态：processing，已完成节点：['开始上传文件', '检查文件', 'PDF转Markdown']
2026-03-18 13:56:28.394 | INFO     | node_md_img.py      :summarize_image:184  - 图片摘要生成成功：C:\Users\admin\PycharmProjects\PythonProject16\output\20260318\7f53a942-8d77-4827-9f9f-a1ea4bce5644\hl3040网络说明书\images\d901b790b0cc3dae7a22587c457d492659770b4576fe98e1bd04401e2a17663e.jpg，摘要：Wi-Fi Protected Setup图标说明：支持该功能的路由器或接入点设备会显示此符号，用于快速安全配置无线网络。
2026-03-18 13:56:30.619 | INFO     | node_md_img.py      :summarize_image:184  - 图片摘要生成成功：C:\Users\admin\PycharmProjects\PythonProject16\output\20260318\7f53a942-8d77-4827-9f9f-a1ea4bce5644\hl3040网络说明书\images\d91f74d456317552f7e3eb57166ae3933a6f61c4ffe40d0f6fdab2be4c4e1900.jpg，摘要：支持Wi-Fi Protected Setup的路由器图标，用于快速安全配置无线设备连接。
2026-03-18 13:56:32.026 | INFO     | node_md_img.py      :summarize_image:184  - 图片摘要生成成功：C:\Users\admin\PycharmProjects\PythonProject16\output\20260318\7f53a942-8d77-4827-9f9f-a1ea4bce5644\hl3040网络说明书\images\d9a80740d36894cf45f5102f8122dd45d1a17e6f9bd61731e27c6e05af6a166c.jpg，摘要：Windows Vista/7系统注册网络设备设置说明，需参考路由器手册提前注册计算机。
2026-03-18 13:56:33.661 | INFO     | node_md_img.py      :summarize_image:184  - 图片摘要生成成功：C:\Users\admin\PycharmProjects\PythonProject16\output\20260318\7f53a942-8d77-4827-9f9f-a1ea4bce5644\hl3040网络说明书\images\da84bc8b779bf4f0b57816d4eb0773cffc50a0e5d9d1e58f7928aa0ff573d969.jpg，摘要：Mac OS X 系统添加打印机时选择“IP 打印”选项的界面截图，适用于 10.3.9 和 10.4.x 版本。
2026-03-18 13:56:34.793 | INFO     | node_md_img.py      :summarize_image:184  - 图片摘要生成成功：C:\Users\admin\PycharmProjects\PythonProject16\output\20260318\7f53a942-8d77-4827-9f9f-a1ea4bce5644\hl3040网络说明书\images\da862b1188b27d991f532c1959f4e6875798728d36fce2e85334efe43d0e566c.jpg，摘要：打印机网络配置说明：访问IP地址或DNS名称设置打印服务器，Windows用户支持TCP/IP协议。
2026-03-18 13:56:36.118 | INFO     | node_md_img.py      :summarize_image:184  - 图片摘要生成成功：C:\Users\admin\PycharmProjects\PythonProject16\output\20260318\7f53a942-8d77-4827-9f9f-a1ea4bce5644\hl3040网络说明书\images\dcc382f05ea96d8a0614af6b8ad3e8ad89075a80928fbafa3f76152c43c09c34.jpg，摘要：无线设备安装向导界面，推荐选择“无线安装与驱动安装”，并点击“下一步”继续配置。
2026-03-18 13:56:37.001 | INFO     | node_md_img.py      :summarize_image:184  - 图片摘要生成成功：C:\Users\admin\PycharmProjects\PythonProject16\output\20260318\7f53a942-8d77-4827-9f9f-a1ea4bce5644\hl3040网络说明书\images\dd06cc95295bc0546678a8bfa8ccdfcb7171b67a81011b4ce826cd6e1c2d3f6e.jpg，摘要：HL3040网络说明书：引导方式设置说明，含DHCP/静态IP配置指南
2026-03-18 13:56:38.686 | INFO     | node_md_img.py      :summarize_image:184  - 图片摘要生成成功：C:\Users\admin\PycharmProjects\PythonProject16\output\20260318\7f53a942-8d77-4827-9f9f-a1ea4bce5644\hl3040网络说明书\images\dd68c9ced2949b14587ab4ed3b713e324bcb189009265455c5cc238563966275.jpg，摘要：证书导出向导欢迎界面，提示用户点击“下一步”继续导出证书、证书信任列表及证书序列号。
2026-03-18 13:56:39.569 | INFO     | node_md_img.py      :summarize_image:184  - 图片摘要生成成功：C:\Users\admin\PycharmProjects\PythonProject16\output\20260318\7f53a942-8d77-4827-9f9f-a1ea4bce5644\hl3040网络说明书\images\dfd40fb617e95246cfe34f864feaf19cef395c65cfda3c2a256e2e14b713c78b.jpg，摘要：Brother设备支持多系统TCP/IP协议，可通过HTTP网络浏览器配置打印服务器设置。
2026-03-18 13:56:56.933 | INFO     | file_import_service.py:get_task_progress:223  - [7f53a942-8d77-4827-9f9f-a1ea4bce5644] 任务状态查询，当前状态：processing，已完成节点：['开始上传文件', '检查文件', 'PDF转Markdown']
2026-03-18 13:57:28.615 | INFO     | node_md_img.py      :summarize_image:184  - 图片摘要生成成功：C:\Users\admin\PycharmProjects\PythonProject16\output\20260318\7f53a942-8d77-4827-9f9f-a1ea4bce5644\hl3040网络说明书\images\e0d43ef75ebea41604cd1d48fbc3a9ae6b4fe6909909cf61a1540cd71ca853de.jpg，摘要：Brother HL-3070CW打印机驱动安装界面，突出显示“安装打印机驱动程序”选项，引导用户开始设置。
2026-03-18 13:57:30.707 | INFO     | node_md_img.py      :summarize_image:184  - 图片摘要生成成功：C:\Users\admin\PycharmProjects\PythonProject16\output\20260318\7f53a942-8d77-4827-9f9f-a1ea4bce5644\hl3040网络说明书\images\e1b7230513b69d355056f3a5d01316293b02243dfafe05572c296a33966d42e6.jpg，摘要：Windows系统管理员权限运行程序并输入打印机IP地址的设置指引图示
2026-03-18 13:57:32.075 | INFO     | node_md_img.py      :summarize_image:184  - 图片摘要生成成功：C:\Users\admin\PycharmProjects\PythonProject16\output\20260318\7f53a942-8d77-4827-9f9f-a1ea4bce5644\hl3040网络说明书\images\e322a101a1705b2ec1503f9016c2df9824f1d2f1a4e26619187552e2561418a9.jpg，摘要：Windows系统网络配置界面，显示静态IP地址设置选项及参数输入框。
2026-03-18 13:57:33.859 | INFO     | node_md_img.py      :summarize_image:184  - 图片摘要生成成功：C:\Users\admin\PycharmProjects\PythonProject16\output\20260318\7f53a942-8d77-4827-9f9f-a1ea4bce5644\hl3040网络说明书\images\e4d272a2f9cb3938bf4ad16de9adab4b8f220e96355a8e2baea0d1afa58d8a1a.jpg，摘要：Brother HL-3070CW打印机驱动安装界面，显示“安装打印机驱动程序”选项及顶部菜单，蓝色箭头指向软件窗口。
2026-03-18 13:57:34.761 | INFO     | node_md_img.py      :summarize_image:184  - 图片摘要生成成功：C:\Users\admin\PycharmProjects\PythonProject16\output\20260318\7f53a942-8d77-4827-9f9f-a1ea4bce5644\hl3040网络说明书\images\e52e357cf198d508cd23504d32dc4ae72b216e7e0e4d51e45070dee8211a5a85.jpg，摘要：图示：Windows电脑通过TCP/IP对等网络直接连接Brother打印机，适用于小型局域网配置。
2026-03-18 13:57:35.803 | INFO     | node_md_img.py      :summarize_image:184  - 图片摘要生成成功：C:\Users\admin\PycharmProjects\PythonProject16\output\20260318\7f53a942-8d77-4827-9f9f-a1ea4bce5644\hl3040网络说明书\images\e5765e2bb775ac7eaf31da762724feff1194a8294a11b6512198a459defe1dab.jpg，摘要：HL3040打印机无线网络设置流程图，提供Brother安装程序、SES/WPS/AOSS及Wi-Fi Protected Setup三种配置方式。
2026-03-18 13:57:37.093 | INFO     | node_md_img.py      :summarize_image:184  - 图片摘要生成成功：C:\Users\admin\PycharmProjects\PythonProject16\output\20260318\7f53a942-8d77-4827-9f9f-a1ea4bce5644\hl3040网络说明书\images\e6b0aecb093c30ed37f7eef55d787f11fe6601fb586769d8a1a83bcc131259e7.jpg，摘要：Brother HL-3070CW打印机驱动安装界面，显示“安装打印机驱动程序”选项及顶部菜单功能。
2026-03-18 13:57:38.710 | INFO     | node_md_img.py      :summarize_image:184  - 图片摘要生成成功：C:\Users\admin\PycharmProjects\PythonProject16\output\20260318\7f53a942-8d77-4827-9f9f-a1ea4bce5644\hl3040网络说明书\images\e6e9649e2f6e13634644934640eb4d490a1b271202987dcad36f45bcbcfdaace.jpg，摘要：Mac系统网络配置界面，显示静态IP设置选项及IP、子网掩码、网关输入框。
2026-03-18 13:57:39.476 | INFO     | node_md_img.py      :summarize_image:184  - 图片摘要生成成功：C:\Users\admin\PycharmProjects\PythonProject16\output\20260318\7f53a942-8d77-4827-9f9f-a1ea4bce5644\hl3040网络说明书\images\e73f602025b08a050038f7a0aaac8d5dc861bc52571f89c02d0ee783bd16dfab.jpg，摘要：导出证书时选择DER编码二进制X.509格式，点击“下一步”继续操作。
2026-03-18 13:57:56.937 | INFO     | file_import_service.py:get_task_progress:223  - [7f53a942-8d77-4827-9f9f-a1ea4bce5644] 任务状态查询，当前状态：processing，已完成节点：['开始上传文件', '检查文件', 'PDF转Markdown']
2026-03-18 13:58:28.996 | INFO     | node_md_img.py      :summarize_image:184  - 图片摘要生成成功：C:\Users\admin\PycharmProjects\PythonProject16\output\20260318\7f53a942-8d77-4827-9f9f-a1ea4bce5644\hl3040网络说明书\images\e8f14c6055f79ec5b244f60a5ba72c1572a11497542ee24009809871128b68dd.jpg，摘要：Brother HL-3040C打印机登录名限制PC打印设置界面，支持按用户登录名与ID码配置打印权限。
2026-03-18 13:58:30.689 | INFO     | node_md_img.py      :summarize_image:184  - 图片摘要生成成功：C:\Users\admin\PycharmProjects\PythonProject16\output\20260318\7f53a942-8d77-4827-9f9f-a1ea4bce5644\hl3040网络说明书\images\e9f7b06583c7de02ab12b0e05ddbb868be3b5579cf2d276c3e06f4aa6ccb0d01.jpg，摘要：HL3040打印机网络设置完成界面，提示安装驱动及状态监控软件，可打印配置页获取MAC与IP地址。
2026-03-18 13:58:32.153 | INFO     | node_md_img.py      :summarize_image:184  - 图片摘要生成成功：C:\Users\admin\PycharmProjects\PythonProject16\output\20260318\7f53a942-8d77-4827-9f9f-a1ea4bce5644\hl3040网络说明书\images\ec1c84e8c6eb84176b172f50a02123e46370278f12a8433b2cb6accbdf90e9fb.jpg，摘要：Brother HL-3070CW打印机网页证书错误提示，指引用户点击查看证书并导出详细信息。
2026-03-18 13:58:33.313 | INFO     | node_md_img.py      :summarize_image:184  - 图片摘要生成成功：C:\Users\admin\PycharmProjects\PythonProject16\output\20260318\7f53a942-8d77-4827-9f9f-a1ea4bce5644\hl3040网络说明书\images\ecc7716fefc89446bd35a0d8da1f1467f73bfbdc9c97cfdee3a25278a4c5c463.jpg，摘要：Mac系统添加Brother HL-3070CW打印机设置界面，选择驱动并点击“添加”完成配置。
2026-03-18 13:58:34.753 | INFO     | node_md_img.py      :summarize_image:184  - 图片摘要生成成功：C:\Users\admin\PycharmProjects\PythonProject16\output\20260318\7f53a942-8d77-4827-9f9f-a1ea4bce5644\hl3040网络说明书\images\edc56a3a63f258dea069ee3e822382c324e43bd38d3e148b93a1eb9444c01074.jpg，摘要：HL3040打印机驱动安装指南：选择系统架构文件夹，指定打印机名称，处理用户账户控制及证书警告提示。
2026-03-18 13:58:36.200 | INFO     | node_md_img.py      :summarize_image:184  - 图片摘要生成成功：C:\Users\admin\PycharmProjects\PythonProject16\output\20260318\7f53a942-8d77-4827-9f9f-a1ea4bce5644\hl3040网络说明书\images\eeae119a357af8c1b7b2ebbd5eeabea850bcd5af75d9b66e2959f42c7a9f5d85.jpg，摘要：HL3040无线网络连接状态说明：信号显示“无”表示未连接，开放网络仍显示信号，参考第3章配置。
2026-03-18 13:58:37.332 | INFO     | node_md_img.py      :summarize_image:184  - 图片摘要生成成功：C:\Users\admin\PycharmProjects\PythonProject16\output\20260318\7f53a942-8d77-4827-9f9f-a1ea4bce5644\hl3040网络说明书\images\f029b99cc1fff4b1412f0405ea9bfed14a3beccfe961520fd92312ecd0054a97.jpg，摘要：无线设备配置与打印机驱动安装流程图，含各步骤参考页码及系统适配说明。
2026-03-18 13:58:38.867 | INFO     | node_md_img.py      :summarize_image:184  - 图片摘要生成成功：C:\Users\admin\PycharmProjects\PythonProject16\output\20260318\7f53a942-8d77-4827-9f9f-a1ea4bce5644\hl3040网络说明书\images\f1319ab86272ab7616e4615fb1f4c611529a7718f31293bd30fc471ef36ebd8b.jpg，摘要：网络设备证书保存操作指南，提示选择保存路径并点击下一步，附注说明桌面保存位置。
2026-03-18 13:58:40.009 | INFO     | node_md_img.py      :summarize_image:184  - 图片摘要生成成功：C:\Users\admin\PycharmProjects\PythonProject16\output\20260318\7f53a942-8d77-4827-9f9f-a1ea4bce5644\hl3040网络说明书\images\f2ab46dca8cf268cafede26935ba4392455a8ad980fccbb3ecc22df932c802ac.jpg，摘要：图片内容为HL3040打印服务器恢复出厂设置的操作说明，含步骤指引与注释，建议配合BRAdmin或浏览器管理。
2026-03-18 13:58:56.951 | INFO     | file_import_service.py:get_task_progress:223  - [7f53a942-8d77-4827-9f9f-a1ea4bce5644] 任务状态查询，当前状态：processing，已完成节点：['开始上传文件', '检查文件', 'PDF转Markdown']
2026-03-18 13:59:28.161 | INFO     | node_md_img.py      :summarize_image:184  - 图片摘要生成成功：C:\Users\admin\PycharmProjects\PythonProject16\output\20260318\7f53a942-8d77-4827-9f9f-a1ea4bce5644\hl3040网络说明书\images\f54443afaaa12da0476adb0f0a6f1154e8b5ba819b1a52279f5ee20c37439dc5.jpg，摘要：HL3040打印机驱动安装指南：自动安装步骤及证书警告处理说明
2026-03-18 13:59:30.577 | INFO     | node_md_img.py      :summarize_image:184  - 图片摘要生成成功：C:\Users\admin\PycharmProjects\PythonProject16\output\20260318\7f53a942-8d77-4827-9f9f-a1ea4bce5644\hl3040网络说明书\images\f67176bd80427f733c2a86834c937acb0ee2db3a23ba4efe791610836843305c.jpg，摘要：Brother打印机网络设置指南：推荐使用随机光盘安装程序，亦可手动通过操作面板配置网络参数。
2026-03-18 13:59:32.052 | INFO     | node_md_img.py      :summarize_image:184  - 图片摘要生成成功：C:\Users\admin\PycharmProjects\PythonProject16\output\20260318\7f53a942-8d77-4827-9f9f-a1ea4bce5644\hl3040网络说明书\images\f856007508cc9ef4a0c283c2ede939a5ad70eefe011e93a3ae7731669964aa90.jpg，摘要：导出CA证书及密钥操作指南：输入密码、确认、保存文件，空白密码不加密。
2026-03-18 13:59:33.305 | INFO     | node_md_img.py      :summarize_image:184  - 图片摘要生成成功：C:\Users\admin\PycharmProjects\PythonProject16\output\20260318\7f53a942-8d77-4827-9f9f-a1ea4bce5644\hl3040网络说明书\images\f8dde078d33f833e91eb67b6f955730180e77da04cfe0db3819b1cee006af1fe.jpg，摘要：网络设置界面截图，提示输入密钥并点击下一步，附有安全配置注释与管理员联系建议。
2026-03-18 13:59:34.731 | INFO     | node_md_img.py      :summarize_image:184  - 图片摘要生成成功：C:\Users\admin\PycharmProjects\PythonProject16\output\20260318\7f53a942-8d77-4827-9f9f-a1ea4bce5644\hl3040网络说明书\images\f91580c1133c3b8a6e53963324ec18d12c5013e74b375a938dddf52e231d0945.jpg，摘要：无线网络设置确认界面，显示设备信息与配置参数，提示用户点击“下一步”提交设置并打印配置页。
2026-03-18 13:59:35.582 | INFO     | node_md_img.py      :summarize_image:184  - 图片摘要生成成功：C:\Users\admin\PycharmProjects\PythonProject16\output\20260318\7f53a942-8d77-4827-9f9f-a1ea4bce5644\hl3040网络说明书\images\f91e4de5c412ffed5b684e3a75eca6448708b85c35e7a63d46875f00c49ddd7b.jpg，摘要：Brother HL3040打印机网络安装指南，含驱动下载与共享队列设置说明
2026-03-18 13:59:37.414 | INFO     | node_md_img.py      :summarize_image:184  - 图片摘要生成成功：C:\Users\admin\PycharmProjects\PythonProject16\output\20260318\7f53a942-8d77-4827-9f9f-a1ea4bce5644\hl3040网络说明书\images\f9ff8957eb0617f44d8f9a3250171226137305c075b136fb883573e3f63bf797.jpg，摘要：打印机网络配置说明：输入IP地址或DNS名称访问打印服务器，支持TCP/IP与NetBIOS。
2026-03-18 13:59:38.818 | INFO     | node_md_img.py      :summarize_image:184  - 图片摘要生成成功：C:\Users\admin\PycharmProjects\PythonProject16\output\20260318\7f53a942-8d77-4827-9f9f-a1ea4bce5644\hl3040网络说明书\images\fb52e55b0775f27cbb9581300e7996d53834867c03566a1a728b7dd10d483488.jpg，摘要：打印机设置界面截图，含默认打印机与状态监控器选项，提示用户勾选或取消相关功能。
2026-03-18 13:59:40.017 | INFO     | node_md_img.py      :summarize_image:184  - 图片摘要生成成功：C:\Users\admin\PycharmProjects\PythonProject16\output\20260318\7f53a942-8d77-4827-9f9f-a1ea4bce5644\hl3040网络说明书\images\fc221de4779a5ce66b32277869160755f858c03761020c2898012a9d1eedf1ed.jpg，摘要：Brother打印机网络配置指南：提供兼容HP Jetdirect的URL格式及证书名称说明，助用户快速设置打印服务。
2026-03-18 13:59:56.938 | INFO     | file_import_service.py:get_task_progress:223  - [7f53a942-8d77-4827-9f9f-a1ea4bce5644] 任务状态查询，当前状态：processing，已完成节点：['开始上传文件', '检查文件', 'PDF转Markdown']
2026-03-18 14:00:28.600 | INFO     | node_md_img.py      :summarize_image:184  - 图片摘要生成成功：C:\Users\admin\PycharmProjects\PythonProject16\output\20260318\7f53a942-8d77-4827-9f9f-a1ea4bce5644\hl3040网络说明书\images\fc9fd01f3c7a347bf57f5b68677a609ba2419850bedd9c55674a5b7b4e19ab51.jpg，摘要：HL3040网络设置指南：IPv6开关配置与以太网自动模式说明
2026-03-18 14:00:30.882 | INFO     | node_md_img.py      :summarize_image:184  - 图片摘要生成成功：C:\Users\admin\PycharmProjects\PythonProject16\output\20260318\7f53a942-8d77-4827-9f9f-a1ea4bce5644\hl3040网络说明书\images\fd7d7a88cff2605849bf6e0b48ee9934c1d1cb4d80e9058a3a4a86b45398bf4c.jpg，摘要：Brother HL-3070CW 网页管理界面：安全功能锁配置页面，支持按用户/群组设置4位PIN码访问控制。
2026-03-18 14:00:32.118 | INFO     | node_md_img.py      :summarize_image:184  - 图片摘要生成成功：C:\Users\admin\PycharmProjects\PythonProject16\output\20260318\7f53a942-8d77-4827-9f9f-a1ea4bce5644\hl3040网络说明书\images\fe4d50aedeaa91049acf73428ea4bd7c9bc4c92c5c775d681c69007675cfea1b.jpg，摘要：Mac OS X 系统添加IP打印机设置界面，显示IP地址、类型及队列名称输入项。
2026-03-18 14:00:32.121 | INFO     | node_md_img.py      :step_3_generate_summaries:212  - 图片摘要批量生成完成，共处理210张图片
2026-03-18 14:00:32.270 | INFO     | node_md_img.py      :upload_to_minio:279  - 开始上传图片至MinIO：本地路径=C:\Users\admin\PycharmProjects\PythonProject16\output\20260318\7f53a942-8d77-4827-9f9f-a1ea4bce5644\hl3040网络说明书\images\001a81a72e5475fbc7db4c1f0d9c5a399ddddcb225e3407a66d6a9eef3298ff6.jpg，MinIO对象名=/upload-images/hl3040网络说明书/001a81a72e5475fbc7db4c1f0d9c5a399ddddcb225e3407a66d6a9eef3298ff6.jpg
2026-03-18 14:00:32.295 | INFO     | node_md_img.py      :upload_to_minio:307  - 图片上传成功，访问URL：http://47.94.86.115:9000/knowledge-base-files/upload-images/hl3040网络说明书/001a81a72e5475fbc7db4c1f0d9c5a399ddddcb225e3407a66d6a9eef3298ff6.jpg
2026-03-18 14:00:32.299 | INFO     | node_md_img.py      :upload_to_minio:279  - 开始上传图片至MinIO：本地路径=C:\Users\admin\PycharmProjects\PythonProject16\output\20260318\7f53a942-8d77-4827-9f9f-a1ea4bce5644\hl3040网络说明书\images\00507441b018af0c0296e4c03d3f6ae6832cdf853c421ce2967e593c4de9adad.jpg，MinIO对象名=/upload-images/hl3040网络说明书/00507441b018af0c0296e4c03d3f6ae6832cdf853c421ce2967e593c4de9adad.jpg
2026-03-18 14:00:32.338 | INFO     | node_md_img.py      :upload_to_minio:307  - 图片上传成功，访问URL：http://47.94.86.115:9000/knowledge-base-files/upload-images/hl3040网络说明书/00507441b018af0c0296e4c03d3f6ae6832cdf853c421ce2967e593c4de9adad.jpg
2026-03-18 14:00:32.343 | INFO     | node_md_img.py      :upload_to_minio:279  - 开始上传图片至MinIO：本地路径=C:\Users\admin\PycharmProjects\PythonProject16\output\20260318\7f53a942-8d77-4827-9f9f-a1ea4bce5644\hl3040网络说明书\images\00eb76def1e7b2d12e18f7055f26c8b62b36b9deb81f094fd8d65be8352f69e4.jpg，MinIO对象名=/upload-images/hl3040网络说明书/00eb76def1e7b2d12e18f7055f26c8b62b36b9deb81f094fd8d65be8352f69e4.jpg
2026-03-18 14:00:32.365 | INFO     | node_md_img.py      :upload_to_minio:307  - 图片上传成功，访问URL：http://47.94.86.115:9000/knowledge-base-files/upload-images/hl3040网络说明书/00eb76def1e7b2d12e18f7055f26c8b62b36b9deb81f094fd8d65be8352f69e4.jpg
2026-03-18 14:00:32.370 | INFO     | node_md_img.py      :upload_to_minio:279  - 开始上传图片至MinIO：本地路径=C:\Users\admin\PycharmProjects\PythonProject16\output\20260318\7f53a942-8d77-4827-9f9f-a1ea4bce5644\hl3040网络说明书\images\02b07c798595cd5d16f556447dbf8aa092953531d3185dedbf38fc48b5be65bc.jpg，MinIO对象名=/upload-images/hl3040网络说明书/02b07c798595cd5d16f556447dbf8aa092953531d3185dedbf38fc48b5be65bc.jpg
2026-03-18 14:00:32.388 | INFO     | node_md_img.py      :upload_to_minio:307  - 图片上传成功，访问URL：http://47.94.86.115:9000/knowledge-base-files/upload-images/hl3040网络说明书/02b07c798595cd5d16f556447dbf8aa092953531d3185dedbf38fc48b5be65bc.jpg
2026-03-18 14:00:32.393 | INFO     | node_md_img.py      :upload_to_minio:279  - 开始上传图片至MinIO：本地路径=C:\Users\admin\PycharmProjects\PythonProject16\output\20260318\7f53a942-8d77-4827-9f9f-a1ea4bce5644\hl3040网络说明书\images\03f77fa267a5603784c746f91315aebc952870991ce3594fdf60273b392aef7e.jpg，MinIO对象名=/upload-images/hl3040网络说明书/03f77fa267a5603784c746f91315aebc952870991ce3594fdf60273b392aef7e.jpg
2026-03-18 14:00:32.412 | INFO     | node_md_img.py      :upload_to_minio:307  - 图片上传成功，访问URL：http://47.94.86.115:9000/knowledge-base-files/upload-images/hl3040网络说明书/03f77fa267a5603784c746f91315aebc952870991ce3594fdf60273b392aef7e.jpg
2026-03-18 14:00:32.416 | INFO     | node_md_img.py      :upload_to_minio:279  - 开始上传图片至MinIO：本地路径=C:\Users\admin\PycharmProjects\PythonProject16\output\20260318\7f53a942-8d77-4827-9f9f-a1ea4bce5644\hl3040网络说明书\images\0c234f4da3455c69ce210acd205686e933fed555c15b9062ea683664cd9dd4c2.jpg，MinIO对象名=/upload-images/hl3040网络说明书/0c234f4da3455c69ce210acd205686e933fed555c15b9062ea683664cd9dd4c2.jpg
2026-03-18 14:00:32.434 | INFO     | node_md_img.py      :upload_to_minio:307  - 图片上传成功，访问URL：http://47.94.86.115:9000/knowledge-base-files/upload-images/hl3040网络说明书/0c234f4da3455c69ce210acd205686e933fed555c15b9062ea683664cd9dd4c2.jpg
2026-03-18 14:00:32.438 | INFO     | node_md_img.py      :upload_to_minio:279  - 开始上传图片至MinIO：本地路径=C:\Users\admin\PycharmProjects\PythonProject16\output\20260318\7f53a942-8d77-4827-9f9f-a1ea4bce5644\hl3040网络说明书\images\0c541cce7649b5fc7d7ac24b19151df2f6a876c04d86041fe101ea7774ea931a.jpg，MinIO对象名=/upload-images/hl3040网络说明书/0c541cce7649b5fc7d7ac24b19151df2f6a876c04d86041fe101ea7774ea931a.jpg
2026-03-18 14:00:32.458 | INFO     | node_md_img.py      :upload_to_minio:307  - 图片上传成功，访问URL：http://47.94.86.115:9000/knowledge-base-files/upload-images/hl3040网络说明书/0c541cce7649b5fc7d7ac24b19151df2f6a876c04d86041fe101ea7774ea931a.jpg
2026-03-18 14:00:32.462 | INFO     | node_md_img.py      :upload_to_minio:279  - 开始上传图片至MinIO：本地路径=C:\Users\admin\PycharmProjects\PythonProject16\output\20260318\7f53a942-8d77-4827-9f9f-a1ea4bce5644\hl3040网络说明书\images\0d12d3b696783a937c4f4dde31035b5c77d1bb15006610828778a7451a1b6067.jpg，MinIO对象名=/upload-images/hl3040网络说明书/0d12d3b696783a937c4f4dde31035b5c77d1bb15006610828778a7451a1b6067.jpg
2026-03-18 14:00:32.479 | INFO     | node_md_img.py      :upload_to_minio:307  - 图片上传成功，访问URL：http://47.94.86.115:9000/knowledge-base-files/upload-images/hl3040网络说明书/0d12d3b696783a937c4f4dde31035b5c77d1bb15006610828778a7451a1b6067.jpg
2026-03-18 14:00:32.483 | INFO     | node_md_img.py      :upload_to_minio:279  - 开始上传图片至MinIO：本地路径=C:\Users\admin\PycharmProjects\PythonProject16\output\20260318\7f53a942-8d77-4827-9f9f-a1ea4bce5644\hl3040网络说明书\images\0d3928b5d33c6d6545761ca35cde01e1aab60a09bb36cd6082bf38ab43074f4d.jpg，MinIO对象名=/upload-images/hl3040网络说明书/0d3928b5d33c6d6545761ca35cde01e1aab60a09bb36cd6082bf38ab43074f4d.jpg
2026-03-18 14:00:32.502 | INFO     | node_md_img.py      :upload_to_minio:307  - 图片上传成功，访问URL：http://47.94.86.115:9000/knowledge-base-files/upload-images/hl3040网络说明书/0d3928b5d33c6d6545761ca35cde01e1aab60a09bb36cd6082bf38ab43074f4d.jpg
2026-03-18 14:00:32.506 | INFO     | node_md_img.py      :upload_to_minio:279  - 开始上传图片至MinIO：本地路径=C:\Users\admin\PycharmProjects\PythonProject16\output\20260318\7f53a942-8d77-4827-9f9f-a1ea4bce5644\hl3040网络说明书\images\0e675d97e14c4c0acdc18a38b933f86d7f99ec799c0156c68438182c2983a3a5.jpg，MinIO对象名=/upload-images/hl3040网络说明书/0e675d97e14c4c0acdc18a38b933f86d7f99ec799c0156c68438182c2983a3a5.jpg
2026-03-18 14:00:32.524 | INFO     | node_md_img.py      :upload_to_minio:307  - 图片上传成功，访问URL：http://47.94.86.115:9000/knowledge-base-files/upload-images/hl3040网络说明书/0e675d97e14c4c0acdc18a38b933f86d7f99ec799c0156c68438182c2983a3a5.jpg
2026-03-18 14:00:32.528 | INFO     | node_md_img.py      :upload_to_minio:279  - 开始上传图片至MinIO：本地路径=C:\Users\admin\PycharmProjects\PythonProject16\output\20260318\7f53a942-8d77-4827-9f9f-a1ea4bce5644\hl3040网络说明书\images\0f94c909d821c911cfcb34ab5e5bb980e5bfbe41d6031830449164ce2511dd1d.jpg，MinIO对象名=/upload-images/hl3040网络说明书/0f94c909d821c911cfcb34ab5e5bb980e5bfbe41d6031830449164ce2511dd1d.jpg
2026-03-18 14:00:32.547 | INFO     | node_md_img.py      :upload_to_minio:307  - 图片上传成功，访问URL：http://47.94.86.115:9000/knowledge-base-files/upload-images/hl3040网络说明书/0f94c909d821c911cfcb34ab5e5bb980e5bfbe41d6031830449164ce2511dd1d.jpg
2026-03-18 14:00:32.552 | INFO     | node_md_img.py      :upload_to_minio:279  - 开始上传图片至MinIO：本地路径=C:\Users\admin\PycharmProjects\PythonProject16\output\20260318\7f53a942-8d77-4827-9f9f-a1ea4bce5644\hl3040网络说明书\images\0fb3a8a5de61d31ee8071191f39c5b3016d26af11d67aa73b7b7cf943c6c8380.jpg，MinIO对象名=/upload-images/hl3040网络说明书/0fb3a8a5de61d31ee8071191f39c5b3016d26af11d67aa73b7b7cf943c6c8380.jpg
2026-03-18 14:00:32.570 | INFO     | node_md_img.py      :upload_to_minio:307  - 图片上传成功，访问URL：http://47.94.86.115:9000/knowledge-base-files/upload-images/hl3040网络说明书/0fb3a8a5de61d31ee8071191f39c5b3016d26af11d67aa73b7b7cf943c6c8380.jpg
2026-03-18 14:00:32.575 | INFO     | node_md_img.py      :upload_to_minio:279  - 开始上传图片至MinIO：本地路径=C:\Users\admin\PycharmProjects\PythonProject16\output\20260318\7f53a942-8d77-4827-9f9f-a1ea4bce5644\hl3040网络说明书\images\1003179e902097aae8e1a42ab3d439e8f74e84dc0983bc0956a967e2f6b9476e.jpg，MinIO对象名=/upload-images/hl3040网络说明书/1003179e902097aae8e1a42ab3d439e8f74e84dc0983bc0956a967e2f6b9476e.jpg
2026-03-18 14:00:32.594 | INFO     | node_md_img.py      :upload_to_minio:307  - 图片上传成功，访问URL：http://47.94.86.115:9000/knowledge-base-files/upload-images/hl3040网络说明书/1003179e902097aae8e1a42ab3d439e8f74e84dc0983bc0956a967e2f6b9476e.jpg
2026-03-18 14:00:32.599 | INFO     | node_md_img.py      :upload_to_minio:279  - 开始上传图片至MinIO：本地路径=C:\Users\admin\PycharmProjects\PythonProject16\output\20260318\7f53a942-8d77-4827-9f9f-a1ea4bce5644\hl3040网络说明书\images\12441559dd8669421693155f0f5afb239ac6925a390a8fb34b435143f8154e18.jpg，MinIO对象名=/upload-images/hl3040网络说明书/12441559dd8669421693155f0f5afb239ac6925a390a8fb34b435143f8154e18.jpg
2026-03-18 14:00:32.618 | INFO     | node_md_img.py      :upload_to_minio:307  - 图片上传成功，访问URL：http://47.94.86.115:9000/knowledge-base-files/upload-images/hl3040网络说明书/12441559dd8669421693155f0f5afb239ac6925a390a8fb34b435143f8154e18.jpg
2026-03-18 14:00:32.623 | INFO     | node_md_img.py      :upload_to_minio:279  - 开始上传图片至MinIO：本地路径=C:\Users\admin\PycharmProjects\PythonProject16\output\20260318\7f53a942-8d77-4827-9f9f-a1ea4bce5644\hl3040网络说明书\images\1883c6ded572b48790ad369ae62c617bcb7d4d3f77850946773b0111a5293a2b.jpg，MinIO对象名=/upload-images/hl3040网络说明书/1883c6ded572b48790ad369ae62c617bcb7d4d3f77850946773b0111a5293a2b.jpg
2026-03-18 14:00:32.650 | INFO     | node_md_img.py      :upload_to_minio:307  - 图片上传成功，访问URL：http://47.94.86.115:9000/knowledge-base-files/upload-images/hl3040网络说明书/1883c6ded572b48790ad369ae62c617bcb7d4d3f77850946773b0111a5293a2b.jpg
2026-03-18 14:00:32.655 | INFO     | node_md_img.py      :upload_to_minio:279  - 开始上传图片至MinIO：本地路径=C:\Users\admin\PycharmProjects\PythonProject16\output\20260318\7f53a942-8d77-4827-9f9f-a1ea4bce5644\hl3040网络说明书\images\18a9e17217abbd9e12634726ff6d2d9af6430fa343a7e0167db1a409d6b9795b.jpg，MinIO对象名=/upload-images/hl3040网络说明书/18a9e17217abbd9e12634726ff6d2d9af6430fa343a7e0167db1a409d6b9795b.jpg
2026-03-18 14:00:32.675 | INFO     | node_md_img.py      :upload_to_minio:307  - 图片上传成功，访问URL：http://47.94.86.115:9000/knowledge-base-files/upload-images/hl3040网络说明书/18a9e17217abbd9e12634726ff6d2d9af6430fa343a7e0167db1a409d6b9795b.jpg
2026-03-18 14:00:32.679 | INFO     | node_md_img.py      :upload_to_minio:279  - 开始上传图片至MinIO：本地路径=C:\Users\admin\PycharmProjects\PythonProject16\output\20260318\7f53a942-8d77-4827-9f9f-a1ea4bce5644\hl3040网络说明书\images\1b3aed721806663b2c70555869ed1803ea92cc2607798ee24ab7e0ff9c6281bf.jpg，MinIO对象名=/upload-images/hl3040网络说明书/1b3aed721806663b2c70555869ed1803ea92cc2607798ee24ab7e0ff9c6281bf.jpg
2026-03-18 14:00:32.699 | INFO     | node_md_img.py      :upload_to_minio:307  - 图片上传成功，访问URL：http://47.94.86.115:9000/knowledge-base-files/upload-images/hl3040网络说明书/1b3aed721806663b2c70555869ed1803ea92cc2607798ee24ab7e0ff9c6281bf.jpg
2026-03-18 14:00:32.704 | INFO     | node_md_img.py      :upload_to_minio:279  - 开始上传图片至MinIO：本地路径=C:\Users\admin\PycharmProjects\PythonProject16\output\20260318\7f53a942-8d77-4827-9f9f-a1ea4bce5644\hl3040网络说明书\images\1be5607a8a26e31df40279ad74eff9a68c6570e424c6016e41002ac52bf95130.jpg，MinIO对象名=/upload-images/hl3040网络说明书/1be5607a8a26e31df40279ad74eff9a68c6570e424c6016e41002ac52bf95130.jpg
2026-03-18 14:00:32.721 | INFO     | node_md_img.py      :upload_to_minio:307  - 图片上传成功，访问URL：http://47.94.86.115:9000/knowledge-base-files/upload-images/hl3040网络说明书/1be5607a8a26e31df40279ad74eff9a68c6570e424c6016e41002ac52bf95130.jpg
2026-03-18 14:00:32.725 | INFO     | node_md_img.py      :upload_to_minio:279  - 开始上传图片至MinIO：本地路径=C:\Users\admin\PycharmProjects\PythonProject16\output\20260318\7f53a942-8d77-4827-9f9f-a1ea4bce5644\hl3040网络说明书\images\1c9b23bb2861016a5652435383cb0e39653f8812296c7ed96920cfa9c2aeba87.jpg，MinIO对象名=/upload-images/hl3040网络说明书/1c9b23bb2861016a5652435383cb0e39653f8812296c7ed96920cfa9c2aeba87.jpg
2026-03-18 14:00:32.746 | INFO     | node_md_img.py      :upload_to_minio:307  - 图片上传成功，访问URL：http://47.94.86.115:9000/knowledge-base-files/upload-images/hl3040网络说明书/1c9b23bb2861016a5652435383cb0e39653f8812296c7ed96920cfa9c2aeba87.jpg
2026-03-18 14:00:32.750 | INFO     | node_md_img.py      :upload_to_minio:279  - 开始上传图片至MinIO：本地路径=C:\Users\admin\PycharmProjects\PythonProject16\output\20260318\7f53a942-8d77-4827-9f9f-a1ea4bce5644\hl3040网络说明书\images\1dc99f71783d63d5e05a782dc6e0621f4aade8dbdddcde195d74b22d81382a42.jpg，MinIO对象名=/upload-images/hl3040网络说明书/1dc99f71783d63d5e05a782dc6e0621f4aade8dbdddcde195d74b22d81382a42.jpg
2026-03-18 14:00:32.767 | INFO     | node_md_img.py      :upload_to_minio:307  - 图片上传成功，访问URL：http://47.94.86.115:9000/knowledge-base-files/upload-images/hl3040网络说明书/1dc99f71783d63d5e05a782dc6e0621f4aade8dbdddcde195d74b22d81382a42.jpg
2026-03-18 14:00:32.773 | INFO     | node_md_img.py      :upload_to_minio:279  - 开始上传图片至MinIO：本地路径=C:\Users\admin\PycharmProjects\PythonProject16\output\20260318\7f53a942-8d77-4827-9f9f-a1ea4bce5644\hl3040网络说明书\images\1f031f89a950ef145e972ea2b35c75286d2a7e1105ba6f47206803355bcd3516.jpg，MinIO对象名=/upload-images/hl3040网络说明书/1f031f89a950ef145e972ea2b35c75286d2a7e1105ba6f47206803355bcd3516.jpg
2026-03-18 14:00:32.791 | INFO     | node_md_img.py      :upload_to_minio:307  - 图片上传成功，访问URL：http://47.94.86.115:9000/knowledge-base-files/upload-images/hl3040网络说明书/1f031f89a950ef145e972ea2b35c75286d2a7e1105ba6f47206803355bcd3516.jpg
2026-03-18 14:00:32.797 | INFO     | node_md_img.py      :upload_to_minio:279  - 开始上传图片至MinIO：本地路径=C:\Users\admin\PycharmProjects\PythonProject16\output\20260318\7f53a942-8d77-4827-9f9f-a1ea4bce5644\hl3040网络说明书\images\1fa2010d51ad267fefb281191706d79506faebe3a5dbf8cb325860e9e74666f2.jpg，MinIO对象名=/upload-images/hl3040网络说明书/1fa2010d51ad267fefb281191706d79506faebe3a5dbf8cb325860e9e74666f2.jpg
2026-03-18 14:00:32.816 | INFO     | node_md_img.py      :upload_to_minio:307  - 图片上传成功，访问URL：http://47.94.86.115:9000/knowledge-base-files/upload-images/hl3040网络说明书/1fa2010d51ad267fefb281191706d79506faebe3a5dbf8cb325860e9e74666f2.jpg
2026-03-18 14:00:32.821 | INFO     | node_md_img.py      :upload_to_minio:279  - 开始上传图片至MinIO：本地路径=C:\Users\admin\PycharmProjects\PythonProject16\output\20260318\7f53a942-8d77-4827-9f9f-a1ea4bce5644\hl3040网络说明书\images\20d6950d9f386f1bb2e9033c71ee4fb2fc77859ad1f44b9a3426276d76eeeca2.jpg，MinIO对象名=/upload-images/hl3040网络说明书/20d6950d9f386f1bb2e9033c71ee4fb2fc77859ad1f44b9a3426276d76eeeca2.jpg
2026-03-18 14:00:32.839 | INFO     | node_md_img.py      :upload_to_minio:307  - 图片上传成功，访问URL：http://47.94.86.115:9000/knowledge-base-files/upload-images/hl3040网络说明书/20d6950d9f386f1bb2e9033c71ee4fb2fc77859ad1f44b9a3426276d76eeeca2.jpg
2026-03-18 14:00:32.845 | INFO     | node_md_img.py      :upload_to_minio:279  - 开始上传图片至MinIO：本地路径=C:\Users\admin\PycharmProjects\PythonProject16\output\20260318\7f53a942-8d77-4827-9f9f-a1ea4bce5644\hl3040网络说明书\images\22811ddc91eb3692b92d6c530ccc7ee7b945f7166525f1064fe59b5f3f824c69.jpg，MinIO对象名=/upload-images/hl3040网络说明书/22811ddc91eb3692b92d6c530ccc7ee7b945f7166525f1064fe59b5f3f824c69.jpg
2026-03-18 14:00:32.866 | INFO     | node_md_img.py      :upload_to_minio:307  - 图片上传成功，访问URL：http://47.94.86.115:9000/knowledge-base-files/upload-images/hl3040网络说明书/22811ddc91eb3692b92d6c530ccc7ee7b945f7166525f1064fe59b5f3f824c69.jpg
2026-03-18 14:00:32.870 | INFO     | node_md_img.py      :upload_to_minio:279  - 开始上传图片至MinIO：本地路径=C:\Users\admin\PycharmProjects\PythonProject16\output\20260318\7f53a942-8d77-4827-9f9f-a1ea4bce5644\hl3040网络说明书\images\22e461f46f9a0934dabd985f3b0ae6d6d60702de700609abdab044e517e6f030.jpg，MinIO对象名=/upload-images/hl3040网络说明书/22e461f46f9a0934dabd985f3b0ae6d6d60702de700609abdab044e517e6f030.jpg
2026-03-18 14:00:32.889 | INFO     | node_md_img.py      :upload_to_minio:307  - 图片上传成功，访问URL：http://47.94.86.115:9000/knowledge-base-files/upload-images/hl3040网络说明书/22e461f46f9a0934dabd985f3b0ae6d6d60702de700609abdab044e517e6f030.jpg
2026-03-18 14:00:32.893 | INFO     | node_md_img.py      :upload_to_minio:279  - 开始上传图片至MinIO：本地路径=C:\Users\admin\PycharmProjects\PythonProject16\output\20260318\7f53a942-8d77-4827-9f9f-a1ea4bce5644\hl3040网络说明书\images\24f90010f9e301141a1027a1eee0d7cf8e786c0b4ae4cdf7d41dd49bb594bdde.jpg，MinIO对象名=/upload-images/hl3040网络说明书/24f90010f9e301141a1027a1eee0d7cf8e786c0b4ae4cdf7d41dd49bb594bdde.jpg
2026-03-18 14:00:32.913 | INFO     | node_md_img.py      :upload_to_minio:307  - 图片上传成功，访问URL：http://47.94.86.115:9000/knowledge-base-files/upload-images/hl3040网络说明书/24f90010f9e301141a1027a1eee0d7cf8e786c0b4ae4cdf7d41dd49bb594bdde.jpg
2026-03-18 14:00:32.917 | INFO     | node_md_img.py      :upload_to_minio:279  - 开始上传图片至MinIO：本地路径=C:\Users\admin\PycharmProjects\PythonProject16\output\20260318\7f53a942-8d77-4827-9f9f-a1ea4bce5644\hl3040网络说明书\images\25a530eaf55c359449f85d9c7fcbb02f5a6311ca4a3ffeee58da5e5d2b332bcb.jpg，MinIO对象名=/upload-images/hl3040网络说明书/25a530eaf55c359449f85d9c7fcbb02f5a6311ca4a3ffeee58da5e5d2b332bcb.jpg
2026-03-18 14:00:32.937 | INFO     | node_md_img.py      :upload_to_minio:307  - 图片上传成功，访问URL：http://47.94.86.115:9000/knowledge-base-files/upload-images/hl3040网络说明书/25a530eaf55c359449f85d9c7fcbb02f5a6311ca4a3ffeee58da5e5d2b332bcb.jpg
2026-03-18 14:00:32.940 | INFO     | node_md_img.py      :upload_to_minio:279  - 开始上传图片至MinIO：本地路径=C:\Users\admin\PycharmProjects\PythonProject16\output\20260318\7f53a942-8d77-4827-9f9f-a1ea4bce5644\hl3040网络说明书\images\27be04cda03383ea021c6fb3a8b0fb8057854d2260042c1b21346b3df3cf1b33.jpg，MinIO对象名=/upload-images/hl3040网络说明书/27be04cda03383ea021c6fb3a8b0fb8057854d2260042c1b21346b3df3cf1b33.jpg
2026-03-18 14:00:32.959 | INFO     | node_md_img.py      :upload_to_minio:307  - 图片上传成功，访问URL：http://47.94.86.115:9000/knowledge-base-files/upload-images/hl3040网络说明书/27be04cda03383ea021c6fb3a8b0fb8057854d2260042c1b21346b3df3cf1b33.jpg
2026-03-18 14:00:32.965 | INFO     | node_md_img.py      :upload_to_minio:279  - 开始上传图片至MinIO：本地路径=C:\Users\admin\PycharmProjects\PythonProject16\output\20260318\7f53a942-8d77-4827-9f9f-a1ea4bce5644\hl3040网络说明书\images\2825f236214232dafb67340e8a7b5cb62f49584105dc233bada04db28b6c690f.jpg，MinIO对象名=/upload-images/hl3040网络说明书/2825f236214232dafb67340e8a7b5cb62f49584105dc233bada04db28b6c690f.jpg
2026-03-18 14:00:32.986 | INFO     | node_md_img.py      :upload_to_minio:307  - 图片上传成功，访问URL：http://47.94.86.115:9000/knowledge-base-files/upload-images/hl3040网络说明书/2825f236214232dafb67340e8a7b5cb62f49584105dc233bada04db28b6c690f.jpg
2026-03-18 14:00:32.991 | INFO     | node_md_img.py      :upload_to_minio:279  - 开始上传图片至MinIO：本地路径=C:\Users\admin\PycharmProjects\PythonProject16\output\20260318\7f53a942-8d77-4827-9f9f-a1ea4bce5644\hl3040网络说明书\images\29635c62c655ffa3846c476a8ba4aa424042b1b8d9a2d32d6b398de33538be47.jpg，MinIO对象名=/upload-images/hl3040网络说明书/29635c62c655ffa3846c476a8ba4aa424042b1b8d9a2d32d6b398de33538be47.jpg
2026-03-18 14:00:33.011 | INFO     | node_md_img.py      :upload_to_minio:307  - 图片上传成功，访问URL：http://47.94.86.115:9000/knowledge-base-files/upload-images/hl3040网络说明书/29635c62c655ffa3846c476a8ba4aa424042b1b8d9a2d32d6b398de33538be47.jpg
2026-03-18 14:00:33.016 | INFO     | node_md_img.py      :upload_to_minio:279  - 开始上传图片至MinIO：本地路径=C:\Users\admin\PycharmProjects\PythonProject16\output\20260318\7f53a942-8d77-4827-9f9f-a1ea4bce5644\hl3040网络说明书\images\2b4b516840d949b9e728fb0efd2fcb6f1d7eb3dd00aab2975f95dc97473eec5c.jpg，MinIO对象名=/upload-images/hl3040网络说明书/2b4b516840d949b9e728fb0efd2fcb6f1d7eb3dd00aab2975f95dc97473eec5c.jpg
2026-03-18 14:00:33.037 | INFO     | node_md_img.py      :upload_to_minio:307  - 图片上传成功，访问URL：http://47.94.86.115:9000/knowledge-base-files/upload-images/hl3040网络说明书/2b4b516840d949b9e728fb0efd2fcb6f1d7eb3dd00aab2975f95dc97473eec5c.jpg
2026-03-18 14:00:33.042 | INFO     | node_md_img.py      :upload_to_minio:279  - 开始上传图片至MinIO：本地路径=C:\Users\admin\PycharmProjects\PythonProject16\output\20260318\7f53a942-8d77-4827-9f9f-a1ea4bce5644\hl3040网络说明书\images\2d28c8d6602870b5211b6485bc72ba8fd62bf2d79597f7fc04272c755ba2db19.jpg，MinIO对象名=/upload-images/hl3040网络说明书/2d28c8d6602870b5211b6485bc72ba8fd62bf2d79597f7fc04272c755ba2db19.jpg
2026-03-18 14:00:33.063 | INFO     | node_md_img.py      :upload_to_minio:307  - 图片上传成功，访问URL：http://47.94.86.115:9000/knowledge-base-files/upload-images/hl3040网络说明书/2d28c8d6602870b5211b6485bc72ba8fd62bf2d79597f7fc04272c755ba2db19.jpg
2026-03-18 14:00:33.068 | INFO     | node_md_img.py      :upload_to_minio:279  - 开始上传图片至MinIO：本地路径=C:\Users\admin\PycharmProjects\PythonProject16\output\20260318\7f53a942-8d77-4827-9f9f-a1ea4bce5644\hl3040网络说明书\images\31449a32f6261f53ccde58abddc21145cc18bd76d6c8efc0f3d34e390be25e84.jpg，MinIO对象名=/upload-images/hl3040网络说明书/31449a32f6261f53ccde58abddc21145cc18bd76d6c8efc0f3d34e390be25e84.jpg
2026-03-18 14:00:33.087 | INFO     | node_md_img.py      :upload_to_minio:307  - 图片上传成功，访问URL：http://47.94.86.115:9000/knowledge-base-files/upload-images/hl3040网络说明书/31449a32f6261f53ccde58abddc21145cc18bd76d6c8efc0f3d34e390be25e84.jpg
2026-03-18 14:00:33.091 | INFO     | node_md_img.py      :upload_to_minio:279  - 开始上传图片至MinIO：本地路径=C:\Users\admin\PycharmProjects\PythonProject16\output\20260318\7f53a942-8d77-4827-9f9f-a1ea4bce5644\hl3040网络说明书\images\314a9b6a5098f2ba14a5666531eb32d259cadfb46b5e0d7e188513b149c5fcbf.jpg，MinIO对象名=/upload-images/hl3040网络说明书/314a9b6a5098f2ba14a5666531eb32d259cadfb46b5e0d7e188513b149c5fcbf.jpg
2026-03-18 14:00:33.109 | INFO     | node_md_img.py      :upload_to_minio:307  - 图片上传成功，访问URL：http://47.94.86.115:9000/knowledge-base-files/upload-images/hl3040网络说明书/314a9b6a5098f2ba14a5666531eb32d259cadfb46b5e0d7e188513b149c5fcbf.jpg
2026-03-18 14:00:33.114 | INFO     | node_md_img.py      :upload_to_minio:279  - 开始上传图片至MinIO：本地路径=C:\Users\admin\PycharmProjects\PythonProject16\output\20260318\7f53a942-8d77-4827-9f9f-a1ea4bce5644\hl3040网络说明书\images\32f945f12816d9ac7d5b729029d1bb7ae4916aa2978bc3d4581415ed4b226153.jpg，MinIO对象名=/upload-images/hl3040网络说明书/32f945f12816d9ac7d5b729029d1bb7ae4916aa2978bc3d4581415ed4b226153.jpg
2026-03-18 14:00:33.133 | INFO     | node_md_img.py      :upload_to_minio:307  - 图片上传成功，访问URL：http://47.94.86.115:9000/knowledge-base-files/upload-images/hl3040网络说明书/32f945f12816d9ac7d5b729029d1bb7ae4916aa2978bc3d4581415ed4b226153.jpg
2026-03-18 14:00:33.137 | INFO     | node_md_img.py      :upload_to_minio:279  - 开始上传图片至MinIO：本地路径=C:\Users\admin\PycharmProjects\PythonProject16\output\20260318\7f53a942-8d77-4827-9f9f-a1ea4bce5644\hl3040网络说明书\images\336b2488ccd060ddd866f8d5a1e58e14a021d0f7e239af6f3d7f00307ea77c2e.jpg，MinIO对象名=/upload-images/hl3040网络说明书/336b2488ccd060ddd866f8d5a1e58e14a021d0f7e239af6f3d7f00307ea77c2e.jpg
2026-03-18 14:00:33.155 | INFO     | node_md_img.py      :upload_to_minio:307  - 图片上传成功，访问URL：http://47.94.86.115:9000/knowledge-base-files/upload-images/hl3040网络说明书/336b2488ccd060ddd866f8d5a1e58e14a021d0f7e239af6f3d7f00307ea77c2e.jpg
2026-03-18 14:00:33.160 | INFO     | node_md_img.py      :upload_to_minio:279  - 开始上传图片至MinIO：本地路径=C:\Users\admin\PycharmProjects\PythonProject16\output\20260318\7f53a942-8d77-4827-9f9f-a1ea4bce5644\hl3040网络说明书\images\33adb8d76306936ec87113eaf687621621ac2daae6c81abd03f33ea2607cf3c5.jpg，MinIO对象名=/upload-images/hl3040网络说明书/33adb8d76306936ec87113eaf687621621ac2daae6c81abd03f33ea2607cf3c5.jpg
2026-03-18 14:00:33.180 | INFO     | node_md_img.py      :upload_to_minio:307  - 图片上传成功，访问URL：http://47.94.86.115:9000/knowledge-base-files/upload-images/hl3040网络说明书/33adb8d76306936ec87113eaf687621621ac2daae6c81abd03f33ea2607cf3c5.jpg
2026-03-18 14:00:33.185 | INFO     | node_md_img.py      :upload_to_minio:279  - 开始上传图片至MinIO：本地路径=C:\Users\admin\PycharmProjects\PythonProject16\output\20260318\7f53a942-8d77-4827-9f9f-a1ea4bce5644\hl3040网络说明书\images\35c4baac7bade73e2395888ba581113b3713cae4dba01e2ed0a12c84ce9a541d.jpg，MinIO对象名=/upload-images/hl3040网络说明书/35c4baac7bade73e2395888ba581113b3713cae4dba01e2ed0a12c84ce9a541d.jpg
2026-03-18 14:00:33.205 | INFO     | node_md_img.py      :upload_to_minio:307  - 图片上传成功，访问URL：http://47.94.86.115:9000/knowledge-base-files/upload-images/hl3040网络说明书/35c4baac7bade73e2395888ba581113b3713cae4dba01e2ed0a12c84ce9a541d.jpg
2026-03-18 14:00:33.210 | INFO     | node_md_img.py      :upload_to_minio:279  - 开始上传图片至MinIO：本地路径=C:\Users\admin\PycharmProjects\PythonProject16\output\20260318\7f53a942-8d77-4827-9f9f-a1ea4bce5644\hl3040网络说明书\images\36a435af66b1267fdd3d5851120274462ec81686972ca0a4ce158bd08696fbd4.jpg，MinIO对象名=/upload-images/hl3040网络说明书/36a435af66b1267fdd3d5851120274462ec81686972ca0a4ce158bd08696fbd4.jpg
2026-03-18 14:00:33.229 | INFO     | node_md_img.py      :upload_to_minio:307  - 图片上传成功，访问URL：http://47.94.86.115:9000/knowledge-base-files/upload-images/hl3040网络说明书/36a435af66b1267fdd3d5851120274462ec81686972ca0a4ce158bd08696fbd4.jpg
2026-03-18 14:00:33.234 | INFO     | node_md_img.py      :upload_to_minio:279  - 开始上传图片至MinIO：本地路径=C:\Users\admin\PycharmProjects\PythonProject16\output\20260318\7f53a942-8d77-4827-9f9f-a1ea4bce5644\hl3040网络说明书\images\36bad3c7e073bf2f31a802a63e75a04ab5d375f2a6e50e4cd69cedf8cba1deee.jpg，MinIO对象名=/upload-images/hl3040网络说明书/36bad3c7e073bf2f31a802a63e75a04ab5d375f2a6e50e4cd69cedf8cba1deee.jpg
2026-03-18 14:00:33.252 | INFO     | node_md_img.py      :upload_to_minio:307  - 图片上传成功，访问URL：http://47.94.86.115:9000/knowledge-base-files/upload-images/hl3040网络说明书/36bad3c7e073bf2f31a802a63e75a04ab5d375f2a6e50e4cd69cedf8cba1deee.jpg
2026-03-18 14:00:33.256 | INFO     | node_md_img.py      :upload_to_minio:279  - 开始上传图片至MinIO：本地路径=C:\Users\admin\PycharmProjects\PythonProject16\output\20260318\7f53a942-8d77-4827-9f9f-a1ea4bce5644\hl3040网络说明书\images\3ab065ca5f39b92983a02d2bb897c6ce984cd30f753ff5c202dc17ed07797411.jpg，MinIO对象名=/upload-images/hl3040网络说明书/3ab065ca5f39b92983a02d2bb897c6ce984cd30f753ff5c202dc17ed07797411.jpg
2026-03-18 14:00:33.276 | INFO     | node_md_img.py      :upload_to_minio:307  - 图片上传成功，访问URL：http://47.94.86.115:9000/knowledge-base-files/upload-images/hl3040网络说明书/3ab065ca5f39b92983a02d2bb897c6ce984cd30f753ff5c202dc17ed07797411.jpg
2026-03-18 14:00:33.280 | INFO     | node_md_img.py      :upload_to_minio:279  - 开始上传图片至MinIO：本地路径=C:\Users\admin\PycharmProjects\PythonProject16\output\20260318\7f53a942-8d77-4827-9f9f-a1ea4bce5644\hl3040网络说明书\images\3adf4a4f4a95257b1056cb22a29476a6b989a4689da1bda25189f827dffdd95d.jpg，MinIO对象名=/upload-images/hl3040网络说明书/3adf4a4f4a95257b1056cb22a29476a6b989a4689da1bda25189f827dffdd95d.jpg
2026-03-18 14:00:33.300 | INFO     | node_md_img.py      :upload_to_minio:307  - 图片上传成功，访问URL：http://47.94.86.115:9000/knowledge-base-files/upload-images/hl3040网络说明书/3adf4a4f4a95257b1056cb22a29476a6b989a4689da1bda25189f827dffdd95d.jpg
2026-03-18 14:00:33.304 | INFO     | node_md_img.py      :upload_to_minio:279  - 开始上传图片至MinIO：本地路径=C:\Users\admin\PycharmProjects\PythonProject16\output\20260318\7f53a942-8d77-4827-9f9f-a1ea4bce5644\hl3040网络说明书\images\3b2778eb08d61f2c133ce387efc531151706b8e677146c91c8843dc00f79e99c.jpg，MinIO对象名=/upload-images/hl3040网络说明书/3b2778eb08d61f2c133ce387efc531151706b8e677146c91c8843dc00f79e99c.jpg
2026-03-18 14:00:33.323 | INFO     | node_md_img.py      :upload_to_minio:307  - 图片上传成功，访问URL：http://47.94.86.115:9000/knowledge-base-files/upload-images/hl3040网络说明书/3b2778eb08d61f2c133ce387efc531151706b8e677146c91c8843dc00f79e99c.jpg
2026-03-18 14:00:33.327 | INFO     | node_md_img.py      :upload_to_minio:279  - 开始上传图片至MinIO：本地路径=C:\Users\admin\PycharmProjects\PythonProject16\output\20260318\7f53a942-8d77-4827-9f9f-a1ea4bce5644\hl3040网络说明书\images\3bc91387cf8783f82abea6a7daecde37f6dde3a5c411967a9745046b0eed4f3d.jpg，MinIO对象名=/upload-images/hl3040网络说明书/3bc91387cf8783f82abea6a7daecde37f6dde3a5c411967a9745046b0eed4f3d.jpg
2026-03-18 14:00:33.348 | INFO     | node_md_img.py      :upload_to_minio:307  - 图片上传成功，访问URL：http://47.94.86.115:9000/knowledge-base-files/upload-images/hl3040网络说明书/3bc91387cf8783f82abea6a7daecde37f6dde3a5c411967a9745046b0eed4f3d.jpg
2026-03-18 14:00:33.351 | INFO     | node_md_img.py      :upload_to_minio:279  - 开始上传图片至MinIO：本地路径=C:\Users\admin\PycharmProjects\PythonProject16\output\20260318\7f53a942-8d77-4827-9f9f-a1ea4bce5644\hl3040网络说明书\images\3d1a387c4d97ebd19976c80b35f4e9acfb75fd89eae3fbc6f2a5e488a853250e.jpg，MinIO对象名=/upload-images/hl3040网络说明书/3d1a387c4d97ebd19976c80b35f4e9acfb75fd89eae3fbc6f2a5e488a853250e.jpg
2026-03-18 14:00:33.369 | INFO     | node_md_img.py      :upload_to_minio:307  - 图片上传成功，访问URL：http://47.94.86.115:9000/knowledge-base-files/upload-images/hl3040网络说明书/3d1a387c4d97ebd19976c80b35f4e9acfb75fd89eae3fbc6f2a5e488a853250e.jpg
2026-03-18 14:00:33.374 | INFO     | node_md_img.py      :upload_to_minio:279  - 开始上传图片至MinIO：本地路径=C:\Users\admin\PycharmProjects\PythonProject16\output\20260318\7f53a942-8d77-4827-9f9f-a1ea4bce5644\hl3040网络说明书\images\3e47e820c5be2d8e829982a229654ed996355e222360799a2af91ecb14fb0790.jpg，MinIO对象名=/upload-images/hl3040网络说明书/3e47e820c5be2d8e829982a229654ed996355e222360799a2af91ecb14fb0790.jpg
2026-03-18 14:00:33.396 | INFO     | node_md_img.py      :upload_to_minio:307  - 图片上传成功，访问URL：http://47.94.86.115:9000/knowledge-base-files/upload-images/hl3040网络说明书/3e47e820c5be2d8e829982a229654ed996355e222360799a2af91ecb14fb0790.jpg
2026-03-18 14:00:33.402 | INFO     | node_md_img.py      :upload_to_minio:279  - 开始上传图片至MinIO：本地路径=C:\Users\admin\PycharmProjects\PythonProject16\output\20260318\7f53a942-8d77-4827-9f9f-a1ea4bce5644\hl3040网络说明书\images\3f093688f0b20c6943d7cd12b6f782f80bcc4be54fd4c78acf9e75fb91ca31c9.jpg，MinIO对象名=/upload-images/hl3040网络说明书/3f093688f0b20c6943d7cd12b6f782f80bcc4be54fd4c78acf9e75fb91ca31c9.jpg
2026-03-18 14:00:33.423 | INFO     | node_md_img.py      :upload_to_minio:307  - 图片上传成功，访问URL：http://47.94.86.115:9000/knowledge-base-files/upload-images/hl3040网络说明书/3f093688f0b20c6943d7cd12b6f782f80bcc4be54fd4c78acf9e75fb91ca31c9.jpg
2026-03-18 14:00:33.428 | INFO     | node_md_img.py      :upload_to_minio:279  - 开始上传图片至MinIO：本地路径=C:\Users\admin\PycharmProjects\PythonProject16\output\20260318\7f53a942-8d77-4827-9f9f-a1ea4bce5644\hl3040网络说明书\images\4048df6e46b06049e9253ee6d2684df10c317f1bc87df81bbc75689dd3cd1446.jpg，MinIO对象名=/upload-images/hl3040网络说明书/4048df6e46b06049e9253ee6d2684df10c317f1bc87df81bbc75689dd3cd1446.jpg
2026-03-18 14:00:33.450 | INFO     | node_md_img.py      :upload_to_minio:307  - 图片上传成功，访问URL：http://47.94.86.115:9000/knowledge-base-files/upload-images/hl3040网络说明书/4048df6e46b06049e9253ee6d2684df10c317f1bc87df81bbc75689dd3cd1446.jpg
2026-03-18 14:00:33.455 | INFO     | node_md_img.py      :upload_to_minio:279  - 开始上传图片至MinIO：本地路径=C:\Users\admin\PycharmProjects\PythonProject16\output\20260318\7f53a942-8d77-4827-9f9f-a1ea4bce5644\hl3040网络说明书\images\421f81109f141a2eae6a48d789f07bd3b0945b7b71c342f7072dc6d1202b676b.jpg，MinIO对象名=/upload-images/hl3040网络说明书/421f81109f141a2eae6a48d789f07bd3b0945b7b71c342f7072dc6d1202b676b.jpg
2026-03-18 14:00:33.476 | INFO     | node_md_img.py      :upload_to_minio:307  - 图片上传成功，访问URL：http://47.94.86.115:9000/knowledge-base-files/upload-images/hl3040网络说明书/421f81109f141a2eae6a48d789f07bd3b0945b7b71c342f7072dc6d1202b676b.jpg
2026-03-18 14:00:33.481 | INFO     | node_md_img.py      :upload_to_minio:279  - 开始上传图片至MinIO：本地路径=C:\Users\admin\PycharmProjects\PythonProject16\output\20260318\7f53a942-8d77-4827-9f9f-a1ea4bce5644\hl3040网络说明书\images\42382376a0700800bdbb58469e6418fcada90e711162a057aed8f46f247881e6.jpg，MinIO对象名=/upload-images/hl3040网络说明书/42382376a0700800bdbb58469e6418fcada90e711162a057aed8f46f247881e6.jpg
2026-03-18 14:00:33.500 | INFO     | node_md_img.py      :upload_to_minio:307  - 图片上传成功，访问URL：http://47.94.86.115:9000/knowledge-base-files/upload-images/hl3040网络说明书/42382376a0700800bdbb58469e6418fcada90e711162a057aed8f46f247881e6.jpg
2026-03-18 14:00:33.504 | INFO     | node_md_img.py      :upload_to_minio:279  - 开始上传图片至MinIO：本地路径=C:\Users\admin\PycharmProjects\PythonProject16\output\20260318\7f53a942-8d77-4827-9f9f-a1ea4bce5644\hl3040网络说明书\images\438c8ff80ebccb1499ba32d96cd43d0c07dc42f12d42f01822a1299bb7f5ec1d.jpg，MinIO对象名=/upload-images/hl3040网络说明书/438c8ff80ebccb1499ba32d96cd43d0c07dc42f12d42f01822a1299bb7f5ec1d.jpg
2026-03-18 14:00:33.524 | INFO     | node_md_img.py      :upload_to_minio:307  - 图片上传成功，访问URL：http://47.94.86.115:9000/knowledge-base-files/upload-images/hl3040网络说明书/438c8ff80ebccb1499ba32d96cd43d0c07dc42f12d42f01822a1299bb7f5ec1d.jpg
2026-03-18 14:00:33.529 | INFO     | node_md_img.py      :upload_to_minio:279  - 开始上传图片至MinIO：本地路径=C:\Users\admin\PycharmProjects\PythonProject16\output\20260318\7f53a942-8d77-4827-9f9f-a1ea4bce5644\hl3040网络说明书\images\43c195045bb57c0d4bd1266a99a1db0a783d66ba68975eaf122eb5c78a775121.jpg，MinIO对象名=/upload-images/hl3040网络说明书/43c195045bb57c0d4bd1266a99a1db0a783d66ba68975eaf122eb5c78a775121.jpg
2026-03-18 14:00:33.554 | INFO     | node_md_img.py      :upload_to_minio:307  - 图片上传成功，访问URL：http://47.94.86.115:9000/knowledge-base-files/upload-images/hl3040网络说明书/43c195045bb57c0d4bd1266a99a1db0a783d66ba68975eaf122eb5c78a775121.jpg
2026-03-18 14:00:33.558 | INFO     | node_md_img.py      :upload_to_minio:279  - 开始上传图片至MinIO：本地路径=C:\Users\admin\PycharmProjects\PythonProject16\output\20260318\7f53a942-8d77-4827-9f9f-a1ea4bce5644\hl3040网络说明书\images\4415d08aae1b2d21e69d0073fad158788978cf286a8d5da216292f9a1e1a88e8.jpg，MinIO对象名=/upload-images/hl3040网络说明书/4415d08aae1b2d21e69d0073fad158788978cf286a8d5da216292f9a1e1a88e8.jpg
2026-03-18 14:00:33.579 | INFO     | node_md_img.py      :upload_to_minio:307  - 图片上传成功，访问URL：http://47.94.86.115:9000/knowledge-base-files/upload-images/hl3040网络说明书/4415d08aae1b2d21e69d0073fad158788978cf286a8d5da216292f9a1e1a88e8.jpg
2026-03-18 14:00:33.585 | INFO     | node_md_img.py      :upload_to_minio:279  - 开始上传图片至MinIO：本地路径=C:\Users\admin\PycharmProjects\PythonProject16\output\20260318\7f53a942-8d77-4827-9f9f-a1ea4bce5644\hl3040网络说明书\images\45106a8ad3ef37c66f84cb694f0cf4bd4ef108c51994275827843971e2a08810.jpg，MinIO对象名=/upload-images/hl3040网络说明书/45106a8ad3ef37c66f84cb694f0cf4bd4ef108c51994275827843971e2a08810.jpg
2026-03-18 14:00:33.605 | INFO     | node_md_img.py      :upload_to_minio:307  - 图片上传成功，访问URL：http://47.94.86.115:9000/knowledge-base-files/upload-images/hl3040网络说明书/45106a8ad3ef37c66f84cb694f0cf4bd4ef108c51994275827843971e2a08810.jpg
2026-03-18 14:00:33.610 | INFO     | node_md_img.py      :upload_to_minio:279  - 开始上传图片至MinIO：本地路径=C:\Users\admin\PycharmProjects\PythonProject16\output\20260318\7f53a942-8d77-4827-9f9f-a1ea4bce5644\hl3040网络说明书\images\4542622d899002b6a726829923462778187b3d7d94c3acbae3c692f9775e99f5.jpg，MinIO对象名=/upload-images/hl3040网络说明书/4542622d899002b6a726829923462778187b3d7d94c3acbae3c692f9775e99f5.jpg
2026-03-18 14:00:33.627 | INFO     | node_md_img.py      :upload_to_minio:307  - 图片上传成功，访问URL：http://47.94.86.115:9000/knowledge-base-files/upload-images/hl3040网络说明书/4542622d899002b6a726829923462778187b3d7d94c3acbae3c692f9775e99f5.jpg
2026-03-18 14:00:33.631 | INFO     | node_md_img.py      :upload_to_minio:279  - 开始上传图片至MinIO：本地路径=C:\Users\admin\PycharmProjects\PythonProject16\output\20260318\7f53a942-8d77-4827-9f9f-a1ea4bce5644\hl3040网络说明书\images\45c3e03f32350afa48009f34ac5ba02dc538adda29fbfcbf77f2a8ea531ce3ab.jpg，MinIO对象名=/upload-images/hl3040网络说明书/45c3e03f32350afa48009f34ac5ba02dc538adda29fbfcbf77f2a8ea531ce3ab.jpg
2026-03-18 14:00:33.650 | INFO     | node_md_img.py      :upload_to_minio:307  - 图片上传成功，访问URL：http://47.94.86.115:9000/knowledge-base-files/upload-images/hl3040网络说明书/45c3e03f32350afa48009f34ac5ba02dc538adda29fbfcbf77f2a8ea531ce3ab.jpg
2026-03-18 14:00:33.654 | INFO     | node_md_img.py      :upload_to_minio:279  - 开始上传图片至MinIO：本地路径=C:\Users\admin\PycharmProjects\PythonProject16\output\20260318\7f53a942-8d77-4827-9f9f-a1ea4bce5644\hl3040网络说明书\images\4627688b527444353c45d890d5e3935094a9bb14f7d45d4a05d7986ddfd217d6.jpg，MinIO对象名=/upload-images/hl3040网络说明书/4627688b527444353c45d890d5e3935094a9bb14f7d45d4a05d7986ddfd217d6.jpg
2026-03-18 14:00:33.676 | INFO     | node_md_img.py      :upload_to_minio:307  - 图片上传成功，访问URL：http://47.94.86.115:9000/knowledge-base-files/upload-images/hl3040网络说明书/4627688b527444353c45d890d5e3935094a9bb14f7d45d4a05d7986ddfd217d6.jpg
2026-03-18 14:00:33.681 | INFO     | node_md_img.py      :upload_to_minio:279  - 开始上传图片至MinIO：本地路径=C:\Users\admin\PycharmProjects\PythonProject16\output\20260318\7f53a942-8d77-4827-9f9f-a1ea4bce5644\hl3040网络说明书\images\463b34b2569a7b27a54db3f3cf4fbdf77de60889d7479a85103192cabbaad961.jpg，MinIO对象名=/upload-images/hl3040网络说明书/463b34b2569a7b27a54db3f3cf4fbdf77de60889d7479a85103192cabbaad961.jpg
2026-03-18 14:00:33.699 | INFO     | node_md_img.py      :upload_to_minio:307  - 图片上传成功，访问URL：http://47.94.86.115:9000/knowledge-base-files/upload-images/hl3040网络说明书/463b34b2569a7b27a54db3f3cf4fbdf77de60889d7479a85103192cabbaad961.jpg
2026-03-18 14:00:33.703 | INFO     | node_md_img.py      :upload_to_minio:279  - 开始上传图片至MinIO：本地路径=C:\Users\admin\PycharmProjects\PythonProject16\output\20260318\7f53a942-8d77-4827-9f9f-a1ea4bce5644\hl3040网络说明书\images\489593e2681cd079f98674e6ebf9a750bfa48d329875afa7d7dc009fd43bd6df.jpg，MinIO对象名=/upload-images/hl3040网络说明书/489593e2681cd079f98674e6ebf9a750bfa48d329875afa7d7dc009fd43bd6df.jpg
2026-03-18 14:00:33.723 | INFO     | node_md_img.py      :upload_to_minio:307  - 图片上传成功，访问URL：http://47.94.86.115:9000/knowledge-base-files/upload-images/hl3040网络说明书/489593e2681cd079f98674e6ebf9a750bfa48d329875afa7d7dc009fd43bd6df.jpg
2026-03-18 14:00:33.727 | INFO     | node_md_img.py      :upload_to_minio:279  - 开始上传图片至MinIO：本地路径=C:\Users\admin\PycharmProjects\PythonProject16\output\20260318\7f53a942-8d77-4827-9f9f-a1ea4bce5644\hl3040网络说明书\images\49d80fe86f128f8c8a2a967194a529d062e0145ec99ba18c1221f6c459003386.jpg，MinIO对象名=/upload-images/hl3040网络说明书/49d80fe86f128f8c8a2a967194a529d062e0145ec99ba18c1221f6c459003386.jpg
2026-03-18 14:00:33.745 | INFO     | node_md_img.py      :upload_to_minio:307  - 图片上传成功，访问URL：http://47.94.86.115:9000/knowledge-base-files/upload-images/hl3040网络说明书/49d80fe86f128f8c8a2a967194a529d062e0145ec99ba18c1221f6c459003386.jpg
2026-03-18 14:00:33.748 | INFO     | node_md_img.py      :upload_to_minio:279  - 开始上传图片至MinIO：本地路径=C:\Users\admin\PycharmProjects\PythonProject16\output\20260318\7f53a942-8d77-4827-9f9f-a1ea4bce5644\hl3040网络说明书\images\4a691caac993da7e2945ed3024186a05a288dc60680e5e4625111e704c174e14.jpg，MinIO对象名=/upload-images/hl3040网络说明书/4a691caac993da7e2945ed3024186a05a288dc60680e5e4625111e704c174e14.jpg
2026-03-18 14:00:33.765 | INFO     | node_md_img.py      :upload_to_minio:307  - 图片上传成功，访问URL：http://47.94.86.115:9000/knowledge-base-files/upload-images/hl3040网络说明书/4a691caac993da7e2945ed3024186a05a288dc60680e5e4625111e704c174e14.jpg
2026-03-18 14:00:33.769 | INFO     | node_md_img.py      :upload_to_minio:279  - 开始上传图片至MinIO：本地路径=C:\Users\admin\PycharmProjects\PythonProject16\output\20260318\7f53a942-8d77-4827-9f9f-a1ea4bce5644\hl3040网络说明书\images\4d6f69380b333763ffc41a3d5534336f0eac69fde29c62675a3e2c8d4d3477bb.jpg，MinIO对象名=/upload-images/hl3040网络说明书/4d6f69380b333763ffc41a3d5534336f0eac69fde29c62675a3e2c8d4d3477bb.jpg
2026-03-18 14:00:33.786 | INFO     | node_md_img.py      :upload_to_minio:307  - 图片上传成功，访问URL：http://47.94.86.115:9000/knowledge-base-files/upload-images/hl3040网络说明书/4d6f69380b333763ffc41a3d5534336f0eac69fde29c62675a3e2c8d4d3477bb.jpg
2026-03-18 14:00:33.789 | INFO     | node_md_img.py      :upload_to_minio:279  - 开始上传图片至MinIO：本地路径=C:\Users\admin\PycharmProjects\PythonProject16\output\20260318\7f53a942-8d77-4827-9f9f-a1ea4bce5644\hl3040网络说明书\images\4e114bf8a2542103945bde52249a7ca629631bc88c18827f36647659cf203fee.jpg，MinIO对象名=/upload-images/hl3040网络说明书/4e114bf8a2542103945bde52249a7ca629631bc88c18827f36647659cf203fee.jpg
2026-03-18 14:00:33.806 | INFO     | node_md_img.py      :upload_to_minio:307  - 图片上传成功，访问URL：http://47.94.86.115:9000/knowledge-base-files/upload-images/hl3040网络说明书/4e114bf8a2542103945bde52249a7ca629631bc88c18827f36647659cf203fee.jpg
2026-03-18 14:00:33.812 | INFO     | node_md_img.py      :upload_to_minio:279  - 开始上传图片至MinIO：本地路径=C:\Users\admin\PycharmProjects\PythonProject16\output\20260318\7f53a942-8d77-4827-9f9f-a1ea4bce5644\hl3040网络说明书\images\4eaf24ed1a59938c965f799a0dd69d6f0a578fe6d21b822f0d2acb0ca4fa57bf.jpg，MinIO对象名=/upload-images/hl3040网络说明书/4eaf24ed1a59938c965f799a0dd69d6f0a578fe6d21b822f0d2acb0ca4fa57bf.jpg
2026-03-18 14:00:33.833 | INFO     | node_md_img.py      :upload_to_minio:307  - 图片上传成功，访问URL：http://47.94.86.115:9000/knowledge-base-files/upload-images/hl3040网络说明书/4eaf24ed1a59938c965f799a0dd69d6f0a578fe6d21b822f0d2acb0ca4fa57bf.jpg
2026-03-18 14:00:33.837 | INFO     | node_md_img.py      :upload_to_minio:279  - 开始上传图片至MinIO：本地路径=C:\Users\admin\PycharmProjects\PythonProject16\output\20260318\7f53a942-8d77-4827-9f9f-a1ea4bce5644\hl3040网络说明书\images\4fd1868b0f1d38122b1cbeaac85d66a5745302ae771a35b8cad1d5f59ea70dd3.jpg，MinIO对象名=/upload-images/hl3040网络说明书/4fd1868b0f1d38122b1cbeaac85d66a5745302ae771a35b8cad1d5f59ea70dd3.jpg
2026-03-18 14:00:33.860 | INFO     | node_md_img.py      :upload_to_minio:307  - 图片上传成功，访问URL：http://47.94.86.115:9000/knowledge-base-files/upload-images/hl3040网络说明书/4fd1868b0f1d38122b1cbeaac85d66a5745302ae771a35b8cad1d5f59ea70dd3.jpg
2026-03-18 14:00:33.864 | INFO     | node_md_img.py      :upload_to_minio:279  - 开始上传图片至MinIO：本地路径=C:\Users\admin\PycharmProjects\PythonProject16\output\20260318\7f53a942-8d77-4827-9f9f-a1ea4bce5644\hl3040网络说明书\images\51e0ec483622ab0a662141f4126f09ac6836f8bc272f0de36189ea64508e86a7.jpg，MinIO对象名=/upload-images/hl3040网络说明书/51e0ec483622ab0a662141f4126f09ac6836f8bc272f0de36189ea64508e86a7.jpg
2026-03-18 14:00:33.884 | INFO     | node_md_img.py      :upload_to_minio:307  - 图片上传成功，访问URL：http://47.94.86.115:9000/knowledge-base-files/upload-images/hl3040网络说明书/51e0ec483622ab0a662141f4126f09ac6836f8bc272f0de36189ea64508e86a7.jpg
2026-03-18 14:00:33.889 | INFO     | node_md_img.py      :upload_to_minio:279  - 开始上传图片至MinIO：本地路径=C:\Users\admin\PycharmProjects\PythonProject16\output\20260318\7f53a942-8d77-4827-9f9f-a1ea4bce5644\hl3040网络说明书\images\52564a2d3d73ba04868fe45fa2dc1cface510ed23d998c632c54a3088b93bc57.jpg，MinIO对象名=/upload-images/hl3040网络说明书/52564a2d3d73ba04868fe45fa2dc1cface510ed23d998c632c54a3088b93bc57.jpg
2026-03-18 14:00:33.908 | INFO     | node_md_img.py      :upload_to_minio:307  - 图片上传成功，访问URL：http://47.94.86.115:9000/knowledge-base-files/upload-images/hl3040网络说明书/52564a2d3d73ba04868fe45fa2dc1cface510ed23d998c632c54a3088b93bc57.jpg
2026-03-18 14:00:33.912 | INFO     | node_md_img.py      :upload_to_minio:279  - 开始上传图片至MinIO：本地路径=C:\Users\admin\PycharmProjects\PythonProject16\output\20260318\7f53a942-8d77-4827-9f9f-a1ea4bce5644\hl3040网络说明书\images\558d492799f8df5dfa5c059a6b707612557efe1ab63edcc34b99d98cca5e603f.jpg，MinIO对象名=/upload-images/hl3040网络说明书/558d492799f8df5dfa5c059a6b707612557efe1ab63edcc34b99d98cca5e603f.jpg
2026-03-18 14:00:33.929 | INFO     | node_md_img.py      :upload_to_minio:307  - 图片上传成功，访问URL：http://47.94.86.115:9000/knowledge-base-files/upload-images/hl3040网络说明书/558d492799f8df5dfa5c059a6b707612557efe1ab63edcc34b99d98cca5e603f.jpg
2026-03-18 14:00:33.932 | INFO     | node_md_img.py      :upload_to_minio:279  - 开始上传图片至MinIO：本地路径=C:\Users\admin\PycharmProjects\PythonProject16\output\20260318\7f53a942-8d77-4827-9f9f-a1ea4bce5644\hl3040网络说明书\images\55dbff38ff08b5d134712d51fb98bfe6565ac66252290fee758d9bd1ac0e4496.jpg，MinIO对象名=/upload-images/hl3040网络说明书/55dbff38ff08b5d134712d51fb98bfe6565ac66252290fee758d9bd1ac0e4496.jpg
2026-03-18 14:00:33.951 | INFO     | node_md_img.py      :upload_to_minio:307  - 图片上传成功，访问URL：http://47.94.86.115:9000/knowledge-base-files/upload-images/hl3040网络说明书/55dbff38ff08b5d134712d51fb98bfe6565ac66252290fee758d9bd1ac0e4496.jpg
2026-03-18 14:00:33.956 | INFO     | node_md_img.py      :upload_to_minio:279  - 开始上传图片至MinIO：本地路径=C:\Users\admin\PycharmProjects\PythonProject16\output\20260318\7f53a942-8d77-4827-9f9f-a1ea4bce5644\hl3040网络说明书\images\56ab98abfc1688dfb9ae830fc64506d3640d2230b6274cb8c9057fc77e4e7947.jpg，MinIO对象名=/upload-images/hl3040网络说明书/56ab98abfc1688dfb9ae830fc64506d3640d2230b6274cb8c9057fc77e4e7947.jpg
2026-03-18 14:00:33.976 | INFO     | node_md_img.py      :upload_to_minio:307  - 图片上传成功，访问URL：http://47.94.86.115:9000/knowledge-base-files/upload-images/hl3040网络说明书/56ab98abfc1688dfb9ae830fc64506d3640d2230b6274cb8c9057fc77e4e7947.jpg
2026-03-18 14:00:33.980 | INFO     | node_md_img.py      :upload_to_minio:279  - 开始上传图片至MinIO：本地路径=C:\Users\admin\PycharmProjects\PythonProject16\output\20260318\7f53a942-8d77-4827-9f9f-a1ea4bce5644\hl3040网络说明书\images\584cdd42bcddec0c182302ba82dd84fad0c1969ef45e52608754b83e263c1738.jpg，MinIO对象名=/upload-images/hl3040网络说明书/584cdd42bcddec0c182302ba82dd84fad0c1969ef45e52608754b83e263c1738.jpg
2026-03-18 14:00:33.999 | INFO     | node_md_img.py      :upload_to_minio:307  - 图片上传成功，访问URL：http://47.94.86.115:9000/knowledge-base-files/upload-images/hl3040网络说明书/584cdd42bcddec0c182302ba82dd84fad0c1969ef45e52608754b83e263c1738.jpg
2026-03-18 14:00:34.003 | INFO     | node_md_img.py      :upload_to_minio:279  - 开始上传图片至MinIO：本地路径=C:\Users\admin\PycharmProjects\PythonProject16\output\20260318\7f53a942-8d77-4827-9f9f-a1ea4bce5644\hl3040网络说明书\images\5af26fd7a36fa7d4240fa7dbec91475579d50176a1363423cc142a63cda18ff9.jpg，MinIO对象名=/upload-images/hl3040网络说明书/5af26fd7a36fa7d4240fa7dbec91475579d50176a1363423cc142a63cda18ff9.jpg
2026-03-18 14:00:34.020 | INFO     | node_md_img.py      :upload_to_minio:307  - 图片上传成功，访问URL：http://47.94.86.115:9000/knowledge-base-files/upload-images/hl3040网络说明书/5af26fd7a36fa7d4240fa7dbec91475579d50176a1363423cc142a63cda18ff9.jpg
2026-03-18 14:00:34.026 | INFO     | node_md_img.py      :upload_to_minio:279  - 开始上传图片至MinIO：本地路径=C:\Users\admin\PycharmProjects\PythonProject16\output\20260318\7f53a942-8d77-4827-9f9f-a1ea4bce5644\hl3040网络说明书\images\5ba9c12ba8a054f4d2fbc6b6dbe375181971bad97fea516a31eb9c726f79e485.jpg，MinIO对象名=/upload-images/hl3040网络说明书/5ba9c12ba8a054f4d2fbc6b6dbe375181971bad97fea516a31eb9c726f79e485.jpg
2026-03-18 14:00:34.047 | INFO     | node_md_img.py      :upload_to_minio:307  - 图片上传成功，访问URL：http://47.94.86.115:9000/knowledge-base-files/upload-images/hl3040网络说明书/5ba9c12ba8a054f4d2fbc6b6dbe375181971bad97fea516a31eb9c726f79e485.jpg
2026-03-18 14:00:34.051 | INFO     | node_md_img.py      :upload_to_minio:279  - 开始上传图片至MinIO：本地路径=C:\Users\admin\PycharmProjects\PythonProject16\output\20260318\7f53a942-8d77-4827-9f9f-a1ea4bce5644\hl3040网络说明书\images\5bffdd8910600a1c1b6138cc49aa10611b7c3c1647771f1d0003a788d2c1b7ec.jpg，MinIO对象名=/upload-images/hl3040网络说明书/5bffdd8910600a1c1b6138cc49aa10611b7c3c1647771f1d0003a788d2c1b7ec.jpg
2026-03-18 14:00:34.071 | INFO     | node_md_img.py      :upload_to_minio:307  - 图片上传成功，访问URL：http://47.94.86.115:9000/knowledge-base-files/upload-images/hl3040网络说明书/5bffdd8910600a1c1b6138cc49aa10611b7c3c1647771f1d0003a788d2c1b7ec.jpg
2026-03-18 14:00:34.075 | INFO     | node_md_img.py      :upload_to_minio:279  - 开始上传图片至MinIO：本地路径=C:\Users\admin\PycharmProjects\PythonProject16\output\20260318\7f53a942-8d77-4827-9f9f-a1ea4bce5644\hl3040网络说明书\images\5c526742fbdd533d8efc07e58a6e2e92d776ff0f6a888c0ecd5cf0c00ae51615.jpg，MinIO对象名=/upload-images/hl3040网络说明书/5c526742fbdd533d8efc07e58a6e2e92d776ff0f6a888c0ecd5cf0c00ae51615.jpg
2026-03-18 14:00:34.094 | INFO     | node_md_img.py      :upload_to_minio:307  - 图片上传成功，访问URL：http://47.94.86.115:9000/knowledge-base-files/upload-images/hl3040网络说明书/5c526742fbdd533d8efc07e58a6e2e92d776ff0f6a888c0ecd5cf0c00ae51615.jpg
2026-03-18 14:00:34.099 | INFO     | node_md_img.py      :upload_to_minio:279  - 开始上传图片至MinIO：本地路径=C:\Users\admin\PycharmProjects\PythonProject16\output\20260318\7f53a942-8d77-4827-9f9f-a1ea4bce5644\hl3040网络说明书\images\5fac36f0586b9ba5046d51f85ec3052b90cad1e29c89fb412aecddadab7e838c.jpg，MinIO对象名=/upload-images/hl3040网络说明书/5fac36f0586b9ba5046d51f85ec3052b90cad1e29c89fb412aecddadab7e838c.jpg
2026-03-18 14:00:34.119 | INFO     | node_md_img.py      :upload_to_minio:307  - 图片上传成功，访问URL：http://47.94.86.115:9000/knowledge-base-files/upload-images/hl3040网络说明书/5fac36f0586b9ba5046d51f85ec3052b90cad1e29c89fb412aecddadab7e838c.jpg
2026-03-18 14:00:34.123 | INFO     | node_md_img.py      :upload_to_minio:279  - 开始上传图片至MinIO：本地路径=C:\Users\admin\PycharmProjects\PythonProject16\output\20260318\7f53a942-8d77-4827-9f9f-a1ea4bce5644\hl3040网络说明书\images\633aa3539a165cbcdbc36a9e509f5ac54b591a4d897e4bfcd39be44d6cd08123.jpg，MinIO对象名=/upload-images/hl3040网络说明书/633aa3539a165cbcdbc36a9e509f5ac54b591a4d897e4bfcd39be44d6cd08123.jpg
2026-03-18 14:00:34.142 | INFO     | node_md_img.py      :upload_to_minio:307  - 图片上传成功，访问URL：http://47.94.86.115:9000/knowledge-base-files/upload-images/hl3040网络说明书/633aa3539a165cbcdbc36a9e509f5ac54b591a4d897e4bfcd39be44d6cd08123.jpg
2026-03-18 14:00:34.146 | INFO     | node_md_img.py      :upload_to_minio:279  - 开始上传图片至MinIO：本地路径=C:\Users\admin\PycharmProjects\PythonProject16\output\20260318\7f53a942-8d77-4827-9f9f-a1ea4bce5644\hl3040网络说明书\images\633ddd08e3c60c02f48acd2b6929d41ab972ffd80f2becad7edb6e986fbdc3db.jpg，MinIO对象名=/upload-images/hl3040网络说明书/633ddd08e3c60c02f48acd2b6929d41ab972ffd80f2becad7edb6e986fbdc3db.jpg
2026-03-18 14:00:34.162 | INFO     | node_md_img.py      :upload_to_minio:307  - 图片上传成功，访问URL：http://47.94.86.115:9000/knowledge-base-files/upload-images/hl3040网络说明书/633ddd08e3c60c02f48acd2b6929d41ab972ffd80f2becad7edb6e986fbdc3db.jpg
2026-03-18 14:00:34.166 | INFO     | node_md_img.py      :upload_to_minio:279  - 开始上传图片至MinIO：本地路径=C:\Users\admin\PycharmProjects\PythonProject16\output\20260318\7f53a942-8d77-4827-9f9f-a1ea4bce5644\hl3040网络说明书\images\6386901615450d8407b4afbb398545341825a8f862fbf4a2bd8a76118fcd0236.jpg，MinIO对象名=/upload-images/hl3040网络说明书/6386901615450d8407b4afbb398545341825a8f862fbf4a2bd8a76118fcd0236.jpg
2026-03-18 14:00:34.183 | INFO     | node_md_img.py      :upload_to_minio:307  - 图片上传成功，访问URL：http://47.94.86.115:9000/knowledge-base-files/upload-images/hl3040网络说明书/6386901615450d8407b4afbb398545341825a8f862fbf4a2bd8a76118fcd0236.jpg
2026-03-18 14:00:34.187 | INFO     | node_md_img.py      :upload_to_minio:279  - 开始上传图片至MinIO：本地路径=C:\Users\admin\PycharmProjects\PythonProject16\output\20260318\7f53a942-8d77-4827-9f9f-a1ea4bce5644\hl3040网络说明书\images\63c673fe29bce88c8ad78bf1ad572b3c17c666be6a284ee3918db4febb569430.jpg，MinIO对象名=/upload-images/hl3040网络说明书/63c673fe29bce88c8ad78bf1ad572b3c17c666be6a284ee3918db4febb569430.jpg
2026-03-18 14:00:34.206 | INFO     | node_md_img.py      :upload_to_minio:307  - 图片上传成功，访问URL：http://47.94.86.115:9000/knowledge-base-files/upload-images/hl3040网络说明书/63c673fe29bce88c8ad78bf1ad572b3c17c666be6a284ee3918db4febb569430.jpg
2026-03-18 14:00:34.210 | INFO     | node_md_img.py      :upload_to_minio:279  - 开始上传图片至MinIO：本地路径=C:\Users\admin\PycharmProjects\PythonProject16\output\20260318\7f53a942-8d77-4827-9f9f-a1ea4bce5644\hl3040网络说明书\images\640f6af984be91d99273dbf67021500db0d8d48dbcc82b024622113aadae61ec.jpg，MinIO对象名=/upload-images/hl3040网络说明书/640f6af984be91d99273dbf67021500db0d8d48dbcc82b024622113aadae61ec.jpg
2026-03-18 14:00:34.226 | INFO     | node_md_img.py      :upload_to_minio:307  - 图片上传成功，访问URL：http://47.94.86.115:9000/knowledge-base-files/upload-images/hl3040网络说明书/640f6af984be91d99273dbf67021500db0d8d48dbcc82b024622113aadae61ec.jpg
2026-03-18 14:00:34.232 | INFO     | node_md_img.py      :upload_to_minio:279  - 开始上传图片至MinIO：本地路径=C:\Users\admin\PycharmProjects\PythonProject16\output\20260318\7f53a942-8d77-4827-9f9f-a1ea4bce5644\hl3040网络说明书\images\644e1bd41aa6b32e86b2b973aa314cfb0ac4498a71a47381b359aa9594accca5.jpg，MinIO对象名=/upload-images/hl3040网络说明书/644e1bd41aa6b32e86b2b973aa314cfb0ac4498a71a47381b359aa9594accca5.jpg
2026-03-18 14:00:34.253 | INFO     | node_md_img.py      :upload_to_minio:307  - 图片上传成功，访问URL：http://47.94.86.115:9000/knowledge-base-files/upload-images/hl3040网络说明书/644e1bd41aa6b32e86b2b973aa314cfb0ac4498a71a47381b359aa9594accca5.jpg
2026-03-18 14:00:34.258 | INFO     | node_md_img.py      :upload_to_minio:279  - 开始上传图片至MinIO：本地路径=C:\Users\admin\PycharmProjects\PythonProject16\output\20260318\7f53a942-8d77-4827-9f9f-a1ea4bce5644\hl3040网络说明书\images\65c9e48bc6096fc8ba85e176dd6502f474b22691df2b90640ba03b6ca8c78621.jpg，MinIO对象名=/upload-images/hl3040网络说明书/65c9e48bc6096fc8ba85e176dd6502f474b22691df2b90640ba03b6ca8c78621.jpg
2026-03-18 14:00:34.278 | INFO     | node_md_img.py      :upload_to_minio:307  - 图片上传成功，访问URL：http://47.94.86.115:9000/knowledge-base-files/upload-images/hl3040网络说明书/65c9e48bc6096fc8ba85e176dd6502f474b22691df2b90640ba03b6ca8c78621.jpg
2026-03-18 14:00:34.283 | INFO     | node_md_img.py      :upload_to_minio:279  - 开始上传图片至MinIO：本地路径=C:\Users\admin\PycharmProjects\PythonProject16\output\20260318\7f53a942-8d77-4827-9f9f-a1ea4bce5644\hl3040网络说明书\images\67338d58cbacad2e28f3df3da8433ff96f468a4763a09681e1868c7a358a5efc.jpg，MinIO对象名=/upload-images/hl3040网络说明书/67338d58cbacad2e28f3df3da8433ff96f468a4763a09681e1868c7a358a5efc.jpg
2026-03-18 14:00:34.304 | INFO     | node_md_img.py      :upload_to_minio:307  - 图片上传成功，访问URL：http://47.94.86.115:9000/knowledge-base-files/upload-images/hl3040网络说明书/67338d58cbacad2e28f3df3da8433ff96f468a4763a09681e1868c7a358a5efc.jpg
2026-03-18 14:00:34.308 | INFO     | node_md_img.py      :upload_to_minio:279  - 开始上传图片至MinIO：本地路径=C:\Users\admin\PycharmProjects\PythonProject16\output\20260318\7f53a942-8d77-4827-9f9f-a1ea4bce5644\hl3040网络说明书\images\6779915fec21875b84b5e17202069f61317a565d6a9135111b1dde51a32776aa.jpg，MinIO对象名=/upload-images/hl3040网络说明书/6779915fec21875b84b5e17202069f61317a565d6a9135111b1dde51a32776aa.jpg
2026-03-18 14:00:34.326 | INFO     | node_md_img.py      :upload_to_minio:307  - 图片上传成功，访问URL：http://47.94.86.115:9000/knowledge-base-files/upload-images/hl3040网络说明书/6779915fec21875b84b5e17202069f61317a565d6a9135111b1dde51a32776aa.jpg
2026-03-18 14:00:34.330 | INFO     | node_md_img.py      :upload_to_minio:279  - 开始上传图片至MinIO：本地路径=C:\Users\admin\PycharmProjects\PythonProject16\output\20260318\7f53a942-8d77-4827-9f9f-a1ea4bce5644\hl3040网络说明书\images\68c2d34179f34b999e7a6a797c215d895ac49365b95b407eee959cb025b9846c.jpg，MinIO对象名=/upload-images/hl3040网络说明书/68c2d34179f34b999e7a6a797c215d895ac49365b95b407eee959cb025b9846c.jpg
2026-03-18 14:00:34.347 | INFO     | node_md_img.py      :upload_to_minio:307  - 图片上传成功，访问URL：http://47.94.86.115:9000/knowledge-base-files/upload-images/hl3040网络说明书/68c2d34179f34b999e7a6a797c215d895ac49365b95b407eee959cb025b9846c.jpg
2026-03-18 14:00:34.351 | INFO     | node_md_img.py      :upload_to_minio:279  - 开始上传图片至MinIO：本地路径=C:\Users\admin\PycharmProjects\PythonProject16\output\20260318\7f53a942-8d77-4827-9f9f-a1ea4bce5644\hl3040网络说明书\images\6a58faf3abf098d1b63b9b5243cc549721c39f273afde06f1d2bde0287cdb321.jpg，MinIO对象名=/upload-images/hl3040网络说明书/6a58faf3abf098d1b63b9b5243cc549721c39f273afde06f1d2bde0287cdb321.jpg
2026-03-18 14:00:34.367 | INFO     | node_md_img.py      :upload_to_minio:307  - 图片上传成功，访问URL：http://47.94.86.115:9000/knowledge-base-files/upload-images/hl3040网络说明书/6a58faf3abf098d1b63b9b5243cc549721c39f273afde06f1d2bde0287cdb321.jpg
2026-03-18 14:00:34.371 | INFO     | node_md_img.py      :upload_to_minio:279  - 开始上传图片至MinIO：本地路径=C:\Users\admin\PycharmProjects\PythonProject16\output\20260318\7f53a942-8d77-4827-9f9f-a1ea4bce5644\hl3040网络说明书\images\6a856833a33dfdb5f7d7aa97402ae0491f4a812cc041a7e67486b93afa241116.jpg，MinIO对象名=/upload-images/hl3040网络说明书/6a856833a33dfdb5f7d7aa97402ae0491f4a812cc041a7e67486b93afa241116.jpg
2026-03-18 14:00:34.391 | INFO     | node_md_img.py      :upload_to_minio:307  - 图片上传成功，访问URL：http://47.94.86.115:9000/knowledge-base-files/upload-images/hl3040网络说明书/6a856833a33dfdb5f7d7aa97402ae0491f4a812cc041a7e67486b93afa241116.jpg
2026-03-18 14:00:34.395 | INFO     | node_md_img.py      :upload_to_minio:279  - 开始上传图片至MinIO：本地路径=C:\Users\admin\PycharmProjects\PythonProject16\output\20260318\7f53a942-8d77-4827-9f9f-a1ea4bce5644\hl3040网络说明书\images\6af7fe67f71bc5c928fd5f5c1458cfd50daf13b7902ae89eb467d3654916ba0a.jpg，MinIO对象名=/upload-images/hl3040网络说明书/6af7fe67f71bc5c928fd5f5c1458cfd50daf13b7902ae89eb467d3654916ba0a.jpg
2026-03-18 14:00:34.412 | INFO     | node_md_img.py      :upload_to_minio:307  - 图片上传成功，访问URL：http://47.94.86.115:9000/knowledge-base-files/upload-images/hl3040网络说明书/6af7fe67f71bc5c928fd5f5c1458cfd50daf13b7902ae89eb467d3654916ba0a.jpg
2026-03-18 14:00:34.417 | INFO     | node_md_img.py      :upload_to_minio:279  - 开始上传图片至MinIO：本地路径=C:\Users\admin\PycharmProjects\PythonProject16\output\20260318\7f53a942-8d77-4827-9f9f-a1ea4bce5644\hl3040网络说明书\images\6bd34ce757b21edaa375cd433edbe7636fcfba44d441f0b4078cce5d9f47a221.jpg，MinIO对象名=/upload-images/hl3040网络说明书/6bd34ce757b21edaa375cd433edbe7636fcfba44d441f0b4078cce5d9f47a221.jpg
2026-03-18 14:00:34.435 | INFO     | node_md_img.py      :upload_to_minio:307  - 图片上传成功，访问URL：http://47.94.86.115:9000/knowledge-base-files/upload-images/hl3040网络说明书/6bd34ce757b21edaa375cd433edbe7636fcfba44d441f0b4078cce5d9f47a221.jpg
2026-03-18 14:00:34.440 | INFO     | node_md_img.py      :upload_to_minio:279  - 开始上传图片至MinIO：本地路径=C:\Users\admin\PycharmProjects\PythonProject16\output\20260318\7f53a942-8d77-4827-9f9f-a1ea4bce5644\hl3040网络说明书\images\6d0ce415a8ea25845e4ebf5a5023ef341dde1fe1a4d0403dfc7a8558b6462d29.jpg，MinIO对象名=/upload-images/hl3040网络说明书/6d0ce415a8ea25845e4ebf5a5023ef341dde1fe1a4d0403dfc7a8558b6462d29.jpg
2026-03-18 14:00:34.460 | INFO     | node_md_img.py      :upload_to_minio:307  - 图片上传成功，访问URL：http://47.94.86.115:9000/knowledge-base-files/upload-images/hl3040网络说明书/6d0ce415a8ea25845e4ebf5a5023ef341dde1fe1a4d0403dfc7a8558b6462d29.jpg
2026-03-18 14:00:34.464 | INFO     | node_md_img.py      :upload_to_minio:279  - 开始上传图片至MinIO：本地路径=C:\Users\admin\PycharmProjects\PythonProject16\output\20260318\7f53a942-8d77-4827-9f9f-a1ea4bce5644\hl3040网络说明书\images\71b05a356d8990af4532f2d2e3f6439c9f8cd6380220c1ba97e0a00d4a4f9376.jpg，MinIO对象名=/upload-images/hl3040网络说明书/71b05a356d8990af4532f2d2e3f6439c9f8cd6380220c1ba97e0a00d4a4f9376.jpg
2026-03-18 14:00:34.486 | INFO     | node_md_img.py      :upload_to_minio:307  - 图片上传成功，访问URL：http://47.94.86.115:9000/knowledge-base-files/upload-images/hl3040网络说明书/71b05a356d8990af4532f2d2e3f6439c9f8cd6380220c1ba97e0a00d4a4f9376.jpg
2026-03-18 14:00:34.490 | INFO     | node_md_img.py      :upload_to_minio:279  - 开始上传图片至MinIO：本地路径=C:\Users\admin\PycharmProjects\PythonProject16\output\20260318\7f53a942-8d77-4827-9f9f-a1ea4bce5644\hl3040网络说明书\images\7700465df827278887a8a1962e621e5c6d482c97eba90aed59d2fe96e672225d.jpg，MinIO对象名=/upload-images/hl3040网络说明书/7700465df827278887a8a1962e621e5c6d482c97eba90aed59d2fe96e672225d.jpg
2026-03-18 14:00:34.509 | INFO     | node_md_img.py      :upload_to_minio:307  - 图片上传成功，访问URL：http://47.94.86.115:9000/knowledge-base-files/upload-images/hl3040网络说明书/7700465df827278887a8a1962e621e5c6d482c97eba90aed59d2fe96e672225d.jpg
2026-03-18 14:00:34.513 | INFO     | node_md_img.py      :upload_to_minio:279  - 开始上传图片至MinIO：本地路径=C:\Users\admin\PycharmProjects\PythonProject16\output\20260318\7f53a942-8d77-4827-9f9f-a1ea4bce5644\hl3040网络说明书\images\78859b910695ef844b79e797f4e102a83ca67575b540166a92a83d0facbf1412.jpg，MinIO对象名=/upload-images/hl3040网络说明书/78859b910695ef844b79e797f4e102a83ca67575b540166a92a83d0facbf1412.jpg
2026-03-18 14:00:34.534 | INFO     | node_md_img.py      :upload_to_minio:307  - 图片上传成功，访问URL：http://47.94.86.115:9000/knowledge-base-files/upload-images/hl3040网络说明书/78859b910695ef844b79e797f4e102a83ca67575b540166a92a83d0facbf1412.jpg
2026-03-18 14:00:34.538 | INFO     | node_md_img.py      :upload_to_minio:279  - 开始上传图片至MinIO：本地路径=C:\Users\admin\PycharmProjects\PythonProject16\output\20260318\7f53a942-8d77-4827-9f9f-a1ea4bce5644\hl3040网络说明书\images\7958eff349b004a51f33e5c7196f33117e0effecacf4fdab2826b74fc0997609.jpg，MinIO对象名=/upload-images/hl3040网络说明书/7958eff349b004a51f33e5c7196f33117e0effecacf4fdab2826b74fc0997609.jpg
2026-03-18 14:00:34.557 | INFO     | node_md_img.py      :upload_to_minio:307  - 图片上传成功，访问URL：http://47.94.86.115:9000/knowledge-base-files/upload-images/hl3040网络说明书/7958eff349b004a51f33e5c7196f33117e0effecacf4fdab2826b74fc0997609.jpg
2026-03-18 14:00:34.562 | INFO     | node_md_img.py      :upload_to_minio:279  - 开始上传图片至MinIO：本地路径=C:\Users\admin\PycharmProjects\PythonProject16\output\20260318\7f53a942-8d77-4827-9f9f-a1ea4bce5644\hl3040网络说明书\images\7ad49c7a8c69c41a43fb479f61c32d6ffd4078ff86de84c44b50afad6ca4ed96.jpg，MinIO对象名=/upload-images/hl3040网络说明书/7ad49c7a8c69c41a43fb479f61c32d6ffd4078ff86de84c44b50afad6ca4ed96.jpg
2026-03-18 14:00:34.580 | INFO     | node_md_img.py      :upload_to_minio:307  - 图片上传成功，访问URL：http://47.94.86.115:9000/knowledge-base-files/upload-images/hl3040网络说明书/7ad49c7a8c69c41a43fb479f61c32d6ffd4078ff86de84c44b50afad6ca4ed96.jpg
2026-03-18 14:00:34.584 | INFO     | node_md_img.py      :upload_to_minio:279  - 开始上传图片至MinIO：本地路径=C:\Users\admin\PycharmProjects\PythonProject16\output\20260318\7f53a942-8d77-4827-9f9f-a1ea4bce5644\hl3040网络说明书\images\7d4c9e439687f5a1764884ff32f7c0b7f9584c31a277eb4c88d204abc4dcaa7c.jpg，MinIO对象名=/upload-images/hl3040网络说明书/7d4c9e439687f5a1764884ff32f7c0b7f9584c31a277eb4c88d204abc4dcaa7c.jpg
2026-03-18 14:00:34.602 | INFO     | node_md_img.py      :upload_to_minio:307  - 图片上传成功，访问URL：http://47.94.86.115:9000/knowledge-base-files/upload-images/hl3040网络说明书/7d4c9e439687f5a1764884ff32f7c0b7f9584c31a277eb4c88d204abc4dcaa7c.jpg
2026-03-18 14:00:34.606 | INFO     | node_md_img.py      :upload_to_minio:279  - 开始上传图片至MinIO：本地路径=C:\Users\admin\PycharmProjects\PythonProject16\output\20260318\7f53a942-8d77-4827-9f9f-a1ea4bce5644\hl3040网络说明书\images\7d931bd33bda1a9a84c8980780a64a56823e1fb4db38b78c8b6389c9b44f5470.jpg，MinIO对象名=/upload-images/hl3040网络说明书/7d931bd33bda1a9a84c8980780a64a56823e1fb4db38b78c8b6389c9b44f5470.jpg
2026-03-18 14:00:34.622 | INFO     | node_md_img.py      :upload_to_minio:307  - 图片上传成功，访问URL：http://47.94.86.115:9000/knowledge-base-files/upload-images/hl3040网络说明书/7d931bd33bda1a9a84c8980780a64a56823e1fb4db38b78c8b6389c9b44f5470.jpg
2026-03-18 14:00:34.626 | INFO     | node_md_img.py      :upload_to_minio:279  - 开始上传图片至MinIO：本地路径=C:\Users\admin\PycharmProjects\PythonProject16\output\20260318\7f53a942-8d77-4827-9f9f-a1ea4bce5644\hl3040网络说明书\images\7e26def3f60a33d3c96d8a4fd7f16a2a2ae979dfe69886276c734a48c19c4914.jpg，MinIO对象名=/upload-images/hl3040网络说明书/7e26def3f60a33d3c96d8a4fd7f16a2a2ae979dfe69886276c734a48c19c4914.jpg
2026-03-18 14:00:34.645 | INFO     | node_md_img.py      :upload_to_minio:307  - 图片上传成功，访问URL：http://47.94.86.115:9000/knowledge-base-files/upload-images/hl3040网络说明书/7e26def3f60a33d3c96d8a4fd7f16a2a2ae979dfe69886276c734a48c19c4914.jpg
2026-03-18 14:00:34.649 | INFO     | node_md_img.py      :upload_to_minio:279  - 开始上传图片至MinIO：本地路径=C:\Users\admin\PycharmProjects\PythonProject16\output\20260318\7f53a942-8d77-4827-9f9f-a1ea4bce5644\hl3040网络说明书\images\809ca53fa320ac585e0e9f0ab652418135fe3cf05b4d2b6b265a21fecfa22658.jpg，MinIO对象名=/upload-images/hl3040网络说明书/809ca53fa320ac585e0e9f0ab652418135fe3cf05b4d2b6b265a21fecfa22658.jpg
2026-03-18 14:00:34.669 | INFO     | node_md_img.py      :upload_to_minio:307  - 图片上传成功，访问URL：http://47.94.86.115:9000/knowledge-base-files/upload-images/hl3040网络说明书/809ca53fa320ac585e0e9f0ab652418135fe3cf05b4d2b6b265a21fecfa22658.jpg
2026-03-18 14:00:34.673 | INFO     | node_md_img.py      :upload_to_minio:279  - 开始上传图片至MinIO：本地路径=C:\Users\admin\PycharmProjects\PythonProject16\output\20260318\7f53a942-8d77-4827-9f9f-a1ea4bce5644\hl3040网络说明书\images\80b5b581e94bedf6e5d6f73c3d059b751a078bc5132df62540c392246313a81a.jpg，MinIO对象名=/upload-images/hl3040网络说明书/80b5b581e94bedf6e5d6f73c3d059b751a078bc5132df62540c392246313a81a.jpg
2026-03-18 14:00:34.692 | INFO     | node_md_img.py      :upload_to_minio:307  - 图片上传成功，访问URL：http://47.94.86.115:9000/knowledge-base-files/upload-images/hl3040网络说明书/80b5b581e94bedf6e5d6f73c3d059b751a078bc5132df62540c392246313a81a.jpg
2026-03-18 14:00:34.697 | INFO     | node_md_img.py      :upload_to_minio:279  - 开始上传图片至MinIO：本地路径=C:\Users\admin\PycharmProjects\PythonProject16\output\20260318\7f53a942-8d77-4827-9f9f-a1ea4bce5644\hl3040网络说明书\images\81c1ad89e69e5389252423fcb58b44194149ca784360463d1d3015a92634f1fc.jpg，MinIO对象名=/upload-images/hl3040网络说明书/81c1ad89e69e5389252423fcb58b44194149ca784360463d1d3015a92634f1fc.jpg
2026-03-18 14:00:34.717 | INFO     | node_md_img.py      :upload_to_minio:307  - 图片上传成功，访问URL：http://47.94.86.115:9000/knowledge-base-files/upload-images/hl3040网络说明书/81c1ad89e69e5389252423fcb58b44194149ca784360463d1d3015a92634f1fc.jpg
2026-03-18 14:00:34.721 | INFO     | node_md_img.py      :upload_to_minio:279  - 开始上传图片至MinIO：本地路径=C:\Users\admin\PycharmProjects\PythonProject16\output\20260318\7f53a942-8d77-4827-9f9f-a1ea4bce5644\hl3040网络说明书\images\848e950741820ac4c527c8d14d814a6b64f5c579e96faf4aabe67a5a279304a7.jpg，MinIO对象名=/upload-images/hl3040网络说明书/848e950741820ac4c527c8d14d814a6b64f5c579e96faf4aabe67a5a279304a7.jpg
2026-03-18 14:00:34.741 | INFO     | node_md_img.py      :upload_to_minio:307  - 图片上传成功，访问URL：http://47.94.86.115:9000/knowledge-base-files/upload-images/hl3040网络说明书/848e950741820ac4c527c8d14d814a6b64f5c579e96faf4aabe67a5a279304a7.jpg
2026-03-18 14:00:34.745 | INFO     | node_md_img.py      :upload_to_minio:279  - 开始上传图片至MinIO：本地路径=C:\Users\admin\PycharmProjects\PythonProject16\output\20260318\7f53a942-8d77-4827-9f9f-a1ea4bce5644\hl3040网络说明书\images\85e09e8eb2d38803e192a30334616b8e33de8d7a3cb28c2f6e057bee3bfa000e.jpg，MinIO对象名=/upload-images/hl3040网络说明书/85e09e8eb2d38803e192a30334616b8e33de8d7a3cb28c2f6e057bee3bfa000e.jpg
2026-03-18 14:00:34.764 | INFO     | node_md_img.py      :upload_to_minio:307  - 图片上传成功，访问URL：http://47.94.86.115:9000/knowledge-base-files/upload-images/hl3040网络说明书/85e09e8eb2d38803e192a30334616b8e33de8d7a3cb28c2f6e057bee3bfa000e.jpg
2026-03-18 14:00:34.768 | INFO     | node_md_img.py      :upload_to_minio:279  - 开始上传图片至MinIO：本地路径=C:\Users\admin\PycharmProjects\PythonProject16\output\20260318\7f53a942-8d77-4827-9f9f-a1ea4bce5644\hl3040网络说明书\images\861f811de5c658588752676b96a8264c5946113f8ede5b5396bc1f86a05b0f3d.jpg，MinIO对象名=/upload-images/hl3040网络说明书/861f811de5c658588752676b96a8264c5946113f8ede5b5396bc1f86a05b0f3d.jpg
2026-03-18 14:00:34.785 | INFO     | node_md_img.py      :upload_to_minio:307  - 图片上传成功，访问URL：http://47.94.86.115:9000/knowledge-base-files/upload-images/hl3040网络说明书/861f811de5c658588752676b96a8264c5946113f8ede5b5396bc1f86a05b0f3d.jpg
2026-03-18 14:00:34.789 | INFO     | node_md_img.py      :upload_to_minio:279  - 开始上传图片至MinIO：本地路径=C:\Users\admin\PycharmProjects\PythonProject16\output\20260318\7f53a942-8d77-4827-9f9f-a1ea4bce5644\hl3040网络说明书\images\86e22eedc2112bf589bbfc2559231bae4741635e707950d01e7ebefe403497e2.jpg，MinIO对象名=/upload-images/hl3040网络说明书/86e22eedc2112bf589bbfc2559231bae4741635e707950d01e7ebefe403497e2.jpg
2026-03-18 14:00:34.812 | INFO     | node_md_img.py      :upload_to_minio:307  - 图片上传成功，访问URL：http://47.94.86.115:9000/knowledge-base-files/upload-images/hl3040网络说明书/86e22eedc2112bf589bbfc2559231bae4741635e707950d01e7ebefe403497e2.jpg
2026-03-18 14:00:34.816 | INFO     | node_md_img.py      :upload_to_minio:279  - 开始上传图片至MinIO：本地路径=C:\Users\admin\PycharmProjects\PythonProject16\output\20260318\7f53a942-8d77-4827-9f9f-a1ea4bce5644\hl3040网络说明书\images\879c8dd9ca9a9cf395a412e8c60541cf11e07c04ab00f1915881ae86af13a165.jpg，MinIO对象名=/upload-images/hl3040网络说明书/879c8dd9ca9a9cf395a412e8c60541cf11e07c04ab00f1915881ae86af13a165.jpg
2026-03-18 14:00:34.836 | INFO     | node_md_img.py      :upload_to_minio:307  - 图片上传成功，访问URL：http://47.94.86.115:9000/knowledge-base-files/upload-images/hl3040网络说明书/879c8dd9ca9a9cf395a412e8c60541cf11e07c04ab00f1915881ae86af13a165.jpg
2026-03-18 14:00:34.841 | INFO     | node_md_img.py      :upload_to_minio:279  - 开始上传图片至MinIO：本地路径=C:\Users\admin\PycharmProjects\PythonProject16\output\20260318\7f53a942-8d77-4827-9f9f-a1ea4bce5644\hl3040网络说明书\images\896ce9943801fcdb09961d83f077d731d888ad58d4bdaae94dd2ffa1f84e01ae.jpg，MinIO对象名=/upload-images/hl3040网络说明书/896ce9943801fcdb09961d83f077d731d888ad58d4bdaae94dd2ffa1f84e01ae.jpg
2026-03-18 14:00:34.861 | INFO     | node_md_img.py      :upload_to_minio:307  - 图片上传成功，访问URL：http://47.94.86.115:9000/knowledge-base-files/upload-images/hl3040网络说明书/896ce9943801fcdb09961d83f077d731d888ad58d4bdaae94dd2ffa1f84e01ae.jpg
2026-03-18 14:00:34.866 | INFO     | node_md_img.py      :upload_to_minio:279  - 开始上传图片至MinIO：本地路径=C:\Users\admin\PycharmProjects\PythonProject16\output\20260318\7f53a942-8d77-4827-9f9f-a1ea4bce5644\hl3040网络说明书\images\8a017d166fbc5121021d0ea27237995b1948fcfea26013877127c8642ba97644.jpg，MinIO对象名=/upload-images/hl3040网络说明书/8a017d166fbc5121021d0ea27237995b1948fcfea26013877127c8642ba97644.jpg
2026-03-18 14:00:34.886 | INFO     | node_md_img.py      :upload_to_minio:307  - 图片上传成功，访问URL：http://47.94.86.115:9000/knowledge-base-files/upload-images/hl3040网络说明书/8a017d166fbc5121021d0ea27237995b1948fcfea26013877127c8642ba97644.jpg
2026-03-18 14:00:34.891 | INFO     | node_md_img.py      :upload_to_minio:279  - 开始上传图片至MinIO：本地路径=C:\Users\admin\PycharmProjects\PythonProject16\output\20260318\7f53a942-8d77-4827-9f9f-a1ea4bce5644\hl3040网络说明书\images\8ad4623ee8c0267bf89274337173a7c7d8054770ac5131cab71756b60e8a32f9.jpg，MinIO对象名=/upload-images/hl3040网络说明书/8ad4623ee8c0267bf89274337173a7c7d8054770ac5131cab71756b60e8a32f9.jpg
2026-03-18 14:00:34.910 | INFO     | node_md_img.py      :upload_to_minio:307  - 图片上传成功，访问URL：http://47.94.86.115:9000/knowledge-base-files/upload-images/hl3040网络说明书/8ad4623ee8c0267bf89274337173a7c7d8054770ac5131cab71756b60e8a32f9.jpg
2026-03-18 14:00:34.917 | INFO     | node_md_img.py      :upload_to_minio:279  - 开始上传图片至MinIO：本地路径=C:\Users\admin\PycharmProjects\PythonProject16\output\20260318\7f53a942-8d77-4827-9f9f-a1ea4bce5644\hl3040网络说明书\images\8b2cd96e6fba7b5fa63be9e285d757624b49f8af32551f9209cc5a17e57bd6db.jpg，MinIO对象名=/upload-images/hl3040网络说明书/8b2cd96e6fba7b5fa63be9e285d757624b49f8af32551f9209cc5a17e57bd6db.jpg
2026-03-18 14:00:34.936 | INFO     | node_md_img.py      :upload_to_minio:307  - 图片上传成功，访问URL：http://47.94.86.115:9000/knowledge-base-files/upload-images/hl3040网络说明书/8b2cd96e6fba7b5fa63be9e285d757624b49f8af32551f9209cc5a17e57bd6db.jpg
2026-03-18 14:00:34.940 | INFO     | node_md_img.py      :upload_to_minio:279  - 开始上传图片至MinIO：本地路径=C:\Users\admin\PycharmProjects\PythonProject16\output\20260318\7f53a942-8d77-4827-9f9f-a1ea4bce5644\hl3040网络说明书\images\8e3c2f08e61bd8dc4e17b1b316aec9ba11881a4a533a1652cd389f563bacb9f9.jpg，MinIO对象名=/upload-images/hl3040网络说明书/8e3c2f08e61bd8dc4e17b1b316aec9ba11881a4a533a1652cd389f563bacb9f9.jpg
2026-03-18 14:00:34.956 | INFO     | node_md_img.py      :upload_to_minio:307  - 图片上传成功，访问URL：http://47.94.86.115:9000/knowledge-base-files/upload-images/hl3040网络说明书/8e3c2f08e61bd8dc4e17b1b316aec9ba11881a4a533a1652cd389f563bacb9f9.jpg
2026-03-18 14:00:34.961 | INFO     | node_md_img.py      :upload_to_minio:279  - 开始上传图片至MinIO：本地路径=C:\Users\admin\PycharmProjects\PythonProject16\output\20260318\7f53a942-8d77-4827-9f9f-a1ea4bce5644\hl3040网络说明书\images\9093e495991505d2baf5752e33caf515db7e9df4bf6d35238c100ac333843299.jpg，MinIO对象名=/upload-images/hl3040网络说明书/9093e495991505d2baf5752e33caf515db7e9df4bf6d35238c100ac333843299.jpg
2026-03-18 14:00:34.980 | INFO     | node_md_img.py      :upload_to_minio:307  - 图片上传成功，访问URL：http://47.94.86.115:9000/knowledge-base-files/upload-images/hl3040网络说明书/9093e495991505d2baf5752e33caf515db7e9df4bf6d35238c100ac333843299.jpg
2026-03-18 14:00:34.984 | INFO     | node_md_img.py      :upload_to_minio:279  - 开始上传图片至MinIO：本地路径=C:\Users\admin\PycharmProjects\PythonProject16\output\20260318\7f53a942-8d77-4827-9f9f-a1ea4bce5644\hl3040网络说明书\images\91d3245722788a62c31c5ef31afa0f5fdedd12c1f96368bcad0498473e3b933a.jpg，MinIO对象名=/upload-images/hl3040网络说明书/91d3245722788a62c31c5ef31afa0f5fdedd12c1f96368bcad0498473e3b933a.jpg
2026-03-18 14:00:35.001 | INFO     | node_md_img.py      :upload_to_minio:307  - 图片上传成功，访问URL：http://47.94.86.115:9000/knowledge-base-files/upload-images/hl3040网络说明书/91d3245722788a62c31c5ef31afa0f5fdedd12c1f96368bcad0498473e3b933a.jpg
2026-03-18 14:00:35.006 | INFO     | node_md_img.py      :upload_to_minio:279  - 开始上传图片至MinIO：本地路径=C:\Users\admin\PycharmProjects\PythonProject16\output\20260318\7f53a942-8d77-4827-9f9f-a1ea4bce5644\hl3040网络说明书\images\92a78a16d5848a130c471d2112494bf3a7004030087f3ef7a548f99a94d46ba6.jpg，MinIO对象名=/upload-images/hl3040网络说明书/92a78a16d5848a130c471d2112494bf3a7004030087f3ef7a548f99a94d46ba6.jpg
2026-03-18 14:00:35.025 | INFO     | node_md_img.py      :upload_to_minio:307  - 图片上传成功，访问URL：http://47.94.86.115:9000/knowledge-base-files/upload-images/hl3040网络说明书/92a78a16d5848a130c471d2112494bf3a7004030087f3ef7a548f99a94d46ba6.jpg
2026-03-18 14:00:35.029 | INFO     | node_md_img.py      :upload_to_minio:279  - 开始上传图片至MinIO：本地路径=C:\Users\admin\PycharmProjects\PythonProject16\output\20260318\7f53a942-8d77-4827-9f9f-a1ea4bce5644\hl3040网络说明书\images\937136596eaa7139fc8b20baac7d72965db23b76b1b02fd8f46db5e79002c1e1.jpg，MinIO对象名=/upload-images/hl3040网络说明书/937136596eaa7139fc8b20baac7d72965db23b76b1b02fd8f46db5e79002c1e1.jpg
2026-03-18 14:00:35.051 | INFO     | node_md_img.py      :upload_to_minio:307  - 图片上传成功，访问URL：http://47.94.86.115:9000/knowledge-base-files/upload-images/hl3040网络说明书/937136596eaa7139fc8b20baac7d72965db23b76b1b02fd8f46db5e79002c1e1.jpg
2026-03-18 14:00:35.056 | INFO     | node_md_img.py      :upload_to_minio:279  - 开始上传图片至MinIO：本地路径=C:\Users\admin\PycharmProjects\PythonProject16\output\20260318\7f53a942-8d77-4827-9f9f-a1ea4bce5644\hl3040网络说明书\images\93abc97554b4f7475101c045ab4c5aa4e89cb2dd580b5f665cba8028761410f3.jpg，MinIO对象名=/upload-images/hl3040网络说明书/93abc97554b4f7475101c045ab4c5aa4e89cb2dd580b5f665cba8028761410f3.jpg
2026-03-18 14:00:35.075 | INFO     | node_md_img.py      :upload_to_minio:307  - 图片上传成功，访问URL：http://47.94.86.115:9000/knowledge-base-files/upload-images/hl3040网络说明书/93abc97554b4f7475101c045ab4c5aa4e89cb2dd580b5f665cba8028761410f3.jpg
2026-03-18 14:00:35.080 | INFO     | node_md_img.py      :upload_to_minio:279  - 开始上传图片至MinIO：本地路径=C:\Users\admin\PycharmProjects\PythonProject16\output\20260318\7f53a942-8d77-4827-9f9f-a1ea4bce5644\hl3040网络说明书\images\93c3f5a0b4f8e38cf88422fc0150460c59a5d03aac7bbcbd0c52ce332412372b.jpg，MinIO对象名=/upload-images/hl3040网络说明书/93c3f5a0b4f8e38cf88422fc0150460c59a5d03aac7bbcbd0c52ce332412372b.jpg
2026-03-18 14:00:35.101 | INFO     | node_md_img.py      :upload_to_minio:307  - 图片上传成功，访问URL：http://47.94.86.115:9000/knowledge-base-files/upload-images/hl3040网络说明书/93c3f5a0b4f8e38cf88422fc0150460c59a5d03aac7bbcbd0c52ce332412372b.jpg
2026-03-18 14:00:35.105 | INFO     | node_md_img.py      :upload_to_minio:279  - 开始上传图片至MinIO：本地路径=C:\Users\admin\PycharmProjects\PythonProject16\output\20260318\7f53a942-8d77-4827-9f9f-a1ea4bce5644\hl3040网络说明书\images\940109f39d8f5cc6833987992287533c7a7e2d261dcb4e6f4191d0031e9c720e.jpg，MinIO对象名=/upload-images/hl3040网络说明书/940109f39d8f5cc6833987992287533c7a7e2d261dcb4e6f4191d0031e9c720e.jpg
2026-03-18 14:00:35.126 | INFO     | node_md_img.py      :upload_to_minio:307  - 图片上传成功，访问URL：http://47.94.86.115:9000/knowledge-base-files/upload-images/hl3040网络说明书/940109f39d8f5cc6833987992287533c7a7e2d261dcb4e6f4191d0031e9c720e.jpg
2026-03-18 14:00:35.130 | INFO     | node_md_img.py      :upload_to_minio:279  - 开始上传图片至MinIO：本地路径=C:\Users\admin\PycharmProjects\PythonProject16\output\20260318\7f53a942-8d77-4827-9f9f-a1ea4bce5644\hl3040网络说明书\images\94ea0edb527605c14f6a0e83db5623e5752834fb58945ad3f7f9650822f869a1.jpg，MinIO对象名=/upload-images/hl3040网络说明书/94ea0edb527605c14f6a0e83db5623e5752834fb58945ad3f7f9650822f869a1.jpg
2026-03-18 14:00:35.153 | INFO     | node_md_img.py      :upload_to_minio:307  - 图片上传成功，访问URL：http://47.94.86.115:9000/knowledge-base-files/upload-images/hl3040网络说明书/94ea0edb527605c14f6a0e83db5623e5752834fb58945ad3f7f9650822f869a1.jpg
2026-03-18 14:00:35.157 | INFO     | node_md_img.py      :upload_to_minio:279  - 开始上传图片至MinIO：本地路径=C:\Users\admin\PycharmProjects\PythonProject16\output\20260318\7f53a942-8d77-4827-9f9f-a1ea4bce5644\hl3040网络说明书\images\9891e8d83b7f33b74ae9ba808bf922bf76d7bde271a0e32b41c5b2f7c679a64b.jpg，MinIO对象名=/upload-images/hl3040网络说明书/9891e8d83b7f33b74ae9ba808bf922bf76d7bde271a0e32b41c5b2f7c679a64b.jpg
2026-03-18 14:00:35.175 | INFO     | node_md_img.py      :upload_to_minio:307  - 图片上传成功，访问URL：http://47.94.86.115:9000/knowledge-base-files/upload-images/hl3040网络说明书/9891e8d83b7f33b74ae9ba808bf922bf76d7bde271a0e32b41c5b2f7c679a64b.jpg
2026-03-18 14:00:35.179 | INFO     | node_md_img.py      :upload_to_minio:279  - 开始上传图片至MinIO：本地路径=C:\Users\admin\PycharmProjects\PythonProject16\output\20260318\7f53a942-8d77-4827-9f9f-a1ea4bce5644\hl3040网络说明书\images\99788b983647a48477d1cce333970ab40334d667fca47b3d99524a3b25d3b7d1.jpg，MinIO对象名=/upload-images/hl3040网络说明书/99788b983647a48477d1cce333970ab40334d667fca47b3d99524a3b25d3b7d1.jpg
2026-03-18 14:00:35.196 | INFO     | node_md_img.py      :upload_to_minio:307  - 图片上传成功，访问URL：http://47.94.86.115:9000/knowledge-base-files/upload-images/hl3040网络说明书/99788b983647a48477d1cce333970ab40334d667fca47b3d99524a3b25d3b7d1.jpg
2026-03-18 14:00:35.201 | INFO     | node_md_img.py      :upload_to_minio:279  - 开始上传图片至MinIO：本地路径=C:\Users\admin\PycharmProjects\PythonProject16\output\20260318\7f53a942-8d77-4827-9f9f-a1ea4bce5644\hl3040网络说明书\images\9a11d9a1b8c2eca8829cdd5188d406aa8f68574221e70fd00a89d70c5710d8f8.jpg，MinIO对象名=/upload-images/hl3040网络说明书/9a11d9a1b8c2eca8829cdd5188d406aa8f68574221e70fd00a89d70c5710d8f8.jpg
2026-03-18 14:00:35.217 | INFO     | node_md_img.py      :upload_to_minio:307  - 图片上传成功，访问URL：http://47.94.86.115:9000/knowledge-base-files/upload-images/hl3040网络说明书/9a11d9a1b8c2eca8829cdd5188d406aa8f68574221e70fd00a89d70c5710d8f8.jpg
2026-03-18 14:00:35.221 | INFO     | node_md_img.py      :upload_to_minio:279  - 开始上传图片至MinIO：本地路径=C:\Users\admin\PycharmProjects\PythonProject16\output\20260318\7f53a942-8d77-4827-9f9f-a1ea4bce5644\hl3040网络说明书\images\9f588024d91aad5eca7c8e832f7d176870c3511536062fc3c3c24274e58da072.jpg，MinIO对象名=/upload-images/hl3040网络说明书/9f588024d91aad5eca7c8e832f7d176870c3511536062fc3c3c24274e58da072.jpg
2026-03-18 14:00:35.240 | INFO     | node_md_img.py      :upload_to_minio:307  - 图片上传成功，访问URL：http://47.94.86.115:9000/knowledge-base-files/upload-images/hl3040网络说明书/9f588024d91aad5eca7c8e832f7d176870c3511536062fc3c3c24274e58da072.jpg
2026-03-18 14:00:35.244 | INFO     | node_md_img.py      :upload_to_minio:279  - 开始上传图片至MinIO：本地路径=C:\Users\admin\PycharmProjects\PythonProject16\output\20260318\7f53a942-8d77-4827-9f9f-a1ea4bce5644\hl3040网络说明书\images\9ffcaaf020be1c832dfb1b19ba0c57954fdba0eaccd82970166ae0215c577cd2.jpg，MinIO对象名=/upload-images/hl3040网络说明书/9ffcaaf020be1c832dfb1b19ba0c57954fdba0eaccd82970166ae0215c577cd2.jpg
2026-03-18 14:00:35.264 | INFO     | node_md_img.py      :upload_to_minio:307  - 图片上传成功，访问URL：http://47.94.86.115:9000/knowledge-base-files/upload-images/hl3040网络说明书/9ffcaaf020be1c832dfb1b19ba0c57954fdba0eaccd82970166ae0215c577cd2.jpg
2026-03-18 14:00:35.269 | INFO     | node_md_img.py      :upload_to_minio:279  - 开始上传图片至MinIO：本地路径=C:\Users\admin\PycharmProjects\PythonProject16\output\20260318\7f53a942-8d77-4827-9f9f-a1ea4bce5644\hl3040网络说明书\images\a15f2bbd8f179c707e111bacf6b81f5616a40a4dc3ad80063a6f5238a5ad2b20.jpg，MinIO对象名=/upload-images/hl3040网络说明书/a15f2bbd8f179c707e111bacf6b81f5616a40a4dc3ad80063a6f5238a5ad2b20.jpg
2026-03-18 14:00:35.289 | INFO     | node_md_img.py      :upload_to_minio:307  - 图片上传成功，访问URL：http://47.94.86.115:9000/knowledge-base-files/upload-images/hl3040网络说明书/a15f2bbd8f179c707e111bacf6b81f5616a40a4dc3ad80063a6f5238a5ad2b20.jpg
2026-03-18 14:00:35.293 | INFO     | node_md_img.py      :upload_to_minio:279  - 开始上传图片至MinIO：本地路径=C:\Users\admin\PycharmProjects\PythonProject16\output\20260318\7f53a942-8d77-4827-9f9f-a1ea4bce5644\hl3040网络说明书\images\a1d833d790dd9ab6e1f195b5a2f18b92270ca45bc90b01deea8c6211108887fd.jpg，MinIO对象名=/upload-images/hl3040网络说明书/a1d833d790dd9ab6e1f195b5a2f18b92270ca45bc90b01deea8c6211108887fd.jpg
2026-03-18 14:00:35.311 | INFO     | node_md_img.py      :upload_to_minio:307  - 图片上传成功，访问URL：http://47.94.86.115:9000/knowledge-base-files/upload-images/hl3040网络说明书/a1d833d790dd9ab6e1f195b5a2f18b92270ca45bc90b01deea8c6211108887fd.jpg
2026-03-18 14:00:35.315 | INFO     | node_md_img.py      :upload_to_minio:279  - 开始上传图片至MinIO：本地路径=C:\Users\admin\PycharmProjects\PythonProject16\output\20260318\7f53a942-8d77-4827-9f9f-a1ea4bce5644\hl3040网络说明书\images\a212c625eab37d62ff1136a3d3da28588be3bbe733660ce7b5f4c233732dc057.jpg，MinIO对象名=/upload-images/hl3040网络说明书/a212c625eab37d62ff1136a3d3da28588be3bbe733660ce7b5f4c233732dc057.jpg
2026-03-18 14:00:35.335 | INFO     | node_md_img.py      :upload_to_minio:307  - 图片上传成功，访问URL：http://47.94.86.115:9000/knowledge-base-files/upload-images/hl3040网络说明书/a212c625eab37d62ff1136a3d3da28588be3bbe733660ce7b5f4c233732dc057.jpg
2026-03-18 14:00:35.340 | INFO     | node_md_img.py      :upload_to_minio:279  - 开始上传图片至MinIO：本地路径=C:\Users\admin\PycharmProjects\PythonProject16\output\20260318\7f53a942-8d77-4827-9f9f-a1ea4bce5644\hl3040网络说明书\images\a292f5d6551c4000f23ef90f6d3ead4e246135332a75eb855b7fe8c5477c5d7f.jpg，MinIO对象名=/upload-images/hl3040网络说明书/a292f5d6551c4000f23ef90f6d3ead4e246135332a75eb855b7fe8c5477c5d7f.jpg
2026-03-18 14:00:35.362 | INFO     | node_md_img.py      :upload_to_minio:307  - 图片上传成功，访问URL：http://47.94.86.115:9000/knowledge-base-files/upload-images/hl3040网络说明书/a292f5d6551c4000f23ef90f6d3ead4e246135332a75eb855b7fe8c5477c5d7f.jpg
2026-03-18 14:00:35.367 | INFO     | node_md_img.py      :upload_to_minio:279  - 开始上传图片至MinIO：本地路径=C:\Users\admin\PycharmProjects\PythonProject16\output\20260318\7f53a942-8d77-4827-9f9f-a1ea4bce5644\hl3040网络说明书\images\a2ae4327d53388b95d7bd5a7434f722fde16deb75654f988fc51632d4047ba65.jpg，MinIO对象名=/upload-images/hl3040网络说明书/a2ae4327d53388b95d7bd5a7434f722fde16deb75654f988fc51632d4047ba65.jpg
2026-03-18 14:00:35.389 | INFO     | node_md_img.py      :upload_to_minio:307  - 图片上传成功，访问URL：http://47.94.86.115:9000/knowledge-base-files/upload-images/hl3040网络说明书/a2ae4327d53388b95d7bd5a7434f722fde16deb75654f988fc51632d4047ba65.jpg
2026-03-18 14:00:35.394 | INFO     | node_md_img.py      :upload_to_minio:279  - 开始上传图片至MinIO：本地路径=C:\Users\admin\PycharmProjects\PythonProject16\output\20260318\7f53a942-8d77-4827-9f9f-a1ea4bce5644\hl3040网络说明书\images\a2bc39951a98830e77b9e59f86a8fd433d8723c16227d6ad81ef64f7067db7b7.jpg，MinIO对象名=/upload-images/hl3040网络说明书/a2bc39951a98830e77b9e59f86a8fd433d8723c16227d6ad81ef64f7067db7b7.jpg
2026-03-18 14:00:35.414 | INFO     | node_md_img.py      :upload_to_minio:307  - 图片上传成功，访问URL：http://47.94.86.115:9000/knowledge-base-files/upload-images/hl3040网络说明书/a2bc39951a98830e77b9e59f86a8fd433d8723c16227d6ad81ef64f7067db7b7.jpg
2026-03-18 14:00:35.417 | INFO     | node_md_img.py      :upload_to_minio:279  - 开始上传图片至MinIO：本地路径=C:\Users\admin\PycharmProjects\PythonProject16\output\20260318\7f53a942-8d77-4827-9f9f-a1ea4bce5644\hl3040网络说明书\images\a62770ee95933325744b68c0f16b3c62984c9e1055958203fcd6c00426d39ff3.jpg，MinIO对象名=/upload-images/hl3040网络说明书/a62770ee95933325744b68c0f16b3c62984c9e1055958203fcd6c00426d39ff3.jpg
2026-03-18 14:00:35.438 | INFO     | node_md_img.py      :upload_to_minio:307  - 图片上传成功，访问URL：http://47.94.86.115:9000/knowledge-base-files/upload-images/hl3040网络说明书/a62770ee95933325744b68c0f16b3c62984c9e1055958203fcd6c00426d39ff3.jpg
2026-03-18 14:00:35.441 | INFO     | node_md_img.py      :upload_to_minio:279  - 开始上传图片至MinIO：本地路径=C:\Users\admin\PycharmProjects\PythonProject16\output\20260318\7f53a942-8d77-4827-9f9f-a1ea4bce5644\hl3040网络说明书\images\a97f1d4ea18944c2b903fe2e1f8b0c35fa4609d7870ad07d57bb7e770b10c1b4.jpg，MinIO对象名=/upload-images/hl3040网络说明书/a97f1d4ea18944c2b903fe2e1f8b0c35fa4609d7870ad07d57bb7e770b10c1b4.jpg
2026-03-18 14:00:35.458 | INFO     | node_md_img.py      :upload_to_minio:307  - 图片上传成功，访问URL：http://47.94.86.115:9000/knowledge-base-files/upload-images/hl3040网络说明书/a97f1d4ea18944c2b903fe2e1f8b0c35fa4609d7870ad07d57bb7e770b10c1b4.jpg
2026-03-18 14:00:35.462 | INFO     | node_md_img.py      :upload_to_minio:279  - 开始上传图片至MinIO：本地路径=C:\Users\admin\PycharmProjects\PythonProject16\output\20260318\7f53a942-8d77-4827-9f9f-a1ea4bce5644\hl3040网络说明书\images\aa2d0d957f0ccdb9fb34e4301453715f53683413d88363d047747f88a094b0c7.jpg，MinIO对象名=/upload-images/hl3040网络说明书/aa2d0d957f0ccdb9fb34e4301453715f53683413d88363d047747f88a094b0c7.jpg
2026-03-18 14:00:35.478 | INFO     | node_md_img.py      :upload_to_minio:307  - 图片上传成功，访问URL：http://47.94.86.115:9000/knowledge-base-files/upload-images/hl3040网络说明书/aa2d0d957f0ccdb9fb34e4301453715f53683413d88363d047747f88a094b0c7.jpg
2026-03-18 14:00:35.482 | INFO     | node_md_img.py      :upload_to_minio:279  - 开始上传图片至MinIO：本地路径=C:\Users\admin\PycharmProjects\PythonProject16\output\20260318\7f53a942-8d77-4827-9f9f-a1ea4bce5644\hl3040网络说明书\images\abf64f0c3c8241a61cb3576f9872e7e2dee6753ce0ab17fd0f3509457308c2d5.jpg，MinIO对象名=/upload-images/hl3040网络说明书/abf64f0c3c8241a61cb3576f9872e7e2dee6753ce0ab17fd0f3509457308c2d5.jpg
2026-03-18 14:00:35.503 | INFO     | node_md_img.py      :upload_to_minio:307  - 图片上传成功，访问URL：http://47.94.86.115:9000/knowledge-base-files/upload-images/hl3040网络说明书/abf64f0c3c8241a61cb3576f9872e7e2dee6753ce0ab17fd0f3509457308c2d5.jpg
2026-03-18 14:00:35.507 | INFO     | node_md_img.py      :upload_to_minio:279  - 开始上传图片至MinIO：本地路径=C:\Users\admin\PycharmProjects\PythonProject16\output\20260318\7f53a942-8d77-4827-9f9f-a1ea4bce5644\hl3040网络说明书\images\ad6da86ac36f627349477c2264f382ecd87777f082cb28821ee618f2def94109.jpg，MinIO对象名=/upload-images/hl3040网络说明书/ad6da86ac36f627349477c2264f382ecd87777f082cb28821ee618f2def94109.jpg
2026-03-18 14:00:35.528 | INFO     | node_md_img.py      :upload_to_minio:307  - 图片上传成功，访问URL：http://47.94.86.115:9000/knowledge-base-files/upload-images/hl3040网络说明书/ad6da86ac36f627349477c2264f382ecd87777f082cb28821ee618f2def94109.jpg
2026-03-18 14:00:35.532 | INFO     | node_md_img.py      :upload_to_minio:279  - 开始上传图片至MinIO：本地路径=C:\Users\admin\PycharmProjects\PythonProject16\output\20260318\7f53a942-8d77-4827-9f9f-a1ea4bce5644\hl3040网络说明书\images\ae1b65e9d76512fac75293a26679251bb8f7cb5a7a79b609b95f89afbb083a18.jpg，MinIO对象名=/upload-images/hl3040网络说明书/ae1b65e9d76512fac75293a26679251bb8f7cb5a7a79b609b95f89afbb083a18.jpg
2026-03-18 14:00:35.555 | INFO     | node_md_img.py      :upload_to_minio:307  - 图片上传成功，访问URL：http://47.94.86.115:9000/knowledge-base-files/upload-images/hl3040网络说明书/ae1b65e9d76512fac75293a26679251bb8f7cb5a7a79b609b95f89afbb083a18.jpg
2026-03-18 14:00:35.559 | INFO     | node_md_img.py      :upload_to_minio:279  - 开始上传图片至MinIO：本地路径=C:\Users\admin\PycharmProjects\PythonProject16\output\20260318\7f53a942-8d77-4827-9f9f-a1ea4bce5644\hl3040网络说明书\images\b0afcaf9a7e2d06ee323811c1ccd03c026d20ac22945ce3f8233a6a514579196.jpg，MinIO对象名=/upload-images/hl3040网络说明书/b0afcaf9a7e2d06ee323811c1ccd03c026d20ac22945ce3f8233a6a514579196.jpg
2026-03-18 14:00:35.576 | INFO     | node_md_img.py      :upload_to_minio:307  - 图片上传成功，访问URL：http://47.94.86.115:9000/knowledge-base-files/upload-images/hl3040网络说明书/b0afcaf9a7e2d06ee323811c1ccd03c026d20ac22945ce3f8233a6a514579196.jpg
2026-03-18 14:00:35.581 | INFO     | node_md_img.py      :upload_to_minio:279  - 开始上传图片至MinIO：本地路径=C:\Users\admin\PycharmProjects\PythonProject16\output\20260318\7f53a942-8d77-4827-9f9f-a1ea4bce5644\hl3040网络说明书\images\b0c660d1d7ba9ed6bb1f52a8d32f72e93dd0ed1b9e47d8c889edb9775018e4ed.jpg，MinIO对象名=/upload-images/hl3040网络说明书/b0c660d1d7ba9ed6bb1f52a8d32f72e93dd0ed1b9e47d8c889edb9775018e4ed.jpg
2026-03-18 14:00:35.599 | INFO     | node_md_img.py      :upload_to_minio:307  - 图片上传成功，访问URL：http://47.94.86.115:9000/knowledge-base-files/upload-images/hl3040网络说明书/b0c660d1d7ba9ed6bb1f52a8d32f72e93dd0ed1b9e47d8c889edb9775018e4ed.jpg
2026-03-18 14:00:35.602 | INFO     | node_md_img.py      :upload_to_minio:279  - 开始上传图片至MinIO：本地路径=C:\Users\admin\PycharmProjects\PythonProject16\output\20260318\7f53a942-8d77-4827-9f9f-a1ea4bce5644\hl3040网络说明书\images\b1b976c786c3babafbb75b5c71c84ba351d7d0dae73e8d79743c65b3dbe71447.jpg，MinIO对象名=/upload-images/hl3040网络说明书/b1b976c786c3babafbb75b5c71c84ba351d7d0dae73e8d79743c65b3dbe71447.jpg
2026-03-18 14:00:35.623 | INFO     | node_md_img.py      :upload_to_minio:307  - 图片上传成功，访问URL：http://47.94.86.115:9000/knowledge-base-files/upload-images/hl3040网络说明书/b1b976c786c3babafbb75b5c71c84ba351d7d0dae73e8d79743c65b3dbe71447.jpg
2026-03-18 14:00:35.627 | INFO     | node_md_img.py      :upload_to_minio:279  - 开始上传图片至MinIO：本地路径=C:\Users\admin\PycharmProjects\PythonProject16\output\20260318\7f53a942-8d77-4827-9f9f-a1ea4bce5644\hl3040网络说明书\images\b1d567ecfb0ae0cc85b33b8d803281412164be73e0933a32f804aca27b31a0fd.jpg，MinIO对象名=/upload-images/hl3040网络说明书/b1d567ecfb0ae0cc85b33b8d803281412164be73e0933a32f804aca27b31a0fd.jpg
2026-03-18 14:00:35.644 | INFO     | node_md_img.py      :upload_to_minio:307  - 图片上传成功，访问URL：http://47.94.86.115:9000/knowledge-base-files/upload-images/hl3040网络说明书/b1d567ecfb0ae0cc85b33b8d803281412164be73e0933a32f804aca27b31a0fd.jpg
2026-03-18 14:00:35.648 | INFO     | node_md_img.py      :upload_to_minio:279  - 开始上传图片至MinIO：本地路径=C:\Users\admin\PycharmProjects\PythonProject16\output\20260318\7f53a942-8d77-4827-9f9f-a1ea4bce5644\hl3040网络说明书\images\b1db68bdf23534205e5c29bedf8ad7f63e04a9a6d5277ca00bfadad6092f2f4d.jpg，MinIO对象名=/upload-images/hl3040网络说明书/b1db68bdf23534205e5c29bedf8ad7f63e04a9a6d5277ca00bfadad6092f2f4d.jpg
2026-03-18 14:00:35.665 | INFO     | node_md_img.py      :upload_to_minio:307  - 图片上传成功，访问URL：http://47.94.86.115:9000/knowledge-base-files/upload-images/hl3040网络说明书/b1db68bdf23534205e5c29bedf8ad7f63e04a9a6d5277ca00bfadad6092f2f4d.jpg
2026-03-18 14:00:35.669 | INFO     | node_md_img.py      :upload_to_minio:279  - 开始上传图片至MinIO：本地路径=C:\Users\admin\PycharmProjects\PythonProject16\output\20260318\7f53a942-8d77-4827-9f9f-a1ea4bce5644\hl3040网络说明书\images\b22cf227869605aa936d1b8329a9885c87d39bdfa8c48ad6bdaf1a61e955c6e9.jpg，MinIO对象名=/upload-images/hl3040网络说明书/b22cf227869605aa936d1b8329a9885c87d39bdfa8c48ad6bdaf1a61e955c6e9.jpg
2026-03-18 14:00:35.686 | INFO     | node_md_img.py      :upload_to_minio:307  - 图片上传成功，访问URL：http://47.94.86.115:9000/knowledge-base-files/upload-images/hl3040网络说明书/b22cf227869605aa936d1b8329a9885c87d39bdfa8c48ad6bdaf1a61e955c6e9.jpg
2026-03-18 14:00:35.690 | INFO     | node_md_img.py      :upload_to_minio:279  - 开始上传图片至MinIO：本地路径=C:\Users\admin\PycharmProjects\PythonProject16\output\20260318\7f53a942-8d77-4827-9f9f-a1ea4bce5644\hl3040网络说明书\images\b4a01115f4bb5aed1e1e37d315fa66003e4cd50d86b651d664b561534f173c4c.jpg，MinIO对象名=/upload-images/hl3040网络说明书/b4a01115f4bb5aed1e1e37d315fa66003e4cd50d86b651d664b561534f173c4c.jpg
2026-03-18 14:00:35.711 | INFO     | node_md_img.py      :upload_to_minio:307  - 图片上传成功，访问URL：http://47.94.86.115:9000/knowledge-base-files/upload-images/hl3040网络说明书/b4a01115f4bb5aed1e1e37d315fa66003e4cd50d86b651d664b561534f173c4c.jpg
2026-03-18 14:00:35.716 | INFO     | node_md_img.py      :upload_to_minio:279  - 开始上传图片至MinIO：本地路径=C:\Users\admin\PycharmProjects\PythonProject16\output\20260318\7f53a942-8d77-4827-9f9f-a1ea4bce5644\hl3040网络说明书\images\b5bd065fec604268f77cc03f1196dc55f6d07bbd99bf20fd28c1387dcbab9f82.jpg，MinIO对象名=/upload-images/hl3040网络说明书/b5bd065fec604268f77cc03f1196dc55f6d07bbd99bf20fd28c1387dcbab9f82.jpg
2026-03-18 14:00:35.736 | INFO     | node_md_img.py      :upload_to_minio:307  - 图片上传成功，访问URL：http://47.94.86.115:9000/knowledge-base-files/upload-images/hl3040网络说明书/b5bd065fec604268f77cc03f1196dc55f6d07bbd99bf20fd28c1387dcbab9f82.jpg
2026-03-18 14:00:35.740 | INFO     | node_md_img.py      :upload_to_minio:279  - 开始上传图片至MinIO：本地路径=C:\Users\admin\PycharmProjects\PythonProject16\output\20260318\7f53a942-8d77-4827-9f9f-a1ea4bce5644\hl3040网络说明书\images\b608256e64bb798d61f452cfc59754414102d75d81e0cd4f3011b1e574b2cb43.jpg，MinIO对象名=/upload-images/hl3040网络说明书/b608256e64bb798d61f452cfc59754414102d75d81e0cd4f3011b1e574b2cb43.jpg
2026-03-18 14:00:35.759 | INFO     | node_md_img.py      :upload_to_minio:307  - 图片上传成功，访问URL：http://47.94.86.115:9000/knowledge-base-files/upload-images/hl3040网络说明书/b608256e64bb798d61f452cfc59754414102d75d81e0cd4f3011b1e574b2cb43.jpg
2026-03-18 14:00:35.764 | INFO     | node_md_img.py      :upload_to_minio:279  - 开始上传图片至MinIO：本地路径=C:\Users\admin\PycharmProjects\PythonProject16\output\20260318\7f53a942-8d77-4827-9f9f-a1ea4bce5644\hl3040网络说明书\images\baad9fa16f898bd149f0ad7d1e78d2e9be85786b5ab87898e4852744d4152e12.jpg，MinIO对象名=/upload-images/hl3040网络说明书/baad9fa16f898bd149f0ad7d1e78d2e9be85786b5ab87898e4852744d4152e12.jpg
2026-03-18 14:00:35.780 | INFO     | node_md_img.py      :upload_to_minio:307  - 图片上传成功，访问URL：http://47.94.86.115:9000/knowledge-base-files/upload-images/hl3040网络说明书/baad9fa16f898bd149f0ad7d1e78d2e9be85786b5ab87898e4852744d4152e12.jpg
2026-03-18 14:00:35.784 | INFO     | node_md_img.py      :upload_to_minio:279  - 开始上传图片至MinIO：本地路径=C:\Users\admin\PycharmProjects\PythonProject16\output\20260318\7f53a942-8d77-4827-9f9f-a1ea4bce5644\hl3040网络说明书\images\bab02a4891a90d6ab0235eb4104c6b0c6adc47bcae41c6a280f14828f008f951.jpg，MinIO对象名=/upload-images/hl3040网络说明书/bab02a4891a90d6ab0235eb4104c6b0c6adc47bcae41c6a280f14828f008f951.jpg
2026-03-18 14:00:35.804 | INFO     | node_md_img.py      :upload_to_minio:307  - 图片上传成功，访问URL：http://47.94.86.115:9000/knowledge-base-files/upload-images/hl3040网络说明书/bab02a4891a90d6ab0235eb4104c6b0c6adc47bcae41c6a280f14828f008f951.jpg
2026-03-18 14:00:35.809 | INFO     | node_md_img.py      :upload_to_minio:279  - 开始上传图片至MinIO：本地路径=C:\Users\admin\PycharmProjects\PythonProject16\output\20260318\7f53a942-8d77-4827-9f9f-a1ea4bce5644\hl3040网络说明书\images\bb6e2c1642fa4393f6321b1b75db706fd693cc41842f2c1a0fc67b12b9cfc941.jpg，MinIO对象名=/upload-images/hl3040网络说明书/bb6e2c1642fa4393f6321b1b75db706fd693cc41842f2c1a0fc67b12b9cfc941.jpg
2026-03-18 14:00:35.827 | INFO     | node_md_img.py      :upload_to_minio:307  - 图片上传成功，访问URL：http://47.94.86.115:9000/knowledge-base-files/upload-images/hl3040网络说明书/bb6e2c1642fa4393f6321b1b75db706fd693cc41842f2c1a0fc67b12b9cfc941.jpg
2026-03-18 14:00:35.830 | INFO     | node_md_img.py      :upload_to_minio:279  - 开始上传图片至MinIO：本地路径=C:\Users\admin\PycharmProjects\PythonProject16\output\20260318\7f53a942-8d77-4827-9f9f-a1ea4bce5644\hl3040网络说明书\images\be7ca01e7a2caeeb2e3c2cf375e9e152ce7ef43da954a8a5b1d5b486a320ec7f.jpg，MinIO对象名=/upload-images/hl3040网络说明书/be7ca01e7a2caeeb2e3c2cf375e9e152ce7ef43da954a8a5b1d5b486a320ec7f.jpg
2026-03-18 14:00:35.856 | INFO     | node_md_img.py      :upload_to_minio:307  - 图片上传成功，访问URL：http://47.94.86.115:9000/knowledge-base-files/upload-images/hl3040网络说明书/be7ca01e7a2caeeb2e3c2cf375e9e152ce7ef43da954a8a5b1d5b486a320ec7f.jpg
2026-03-18 14:00:35.860 | INFO     | node_md_img.py      :upload_to_minio:279  - 开始上传图片至MinIO：本地路径=C:\Users\admin\PycharmProjects\PythonProject16\output\20260318\7f53a942-8d77-4827-9f9f-a1ea4bce5644\hl3040网络说明书\images\bf5a80f1c3d9e3329a45af610f0382534e3587f8ac37882166190dba6c44dbdd.jpg，MinIO对象名=/upload-images/hl3040网络说明书/bf5a80f1c3d9e3329a45af610f0382534e3587f8ac37882166190dba6c44dbdd.jpg
2026-03-18 14:00:35.879 | INFO     | node_md_img.py      :upload_to_minio:307  - 图片上传成功，访问URL：http://47.94.86.115:9000/knowledge-base-files/upload-images/hl3040网络说明书/bf5a80f1c3d9e3329a45af610f0382534e3587f8ac37882166190dba6c44dbdd.jpg
2026-03-18 14:00:35.882 | INFO     | node_md_img.py      :upload_to_minio:279  - 开始上传图片至MinIO：本地路径=C:\Users\admin\PycharmProjects\PythonProject16\output\20260318\7f53a942-8d77-4827-9f9f-a1ea4bce5644\hl3040网络说明书\images\bf9156805bb7488beb2689ba35ae77f925d435981a19992448070657758d7f3c.jpg，MinIO对象名=/upload-images/hl3040网络说明书/bf9156805bb7488beb2689ba35ae77f925d435981a19992448070657758d7f3c.jpg
2026-03-18 14:00:35.901 | INFO     | node_md_img.py      :upload_to_minio:307  - 图片上传成功，访问URL：http://47.94.86.115:9000/knowledge-base-files/upload-images/hl3040网络说明书/bf9156805bb7488beb2689ba35ae77f925d435981a19992448070657758d7f3c.jpg
2026-03-18 14:00:35.905 | INFO     | node_md_img.py      :upload_to_minio:279  - 开始上传图片至MinIO：本地路径=C:\Users\admin\PycharmProjects\PythonProject16\output\20260318\7f53a942-8d77-4827-9f9f-a1ea4bce5644\hl3040网络说明书\images\c1489a10199b0bbb0c706dd5f4c32566112d51db7cf3d48c8305df6a6c180a80.jpg，MinIO对象名=/upload-images/hl3040网络说明书/c1489a10199b0bbb0c706dd5f4c32566112d51db7cf3d48c8305df6a6c180a80.jpg
2026-03-18 14:00:35.923 | INFO     | node_md_img.py      :upload_to_minio:307  - 图片上传成功，访问URL：http://47.94.86.115:9000/knowledge-base-files/upload-images/hl3040网络说明书/c1489a10199b0bbb0c706dd5f4c32566112d51db7cf3d48c8305df6a6c180a80.jpg
2026-03-18 14:00:35.928 | INFO     | node_md_img.py      :upload_to_minio:279  - 开始上传图片至MinIO：本地路径=C:\Users\admin\PycharmProjects\PythonProject16\output\20260318\7f53a942-8d77-4827-9f9f-a1ea4bce5644\hl3040网络说明书\images\c15cd8c9dc9cce40c012526019a0f5bb9c00136b377102089a89b815be119fc2.jpg，MinIO对象名=/upload-images/hl3040网络说明书/c15cd8c9dc9cce40c012526019a0f5bb9c00136b377102089a89b815be119fc2.jpg
2026-03-18 14:00:35.945 | INFO     | node_md_img.py      :upload_to_minio:307  - 图片上传成功，访问URL：http://47.94.86.115:9000/knowledge-base-files/upload-images/hl3040网络说明书/c15cd8c9dc9cce40c012526019a0f5bb9c00136b377102089a89b815be119fc2.jpg
2026-03-18 14:00:35.949 | INFO     | node_md_img.py      :upload_to_minio:279  - 开始上传图片至MinIO：本地路径=C:\Users\admin\PycharmProjects\PythonProject16\output\20260318\7f53a942-8d77-4827-9f9f-a1ea4bce5644\hl3040网络说明书\images\c1ba878383e17944b1522ae3008c6f902accafcf5bd034d33da075e01c9d5168.jpg，MinIO对象名=/upload-images/hl3040网络说明书/c1ba878383e17944b1522ae3008c6f902accafcf5bd034d33da075e01c9d5168.jpg
2026-03-18 14:00:35.969 | INFO     | node_md_img.py      :upload_to_minio:307  - 图片上传成功，访问URL：http://47.94.86.115:9000/knowledge-base-files/upload-images/hl3040网络说明书/c1ba878383e17944b1522ae3008c6f902accafcf5bd034d33da075e01c9d5168.jpg
2026-03-18 14:00:35.973 | INFO     | node_md_img.py      :upload_to_minio:279  - 开始上传图片至MinIO：本地路径=C:\Users\admin\PycharmProjects\PythonProject16\output\20260318\7f53a942-8d77-4827-9f9f-a1ea4bce5644\hl3040网络说明书\images\c1baf15bd0a63509a633d1d4b156abf47f2579d00ee640bcc63d6f4a918caf24.jpg，MinIO对象名=/upload-images/hl3040网络说明书/c1baf15bd0a63509a633d1d4b156abf47f2579d00ee640bcc63d6f4a918caf24.jpg
2026-03-18 14:00:36.004 | INFO     | node_md_img.py      :upload_to_minio:307  - 图片上传成功，访问URL：http://47.94.86.115:9000/knowledge-base-files/upload-images/hl3040网络说明书/c1baf15bd0a63509a633d1d4b156abf47f2579d00ee640bcc63d6f4a918caf24.jpg
2026-03-18 14:00:36.008 | INFO     | node_md_img.py      :upload_to_minio:279  - 开始上传图片至MinIO：本地路径=C:\Users\admin\PycharmProjects\PythonProject16\output\20260318\7f53a942-8d77-4827-9f9f-a1ea4bce5644\hl3040网络说明书\images\c216d2e4e53037e47b07a842ab9d89b4fdd2dfb002359003b8f2d8696edc4405.jpg，MinIO对象名=/upload-images/hl3040网络说明书/c216d2e4e53037e47b07a842ab9d89b4fdd2dfb002359003b8f2d8696edc4405.jpg
2026-03-18 14:00:36.026 | INFO     | node_md_img.py      :upload_to_minio:307  - 图片上传成功，访问URL：http://47.94.86.115:9000/knowledge-base-files/upload-images/hl3040网络说明书/c216d2e4e53037e47b07a842ab9d89b4fdd2dfb002359003b8f2d8696edc4405.jpg
2026-03-18 14:00:36.031 | INFO     | node_md_img.py      :upload_to_minio:279  - 开始上传图片至MinIO：本地路径=C:\Users\admin\PycharmProjects\PythonProject16\output\20260318\7f53a942-8d77-4827-9f9f-a1ea4bce5644\hl3040网络说明书\images\c21ebba688e5da456c17ad6017e54447f3c7294fd8208fa12faba35eaac648d5.jpg，MinIO对象名=/upload-images/hl3040网络说明书/c21ebba688e5da456c17ad6017e54447f3c7294fd8208fa12faba35eaac648d5.jpg
2026-03-18 14:00:36.052 | INFO     | node_md_img.py      :upload_to_minio:307  - 图片上传成功，访问URL：http://47.94.86.115:9000/knowledge-base-files/upload-images/hl3040网络说明书/c21ebba688e5da456c17ad6017e54447f3c7294fd8208fa12faba35eaac648d5.jpg
2026-03-18 14:00:36.056 | INFO     | node_md_img.py      :upload_to_minio:279  - 开始上传图片至MinIO：本地路径=C:\Users\admin\PycharmProjects\PythonProject16\output\20260318\7f53a942-8d77-4827-9f9f-a1ea4bce5644\hl3040网络说明书\images\c3ce164385e189691df0c22a822718951b87b90b2c8484cab9be9b1fb5480d1e.jpg，MinIO对象名=/upload-images/hl3040网络说明书/c3ce164385e189691df0c22a822718951b87b90b2c8484cab9be9b1fb5480d1e.jpg
2026-03-18 14:00:36.074 | INFO     | node_md_img.py      :upload_to_minio:307  - 图片上传成功，访问URL：http://47.94.86.115:9000/knowledge-base-files/upload-images/hl3040网络说明书/c3ce164385e189691df0c22a822718951b87b90b2c8484cab9be9b1fb5480d1e.jpg
2026-03-18 14:00:36.077 | INFO     | node_md_img.py      :upload_to_minio:279  - 开始上传图片至MinIO：本地路径=C:\Users\admin\PycharmProjects\PythonProject16\output\20260318\7f53a942-8d77-4827-9f9f-a1ea4bce5644\hl3040网络说明书\images\c47738564e95088e0c03359687f0f36cc12c04a11321bdbb1d7f8692aedf2845.jpg，MinIO对象名=/upload-images/hl3040网络说明书/c47738564e95088e0c03359687f0f36cc12c04a11321bdbb1d7f8692aedf2845.jpg
2026-03-18 14:00:36.094 | INFO     | node_md_img.py      :upload_to_minio:307  - 图片上传成功，访问URL：http://47.94.86.115:9000/knowledge-base-files/upload-images/hl3040网络说明书/c47738564e95088e0c03359687f0f36cc12c04a11321bdbb1d7f8692aedf2845.jpg
2026-03-18 14:00:36.098 | INFO     | node_md_img.py      :upload_to_minio:279  - 开始上传图片至MinIO：本地路径=C:\Users\admin\PycharmProjects\PythonProject16\output\20260318\7f53a942-8d77-4827-9f9f-a1ea4bce5644\hl3040网络说明书\images\c8514d74a8021c815ba12ac7497a914d37a1b515fe1507f3f073f19e99800d74.jpg，MinIO对象名=/upload-images/hl3040网络说明书/c8514d74a8021c815ba12ac7497a914d37a1b515fe1507f3f073f19e99800d74.jpg
2026-03-18 14:00:36.118 | INFO     | node_md_img.py      :upload_to_minio:307  - 图片上传成功，访问URL：http://47.94.86.115:9000/knowledge-base-files/upload-images/hl3040网络说明书/c8514d74a8021c815ba12ac7497a914d37a1b515fe1507f3f073f19e99800d74.jpg
2026-03-18 14:00:36.123 | INFO     | node_md_img.py      :upload_to_minio:279  - 开始上传图片至MinIO：本地路径=C:\Users\admin\PycharmProjects\PythonProject16\output\20260318\7f53a942-8d77-4827-9f9f-a1ea4bce5644\hl3040网络说明书\images\ca8c48a9bbbb46b9b92a926fb239ddd768989818f04285976ff9528d2e084b78.jpg，MinIO对象名=/upload-images/hl3040网络说明书/ca8c48a9bbbb46b9b92a926fb239ddd768989818f04285976ff9528d2e084b78.jpg
2026-03-18 14:00:36.142 | INFO     | node_md_img.py      :upload_to_minio:307  - 图片上传成功，访问URL：http://47.94.86.115:9000/knowledge-base-files/upload-images/hl3040网络说明书/ca8c48a9bbbb46b9b92a926fb239ddd768989818f04285976ff9528d2e084b78.jpg
2026-03-18 14:00:36.146 | INFO     | node_md_img.py      :upload_to_minio:279  - 开始上传图片至MinIO：本地路径=C:\Users\admin\PycharmProjects\PythonProject16\output\20260318\7f53a942-8d77-4827-9f9f-a1ea4bce5644\hl3040网络说明书\images\ca954ceb423bc3f91bbf05836f1c9bccb40da2abf1617a52aa3768d6e5615117.jpg，MinIO对象名=/upload-images/hl3040网络说明书/ca954ceb423bc3f91bbf05836f1c9bccb40da2abf1617a52aa3768d6e5615117.jpg
2026-03-18 14:00:36.164 | INFO     | node_md_img.py      :upload_to_minio:307  - 图片上传成功，访问URL：http://47.94.86.115:9000/knowledge-base-files/upload-images/hl3040网络说明书/ca954ceb423bc3f91bbf05836f1c9bccb40da2abf1617a52aa3768d6e5615117.jpg
2026-03-18 14:00:36.169 | INFO     | node_md_img.py      :upload_to_minio:279  - 开始上传图片至MinIO：本地路径=C:\Users\admin\PycharmProjects\PythonProject16\output\20260318\7f53a942-8d77-4827-9f9f-a1ea4bce5644\hl3040网络说明书\images\caa4bb94186316a1cd241f716688ac91ff211b014c9b0f78d1feab393cd65f60.jpg，MinIO对象名=/upload-images/hl3040网络说明书/caa4bb94186316a1cd241f716688ac91ff211b014c9b0f78d1feab393cd65f60.jpg
2026-03-18 14:00:36.188 | INFO     | node_md_img.py      :upload_to_minio:307  - 图片上传成功，访问URL：http://47.94.86.115:9000/knowledge-base-files/upload-images/hl3040网络说明书/caa4bb94186316a1cd241f716688ac91ff211b014c9b0f78d1feab393cd65f60.jpg
2026-03-18 14:00:36.192 | INFO     | node_md_img.py      :upload_to_minio:279  - 开始上传图片至MinIO：本地路径=C:\Users\admin\PycharmProjects\PythonProject16\output\20260318\7f53a942-8d77-4827-9f9f-a1ea4bce5644\hl3040网络说明书\images\cad3c30400f74559ce1782acff5114d8ef5136c0b82da424e089d55e5d61f1d8.jpg，MinIO对象名=/upload-images/hl3040网络说明书/cad3c30400f74559ce1782acff5114d8ef5136c0b82da424e089d55e5d61f1d8.jpg
2026-03-18 14:00:36.213 | INFO     | node_md_img.py      :upload_to_minio:307  - 图片上传成功，访问URL：http://47.94.86.115:9000/knowledge-base-files/upload-images/hl3040网络说明书/cad3c30400f74559ce1782acff5114d8ef5136c0b82da424e089d55e5d61f1d8.jpg
2026-03-18 14:00:36.217 | INFO     | node_md_img.py      :upload_to_minio:279  - 开始上传图片至MinIO：本地路径=C:\Users\admin\PycharmProjects\PythonProject16\output\20260318\7f53a942-8d77-4827-9f9f-a1ea4bce5644\hl3040网络说明书\images\cd84026a066d422407dec1672aaa91cf5ca58ead77c251c025f9095448b6ad7b.jpg，MinIO对象名=/upload-images/hl3040网络说明书/cd84026a066d422407dec1672aaa91cf5ca58ead77c251c025f9095448b6ad7b.jpg
2026-03-18 14:00:36.235 | INFO     | node_md_img.py      :upload_to_minio:307  - 图片上传成功，访问URL：http://47.94.86.115:9000/knowledge-base-files/upload-images/hl3040网络说明书/cd84026a066d422407dec1672aaa91cf5ca58ead77c251c025f9095448b6ad7b.jpg
2026-03-18 14:00:36.238 | INFO     | node_md_img.py      :upload_to_minio:279  - 开始上传图片至MinIO：本地路径=C:\Users\admin\PycharmProjects\PythonProject16\output\20260318\7f53a942-8d77-4827-9f9f-a1ea4bce5644\hl3040网络说明书\images\d0db38d2fc60786e6f6b96044b0aad5db1c08fa4f02fa59dd642000ff60bdf08.jpg，MinIO对象名=/upload-images/hl3040网络说明书/d0db38d2fc60786e6f6b96044b0aad5db1c08fa4f02fa59dd642000ff60bdf08.jpg
2026-03-18 14:00:36.259 | INFO     | node_md_img.py      :upload_to_minio:307  - 图片上传成功，访问URL：http://47.94.86.115:9000/knowledge-base-files/upload-images/hl3040网络说明书/d0db38d2fc60786e6f6b96044b0aad5db1c08fa4f02fa59dd642000ff60bdf08.jpg
2026-03-18 14:00:36.263 | INFO     | node_md_img.py      :upload_to_minio:279  - 开始上传图片至MinIO：本地路径=C:\Users\admin\PycharmProjects\PythonProject16\output\20260318\7f53a942-8d77-4827-9f9f-a1ea4bce5644\hl3040网络说明书\images\d5465c258d5fd47d9cba6fe33e06837c2af63da5e21bec5335e65690b53c2cf0.jpg，MinIO对象名=/upload-images/hl3040网络说明书/d5465c258d5fd47d9cba6fe33e06837c2af63da5e21bec5335e65690b53c2cf0.jpg
2026-03-18 14:00:36.280 | INFO     | node_md_img.py      :upload_to_minio:307  - 图片上传成功，访问URL：http://47.94.86.115:9000/knowledge-base-files/upload-images/hl3040网络说明书/d5465c258d5fd47d9cba6fe33e06837c2af63da5e21bec5335e65690b53c2cf0.jpg
2026-03-18 14:00:36.283 | INFO     | node_md_img.py      :upload_to_minio:279  - 开始上传图片至MinIO：本地路径=C:\Users\admin\PycharmProjects\PythonProject16\output\20260318\7f53a942-8d77-4827-9f9f-a1ea4bce5644\hl3040网络说明书\images\d724d448359da5767dc60fdf9f125022a109589758e524fe84cc5dfe93ea5529.jpg，MinIO对象名=/upload-images/hl3040网络说明书/d724d448359da5767dc60fdf9f125022a109589758e524fe84cc5dfe93ea5529.jpg
2026-03-18 14:00:36.302 | INFO     | node_md_img.py      :upload_to_minio:307  - 图片上传成功，访问URL：http://47.94.86.115:9000/knowledge-base-files/upload-images/hl3040网络说明书/d724d448359da5767dc60fdf9f125022a109589758e524fe84cc5dfe93ea5529.jpg
2026-03-18 14:00:36.306 | INFO     | node_md_img.py      :upload_to_minio:279  - 开始上传图片至MinIO：本地路径=C:\Users\admin\PycharmProjects\PythonProject16\output\20260318\7f53a942-8d77-4827-9f9f-a1ea4bce5644\hl3040网络说明书\images\d78a1af80fd049716afdbb2e3a4eb48142d91e9e6a7fa929d160f225d7e7c7d2.jpg，MinIO对象名=/upload-images/hl3040网络说明书/d78a1af80fd049716afdbb2e3a4eb48142d91e9e6a7fa929d160f225d7e7c7d2.jpg
2026-03-18 14:00:36.326 | INFO     | node_md_img.py      :upload_to_minio:307  - 图片上传成功，访问URL：http://47.94.86.115:9000/knowledge-base-files/upload-images/hl3040网络说明书/d78a1af80fd049716afdbb2e3a4eb48142d91e9e6a7fa929d160f225d7e7c7d2.jpg
2026-03-18 14:00:36.330 | INFO     | node_md_img.py      :upload_to_minio:279  - 开始上传图片至MinIO：本地路径=C:\Users\admin\PycharmProjects\PythonProject16\output\20260318\7f53a942-8d77-4827-9f9f-a1ea4bce5644\hl3040网络说明书\images\d80cde7416341d3ef0de527c1033ab784998a3f60d9c4cbd74d93e56a99b9110.jpg，MinIO对象名=/upload-images/hl3040网络说明书/d80cde7416341d3ef0de527c1033ab784998a3f60d9c4cbd74d93e56a99b9110.jpg
2026-03-18 14:00:36.350 | INFO     | node_md_img.py      :upload_to_minio:307  - 图片上传成功，访问URL：http://47.94.86.115:9000/knowledge-base-files/upload-images/hl3040网络说明书/d80cde7416341d3ef0de527c1033ab784998a3f60d9c4cbd74d93e56a99b9110.jpg
2026-03-18 14:00:36.355 | INFO     | node_md_img.py      :upload_to_minio:279  - 开始上传图片至MinIO：本地路径=C:\Users\admin\PycharmProjects\PythonProject16\output\20260318\7f53a942-8d77-4827-9f9f-a1ea4bce5644\hl3040网络说明书\images\d901b790b0cc3dae7a22587c457d492659770b4576fe98e1bd04401e2a17663e.jpg，MinIO对象名=/upload-images/hl3040网络说明书/d901b790b0cc3dae7a22587c457d492659770b4576fe98e1bd04401e2a17663e.jpg
2026-03-18 14:00:36.379 | INFO     | node_md_img.py      :upload_to_minio:307  - 图片上传成功，访问URL：http://47.94.86.115:9000/knowledge-base-files/upload-images/hl3040网络说明书/d901b790b0cc3dae7a22587c457d492659770b4576fe98e1bd04401e2a17663e.jpg
2026-03-18 14:00:36.385 | INFO     | node_md_img.py      :upload_to_minio:279  - 开始上传图片至MinIO：本地路径=C:\Users\admin\PycharmProjects\PythonProject16\output\20260318\7f53a942-8d77-4827-9f9f-a1ea4bce5644\hl3040网络说明书\images\d91f74d456317552f7e3eb57166ae3933a6f61c4ffe40d0f6fdab2be4c4e1900.jpg，MinIO对象名=/upload-images/hl3040网络说明书/d91f74d456317552f7e3eb57166ae3933a6f61c4ffe40d0f6fdab2be4c4e1900.jpg
2026-03-18 14:00:36.406 | INFO     | node_md_img.py      :upload_to_minio:307  - 图片上传成功，访问URL：http://47.94.86.115:9000/knowledge-base-files/upload-images/hl3040网络说明书/d91f74d456317552f7e3eb57166ae3933a6f61c4ffe40d0f6fdab2be4c4e1900.jpg
2026-03-18 14:00:36.411 | INFO     | node_md_img.py      :upload_to_minio:279  - 开始上传图片至MinIO：本地路径=C:\Users\admin\PycharmProjects\PythonProject16\output\20260318\7f53a942-8d77-4827-9f9f-a1ea4bce5644\hl3040网络说明书\images\d9a80740d36894cf45f5102f8122dd45d1a17e6f9bd61731e27c6e05af6a166c.jpg，MinIO对象名=/upload-images/hl3040网络说明书/d9a80740d36894cf45f5102f8122dd45d1a17e6f9bd61731e27c6e05af6a166c.jpg
2026-03-18 14:00:36.432 | INFO     | node_md_img.py      :upload_to_minio:307  - 图片上传成功，访问URL：http://47.94.86.115:9000/knowledge-base-files/upload-images/hl3040网络说明书/d9a80740d36894cf45f5102f8122dd45d1a17e6f9bd61731e27c6e05af6a166c.jpg
2026-03-18 14:00:36.436 | INFO     | node_md_img.py      :upload_to_minio:279  - 开始上传图片至MinIO：本地路径=C:\Users\admin\PycharmProjects\PythonProject16\output\20260318\7f53a942-8d77-4827-9f9f-a1ea4bce5644\hl3040网络说明书\images\da84bc8b779bf4f0b57816d4eb0773cffc50a0e5d9d1e58f7928aa0ff573d969.jpg，MinIO对象名=/upload-images/hl3040网络说明书/da84bc8b779bf4f0b57816d4eb0773cffc50a0e5d9d1e58f7928aa0ff573d969.jpg
2026-03-18 14:00:36.455 | INFO     | node_md_img.py      :upload_to_minio:307  - 图片上传成功，访问URL：http://47.94.86.115:9000/knowledge-base-files/upload-images/hl3040网络说明书/da84bc8b779bf4f0b57816d4eb0773cffc50a0e5d9d1e58f7928aa0ff573d969.jpg
2026-03-18 14:00:36.460 | INFO     | node_md_img.py      :upload_to_minio:279  - 开始上传图片至MinIO：本地路径=C:\Users\admin\PycharmProjects\PythonProject16\output\20260318\7f53a942-8d77-4827-9f9f-a1ea4bce5644\hl3040网络说明书\images\da862b1188b27d991f532c1959f4e6875798728d36fce2e85334efe43d0e566c.jpg，MinIO对象名=/upload-images/hl3040网络说明书/da862b1188b27d991f532c1959f4e6875798728d36fce2e85334efe43d0e566c.jpg
2026-03-18 14:00:36.478 | INFO     | node_md_img.py      :upload_to_minio:307  - 图片上传成功，访问URL：http://47.94.86.115:9000/knowledge-base-files/upload-images/hl3040网络说明书/da862b1188b27d991f532c1959f4e6875798728d36fce2e85334efe43d0e566c.jpg
2026-03-18 14:00:36.482 | INFO     | node_md_img.py      :upload_to_minio:279  - 开始上传图片至MinIO：本地路径=C:\Users\admin\PycharmProjects\PythonProject16\output\20260318\7f53a942-8d77-4827-9f9f-a1ea4bce5644\hl3040网络说明书\images\dcc382f05ea96d8a0614af6b8ad3e8ad89075a80928fbafa3f76152c43c09c34.jpg，MinIO对象名=/upload-images/hl3040网络说明书/dcc382f05ea96d8a0614af6b8ad3e8ad89075a80928fbafa3f76152c43c09c34.jpg
2026-03-18 14:00:36.500 | INFO     | node_md_img.py      :upload_to_minio:307  - 图片上传成功，访问URL：http://47.94.86.115:9000/knowledge-base-files/upload-images/hl3040网络说明书/dcc382f05ea96d8a0614af6b8ad3e8ad89075a80928fbafa3f76152c43c09c34.jpg
2026-03-18 14:00:36.504 | INFO     | node_md_img.py      :upload_to_minio:279  - 开始上传图片至MinIO：本地路径=C:\Users\admin\PycharmProjects\PythonProject16\output\20260318\7f53a942-8d77-4827-9f9f-a1ea4bce5644\hl3040网络说明书\images\dd06cc95295bc0546678a8bfa8ccdfcb7171b67a81011b4ce826cd6e1c2d3f6e.jpg，MinIO对象名=/upload-images/hl3040网络说明书/dd06cc95295bc0546678a8bfa8ccdfcb7171b67a81011b4ce826cd6e1c2d3f6e.jpg
2026-03-18 14:00:36.524 | INFO     | node_md_img.py      :upload_to_minio:307  - 图片上传成功，访问URL：http://47.94.86.115:9000/knowledge-base-files/upload-images/hl3040网络说明书/dd06cc95295bc0546678a8bfa8ccdfcb7171b67a81011b4ce826cd6e1c2d3f6e.jpg
2026-03-18 14:00:36.530 | INFO     | node_md_img.py      :upload_to_minio:279  - 开始上传图片至MinIO：本地路径=C:\Users\admin\PycharmProjects\PythonProject16\output\20260318\7f53a942-8d77-4827-9f9f-a1ea4bce5644\hl3040网络说明书\images\dd68c9ced2949b14587ab4ed3b713e324bcb189009265455c5cc238563966275.jpg，MinIO对象名=/upload-images/hl3040网络说明书/dd68c9ced2949b14587ab4ed3b713e324bcb189009265455c5cc238563966275.jpg
2026-03-18 14:00:36.551 | INFO     | node_md_img.py      :upload_to_minio:307  - 图片上传成功，访问URL：http://47.94.86.115:9000/knowledge-base-files/upload-images/hl3040网络说明书/dd68c9ced2949b14587ab4ed3b713e324bcb189009265455c5cc238563966275.jpg
2026-03-18 14:00:36.555 | INFO     | node_md_img.py      :upload_to_minio:279  - 开始上传图片至MinIO：本地路径=C:\Users\admin\PycharmProjects\PythonProject16\output\20260318\7f53a942-8d77-4827-9f9f-a1ea4bce5644\hl3040网络说明书\images\dfd40fb617e95246cfe34f864feaf19cef395c65cfda3c2a256e2e14b713c78b.jpg，MinIO对象名=/upload-images/hl3040网络说明书/dfd40fb617e95246cfe34f864feaf19cef395c65cfda3c2a256e2e14b713c78b.jpg
2026-03-18 14:00:36.577 | INFO     | node_md_img.py      :upload_to_minio:307  - 图片上传成功，访问URL：http://47.94.86.115:9000/knowledge-base-files/upload-images/hl3040网络说明书/dfd40fb617e95246cfe34f864feaf19cef395c65cfda3c2a256e2e14b713c78b.jpg
2026-03-18 14:00:36.582 | INFO     | node_md_img.py      :upload_to_minio:279  - 开始上传图片至MinIO：本地路径=C:\Users\admin\PycharmProjects\PythonProject16\output\20260318\7f53a942-8d77-4827-9f9f-a1ea4bce5644\hl3040网络说明书\images\e0d43ef75ebea41604cd1d48fbc3a9ae6b4fe6909909cf61a1540cd71ca853de.jpg，MinIO对象名=/upload-images/hl3040网络说明书/e0d43ef75ebea41604cd1d48fbc3a9ae6b4fe6909909cf61a1540cd71ca853de.jpg
2026-03-18 14:00:36.601 | INFO     | node_md_img.py      :upload_to_minio:307  - 图片上传成功，访问URL：http://47.94.86.115:9000/knowledge-base-files/upload-images/hl3040网络说明书/e0d43ef75ebea41604cd1d48fbc3a9ae6b4fe6909909cf61a1540cd71ca853de.jpg
2026-03-18 14:00:36.606 | INFO     | node_md_img.py      :upload_to_minio:279  - 开始上传图片至MinIO：本地路径=C:\Users\admin\PycharmProjects\PythonProject16\output\20260318\7f53a942-8d77-4827-9f9f-a1ea4bce5644\hl3040网络说明书\images\e1b7230513b69d355056f3a5d01316293b02243dfafe05572c296a33966d42e6.jpg，MinIO对象名=/upload-images/hl3040网络说明书/e1b7230513b69d355056f3a5d01316293b02243dfafe05572c296a33966d42e6.jpg
2026-03-18 14:00:36.623 | INFO     | node_md_img.py      :upload_to_minio:307  - 图片上传成功，访问URL：http://47.94.86.115:9000/knowledge-base-files/upload-images/hl3040网络说明书/e1b7230513b69d355056f3a5d01316293b02243dfafe05572c296a33966d42e6.jpg
2026-03-18 14:00:36.628 | INFO     | node_md_img.py      :upload_to_minio:279  - 开始上传图片至MinIO：本地路径=C:\Users\admin\PycharmProjects\PythonProject16\output\20260318\7f53a942-8d77-4827-9f9f-a1ea4bce5644\hl3040网络说明书\images\e322a101a1705b2ec1503f9016c2df9824f1d2f1a4e26619187552e2561418a9.jpg，MinIO对象名=/upload-images/hl3040网络说明书/e322a101a1705b2ec1503f9016c2df9824f1d2f1a4e26619187552e2561418a9.jpg
2026-03-18 14:00:36.647 | INFO     | node_md_img.py      :upload_to_minio:307  - 图片上传成功，访问URL：http://47.94.86.115:9000/knowledge-base-files/upload-images/hl3040网络说明书/e322a101a1705b2ec1503f9016c2df9824f1d2f1a4e26619187552e2561418a9.jpg
2026-03-18 14:00:36.653 | INFO     | node_md_img.py      :upload_to_minio:279  - 开始上传图片至MinIO：本地路径=C:\Users\admin\PycharmProjects\PythonProject16\output\20260318\7f53a942-8d77-4827-9f9f-a1ea4bce5644\hl3040网络说明书\images\e4d272a2f9cb3938bf4ad16de9adab4b8f220e96355a8e2baea0d1afa58d8a1a.jpg，MinIO对象名=/upload-images/hl3040网络说明书/e4d272a2f9cb3938bf4ad16de9adab4b8f220e96355a8e2baea0d1afa58d8a1a.jpg
2026-03-18 14:00:36.674 | INFO     | node_md_img.py      :upload_to_minio:307  - 图片上传成功，访问URL：http://47.94.86.115:9000/knowledge-base-files/upload-images/hl3040网络说明书/e4d272a2f9cb3938bf4ad16de9adab4b8f220e96355a8e2baea0d1afa58d8a1a.jpg
2026-03-18 14:00:36.678 | INFO     | node_md_img.py      :upload_to_minio:279  - 开始上传图片至MinIO：本地路径=C:\Users\admin\PycharmProjects\PythonProject16\output\20260318\7f53a942-8d77-4827-9f9f-a1ea4bce5644\hl3040网络说明书\images\e52e357cf198d508cd23504d32dc4ae72b216e7e0e4d51e45070dee8211a5a85.jpg，MinIO对象名=/upload-images/hl3040网络说明书/e52e357cf198d508cd23504d32dc4ae72b216e7e0e4d51e45070dee8211a5a85.jpg
2026-03-18 14:00:36.695 | INFO     | node_md_img.py      :upload_to_minio:307  - 图片上传成功，访问URL：http://47.94.86.115:9000/knowledge-base-files/upload-images/hl3040网络说明书/e52e357cf198d508cd23504d32dc4ae72b216e7e0e4d51e45070dee8211a5a85.jpg
2026-03-18 14:00:36.699 | INFO     | node_md_img.py      :upload_to_minio:279  - 开始上传图片至MinIO：本地路径=C:\Users\admin\PycharmProjects\PythonProject16\output\20260318\7f53a942-8d77-4827-9f9f-a1ea4bce5644\hl3040网络说明书\images\e5765e2bb775ac7eaf31da762724feff1194a8294a11b6512198a459defe1dab.jpg，MinIO对象名=/upload-images/hl3040网络说明书/e5765e2bb775ac7eaf31da762724feff1194a8294a11b6512198a459defe1dab.jpg
2026-03-18 14:00:36.718 | INFO     | node_md_img.py      :upload_to_minio:307  - 图片上传成功，访问URL：http://47.94.86.115:9000/knowledge-base-files/upload-images/hl3040网络说明书/e5765e2bb775ac7eaf31da762724feff1194a8294a11b6512198a459defe1dab.jpg
2026-03-18 14:00:36.723 | INFO     | node_md_img.py      :upload_to_minio:279  - 开始上传图片至MinIO：本地路径=C:\Users\admin\PycharmProjects\PythonProject16\output\20260318\7f53a942-8d77-4827-9f9f-a1ea4bce5644\hl3040网络说明书\images\e6b0aecb093c30ed37f7eef55d787f11fe6601fb586769d8a1a83bcc131259e7.jpg，MinIO对象名=/upload-images/hl3040网络说明书/e6b0aecb093c30ed37f7eef55d787f11fe6601fb586769d8a1a83bcc131259e7.jpg
2026-03-18 14:00:36.740 | INFO     | node_md_img.py      :upload_to_minio:307  - 图片上传成功，访问URL：http://47.94.86.115:9000/knowledge-base-files/upload-images/hl3040网络说明书/e6b0aecb093c30ed37f7eef55d787f11fe6601fb586769d8a1a83bcc131259e7.jpg
2026-03-18 14:00:36.744 | INFO     | node_md_img.py      :upload_to_minio:279  - 开始上传图片至MinIO：本地路径=C:\Users\admin\PycharmProjects\PythonProject16\output\20260318\7f53a942-8d77-4827-9f9f-a1ea4bce5644\hl3040网络说明书\images\e6e9649e2f6e13634644934640eb4d490a1b271202987dcad36f45bcbcfdaace.jpg，MinIO对象名=/upload-images/hl3040网络说明书/e6e9649e2f6e13634644934640eb4d490a1b271202987dcad36f45bcbcfdaace.jpg
2026-03-18 14:00:36.763 | INFO     | node_md_img.py      :upload_to_minio:307  - 图片上传成功，访问URL：http://47.94.86.115:9000/knowledge-base-files/upload-images/hl3040网络说明书/e6e9649e2f6e13634644934640eb4d490a1b271202987dcad36f45bcbcfdaace.jpg
2026-03-18 14:00:36.767 | INFO     | node_md_img.py      :upload_to_minio:279  - 开始上传图片至MinIO：本地路径=C:\Users\admin\PycharmProjects\PythonProject16\output\20260318\7f53a942-8d77-4827-9f9f-a1ea4bce5644\hl3040网络说明书\images\e73f602025b08a050038f7a0aaac8d5dc861bc52571f89c02d0ee783bd16dfab.jpg，MinIO对象名=/upload-images/hl3040网络说明书/e73f602025b08a050038f7a0aaac8d5dc861bc52571f89c02d0ee783bd16dfab.jpg
2026-03-18 14:00:36.790 | INFO     | node_md_img.py      :upload_to_minio:307  - 图片上传成功，访问URL：http://47.94.86.115:9000/knowledge-base-files/upload-images/hl3040网络说明书/e73f602025b08a050038f7a0aaac8d5dc861bc52571f89c02d0ee783bd16dfab.jpg
2026-03-18 14:00:36.795 | INFO     | node_md_img.py      :upload_to_minio:279  - 开始上传图片至MinIO：本地路径=C:\Users\admin\PycharmProjects\PythonProject16\output\20260318\7f53a942-8d77-4827-9f9f-a1ea4bce5644\hl3040网络说明书\images\e8f14c6055f79ec5b244f60a5ba72c1572a11497542ee24009809871128b68dd.jpg，MinIO对象名=/upload-images/hl3040网络说明书/e8f14c6055f79ec5b244f60a5ba72c1572a11497542ee24009809871128b68dd.jpg
2026-03-18 14:00:36.814 | INFO     | node_md_img.py      :upload_to_minio:307  - 图片上传成功，访问URL：http://47.94.86.115:9000/knowledge-base-files/upload-images/hl3040网络说明书/e8f14c6055f79ec5b244f60a5ba72c1572a11497542ee24009809871128b68dd.jpg
2026-03-18 14:00:36.818 | INFO     | node_md_img.py      :upload_to_minio:279  - 开始上传图片至MinIO：本地路径=C:\Users\admin\PycharmProjects\PythonProject16\output\20260318\7f53a942-8d77-4827-9f9f-a1ea4bce5644\hl3040网络说明书\images\e9f7b06583c7de02ab12b0e05ddbb868be3b5579cf2d276c3e06f4aa6ccb0d01.jpg，MinIO对象名=/upload-images/hl3040网络说明书/e9f7b06583c7de02ab12b0e05ddbb868be3b5579cf2d276c3e06f4aa6ccb0d01.jpg
2026-03-18 14:00:36.837 | INFO     | node_md_img.py      :upload_to_minio:307  - 图片上传成功，访问URL：http://47.94.86.115:9000/knowledge-base-files/upload-images/hl3040网络说明书/e9f7b06583c7de02ab12b0e05ddbb868be3b5579cf2d276c3e06f4aa6ccb0d01.jpg
2026-03-18 14:00:36.842 | INFO     | node_md_img.py      :upload_to_minio:279  - 开始上传图片至MinIO：本地路径=C:\Users\admin\PycharmProjects\PythonProject16\output\20260318\7f53a942-8d77-4827-9f9f-a1ea4bce5644\hl3040网络说明书\images\ec1c84e8c6eb84176b172f50a02123e46370278f12a8433b2cb6accbdf90e9fb.jpg，MinIO对象名=/upload-images/hl3040网络说明书/ec1c84e8c6eb84176b172f50a02123e46370278f12a8433b2cb6accbdf90e9fb.jpg
2026-03-18 14:00:36.863 | INFO     | node_md_img.py      :upload_to_minio:307  - 图片上传成功，访问URL：http://47.94.86.115:9000/knowledge-base-files/upload-images/hl3040网络说明书/ec1c84e8c6eb84176b172f50a02123e46370278f12a8433b2cb6accbdf90e9fb.jpg
2026-03-18 14:00:36.867 | INFO     | node_md_img.py      :upload_to_minio:279  - 开始上传图片至MinIO：本地路径=C:\Users\admin\PycharmProjects\PythonProject16\output\20260318\7f53a942-8d77-4827-9f9f-a1ea4bce5644\hl3040网络说明书\images\ecc7716fefc89446bd35a0d8da1f1467f73bfbdc9c97cfdee3a25278a4c5c463.jpg，MinIO对象名=/upload-images/hl3040网络说明书/ecc7716fefc89446bd35a0d8da1f1467f73bfbdc9c97cfdee3a25278a4c5c463.jpg
2026-03-18 14:00:36.885 | INFO     | node_md_img.py      :upload_to_minio:307  - 图片上传成功，访问URL：http://47.94.86.115:9000/knowledge-base-files/upload-images/hl3040网络说明书/ecc7716fefc89446bd35a0d8da1f1467f73bfbdc9c97cfdee3a25278a4c5c463.jpg
2026-03-18 14:00:36.890 | INFO     | node_md_img.py      :upload_to_minio:279  - 开始上传图片至MinIO：本地路径=C:\Users\admin\PycharmProjects\PythonProject16\output\20260318\7f53a942-8d77-4827-9f9f-a1ea4bce5644\hl3040网络说明书\images\edc56a3a63f258dea069ee3e822382c324e43bd38d3e148b93a1eb9444c01074.jpg，MinIO对象名=/upload-images/hl3040网络说明书/edc56a3a63f258dea069ee3e822382c324e43bd38d3e148b93a1eb9444c01074.jpg
2026-03-18 14:00:36.910 | INFO     | node_md_img.py      :upload_to_minio:307  - 图片上传成功，访问URL：http://47.94.86.115:9000/knowledge-base-files/upload-images/hl3040网络说明书/edc56a3a63f258dea069ee3e822382c324e43bd38d3e148b93a1eb9444c01074.jpg
2026-03-18 14:00:36.914 | INFO     | node_md_img.py      :upload_to_minio:279  - 开始上传图片至MinIO：本地路径=C:\Users\admin\PycharmProjects\PythonProject16\output\20260318\7f53a942-8d77-4827-9f9f-a1ea4bce5644\hl3040网络说明书\images\eeae119a357af8c1b7b2ebbd5eeabea850bcd5af75d9b66e2959f42c7a9f5d85.jpg，MinIO对象名=/upload-images/hl3040网络说明书/eeae119a357af8c1b7b2ebbd5eeabea850bcd5af75d9b66e2959f42c7a9f5d85.jpg
2026-03-18 14:00:36.935 | INFO     | node_md_img.py      :upload_to_minio:307  - 图片上传成功，访问URL：http://47.94.86.115:9000/knowledge-base-files/upload-images/hl3040网络说明书/eeae119a357af8c1b7b2ebbd5eeabea850bcd5af75d9b66e2959f42c7a9f5d85.jpg
2026-03-18 14:00:36.939 | INFO     | node_md_img.py      :upload_to_minio:279  - 开始上传图片至MinIO：本地路径=C:\Users\admin\PycharmProjects\PythonProject16\output\20260318\7f53a942-8d77-4827-9f9f-a1ea4bce5644\hl3040网络说明书\images\f029b99cc1fff4b1412f0405ea9bfed14a3beccfe961520fd92312ecd0054a97.jpg，MinIO对象名=/upload-images/hl3040网络说明书/f029b99cc1fff4b1412f0405ea9bfed14a3beccfe961520fd92312ecd0054a97.jpg
2026-03-18 14:00:36.958 | INFO     | node_md_img.py      :upload_to_minio:307  - 图片上传成功，访问URL：http://47.94.86.115:9000/knowledge-base-files/upload-images/hl3040网络说明书/f029b99cc1fff4b1412f0405ea9bfed14a3beccfe961520fd92312ecd0054a97.jpg
2026-03-18 14:00:36.963 | INFO     | node_md_img.py      :upload_to_minio:279  - 开始上传图片至MinIO：本地路径=C:\Users\admin\PycharmProjects\PythonProject16\output\20260318\7f53a942-8d77-4827-9f9f-a1ea4bce5644\hl3040网络说明书\images\f1319ab86272ab7616e4615fb1f4c611529a7718f31293bd30fc471ef36ebd8b.jpg，MinIO对象名=/upload-images/hl3040网络说明书/f1319ab86272ab7616e4615fb1f4c611529a7718f31293bd30fc471ef36ebd8b.jpg
2026-03-18 14:00:36.986 | INFO     | node_md_img.py      :upload_to_minio:307  - 图片上传成功，访问URL：http://47.94.86.115:9000/knowledge-base-files/upload-images/hl3040网络说明书/f1319ab86272ab7616e4615fb1f4c611529a7718f31293bd30fc471ef36ebd8b.jpg
2026-03-18 14:00:36.991 | INFO     | node_md_img.py      :upload_to_minio:279  - 开始上传图片至MinIO：本地路径=C:\Users\admin\PycharmProjects\PythonProject16\output\20260318\7f53a942-8d77-4827-9f9f-a1ea4bce5644\hl3040网络说明书\images\f2ab46dca8cf268cafede26935ba4392455a8ad980fccbb3ecc22df932c802ac.jpg，MinIO对象名=/upload-images/hl3040网络说明书/f2ab46dca8cf268cafede26935ba4392455a8ad980fccbb3ecc22df932c802ac.jpg
2026-03-18 14:00:37.011 | INFO     | node_md_img.py      :upload_to_minio:307  - 图片上传成功，访问URL：http://47.94.86.115:9000/knowledge-base-files/upload-images/hl3040网络说明书/f2ab46dca8cf268cafede26935ba4392455a8ad980fccbb3ecc22df932c802ac.jpg
2026-03-18 14:00:37.016 | INFO     | node_md_img.py      :upload_to_minio:279  - 开始上传图片至MinIO：本地路径=C:\Users\admin\PycharmProjects\PythonProject16\output\20260318\7f53a942-8d77-4827-9f9f-a1ea4bce5644\hl3040网络说明书\images\f54443afaaa12da0476adb0f0a6f1154e8b5ba819b1a52279f5ee20c37439dc5.jpg，MinIO对象名=/upload-images/hl3040网络说明书/f54443afaaa12da0476adb0f0a6f1154e8b5ba819b1a52279f5ee20c37439dc5.jpg
2026-03-18 14:00:37.036 | INFO     | node_md_img.py      :upload_to_minio:307  - 图片上传成功，访问URL：http://47.94.86.115:9000/knowledge-base-files/upload-images/hl3040网络说明书/f54443afaaa12da0476adb0f0a6f1154e8b5ba819b1a52279f5ee20c37439dc5.jpg
2026-03-18 14:00:37.041 | INFO     | node_md_img.py      :upload_to_minio:279  - 开始上传图片至MinIO：本地路径=C:\Users\admin\PycharmProjects\PythonProject16\output\20260318\7f53a942-8d77-4827-9f9f-a1ea4bce5644\hl3040网络说明书\images\f67176bd80427f733c2a86834c937acb0ee2db3a23ba4efe791610836843305c.jpg，MinIO对象名=/upload-images/hl3040网络说明书/f67176bd80427f733c2a86834c937acb0ee2db3a23ba4efe791610836843305c.jpg
2026-03-18 14:00:37.061 | INFO     | node_md_img.py      :upload_to_minio:307  - 图片上传成功，访问URL：http://47.94.86.115:9000/knowledge-base-files/upload-images/hl3040网络说明书/f67176bd80427f733c2a86834c937acb0ee2db3a23ba4efe791610836843305c.jpg
2026-03-18 14:00:37.066 | INFO     | node_md_img.py      :upload_to_minio:279  - 开始上传图片至MinIO：本地路径=C:\Users\admin\PycharmProjects\PythonProject16\output\20260318\7f53a942-8d77-4827-9f9f-a1ea4bce5644\hl3040网络说明书\images\f856007508cc9ef4a0c283c2ede939a5ad70eefe011e93a3ae7731669964aa90.jpg，MinIO对象名=/upload-images/hl3040网络说明书/f856007508cc9ef4a0c283c2ede939a5ad70eefe011e93a3ae7731669964aa90.jpg
2026-03-18 14:00:37.087 | INFO     | node_md_img.py      :upload_to_minio:307  - 图片上传成功，访问URL：http://47.94.86.115:9000/knowledge-base-files/upload-images/hl3040网络说明书/f856007508cc9ef4a0c283c2ede939a5ad70eefe011e93a3ae7731669964aa90.jpg
2026-03-18 14:00:37.091 | INFO     | node_md_img.py      :upload_to_minio:279  - 开始上传图片至MinIO：本地路径=C:\Users\admin\PycharmProjects\PythonProject16\output\20260318\7f53a942-8d77-4827-9f9f-a1ea4bce5644\hl3040网络说明书\images\f8dde078d33f833e91eb67b6f955730180e77da04cfe0db3819b1cee006af1fe.jpg，MinIO对象名=/upload-images/hl3040网络说明书/f8dde078d33f833e91eb67b6f955730180e77da04cfe0db3819b1cee006af1fe.jpg
2026-03-18 14:00:37.111 | INFO     | node_md_img.py      :upload_to_minio:307  - 图片上传成功，访问URL：http://47.94.86.115:9000/knowledge-base-files/upload-images/hl3040网络说明书/f8dde078d33f833e91eb67b6f955730180e77da04cfe0db3819b1cee006af1fe.jpg
2026-03-18 14:00:37.115 | INFO     | node_md_img.py      :upload_to_minio:279  - 开始上传图片至MinIO：本地路径=C:\Users\admin\PycharmProjects\PythonProject16\output\20260318\7f53a942-8d77-4827-9f9f-a1ea4bce5644\hl3040网络说明书\images\f91580c1133c3b8a6e53963324ec18d12c5013e74b375a938dddf52e231d0945.jpg，MinIO对象名=/upload-images/hl3040网络说明书/f91580c1133c3b8a6e53963324ec18d12c5013e74b375a938dddf52e231d0945.jpg
2026-03-18 14:00:37.134 | INFO     | node_md_img.py      :upload_to_minio:307  - 图片上传成功，访问URL：http://47.94.86.115:9000/knowledge-base-files/upload-images/hl3040网络说明书/f91580c1133c3b8a6e53963324ec18d12c5013e74b375a938dddf52e231d0945.jpg
2026-03-18 14:00:37.138 | INFO     | node_md_img.py      :upload_to_minio:279  - 开始上传图片至MinIO：本地路径=C:\Users\admin\PycharmProjects\PythonProject16\output\20260318\7f53a942-8d77-4827-9f9f-a1ea4bce5644\hl3040网络说明书\images\f91e4de5c412ffed5b684e3a75eca6448708b85c35e7a63d46875f00c49ddd7b.jpg，MinIO对象名=/upload-images/hl3040网络说明书/f91e4de5c412ffed5b684e3a75eca6448708b85c35e7a63d46875f00c49ddd7b.jpg
2026-03-18 14:00:37.158 | INFO     | node_md_img.py      :upload_to_minio:307  - 图片上传成功，访问URL：http://47.94.86.115:9000/knowledge-base-files/upload-images/hl3040网络说明书/f91e4de5c412ffed5b684e3a75eca6448708b85c35e7a63d46875f00c49ddd7b.jpg
2026-03-18 14:00:37.162 | INFO     | node_md_img.py      :upload_to_minio:279  - 开始上传图片至MinIO：本地路径=C:\Users\admin\PycharmProjects\PythonProject16\output\20260318\7f53a942-8d77-4827-9f9f-a1ea4bce5644\hl3040网络说明书\images\f9ff8957eb0617f44d8f9a3250171226137305c075b136fb883573e3f63bf797.jpg，MinIO对象名=/upload-images/hl3040网络说明书/f9ff8957eb0617f44d8f9a3250171226137305c075b136fb883573e3f63bf797.jpg
2026-03-18 14:00:37.184 | INFO     | node_md_img.py      :upload_to_minio:307  - 图片上传成功，访问URL：http://47.94.86.115:9000/knowledge-base-files/upload-images/hl3040网络说明书/f9ff8957eb0617f44d8f9a3250171226137305c075b136fb883573e3f63bf797.jpg
2026-03-18 14:00:37.189 | INFO     | node_md_img.py      :upload_to_minio:279  - 开始上传图片至MinIO：本地路径=C:\Users\admin\PycharmProjects\PythonProject16\output\20260318\7f53a942-8d77-4827-9f9f-a1ea4bce5644\hl3040网络说明书\images\fb52e55b0775f27cbb9581300e7996d53834867c03566a1a728b7dd10d483488.jpg，MinIO对象名=/upload-images/hl3040网络说明书/fb52e55b0775f27cbb9581300e7996d53834867c03566a1a728b7dd10d483488.jpg
2026-03-18 14:00:37.209 | INFO     | node_md_img.py      :upload_to_minio:307  - 图片上传成功，访问URL：http://47.94.86.115:9000/knowledge-base-files/upload-images/hl3040网络说明书/fb52e55b0775f27cbb9581300e7996d53834867c03566a1a728b7dd10d483488.jpg
2026-03-18 14:00:37.215 | INFO     | node_md_img.py      :upload_to_minio:279  - 开始上传图片至MinIO：本地路径=C:\Users\admin\PycharmProjects\PythonProject16\output\20260318\7f53a942-8d77-4827-9f9f-a1ea4bce5644\hl3040网络说明书\images\fc221de4779a5ce66b32277869160755f858c03761020c2898012a9d1eedf1ed.jpg，MinIO对象名=/upload-images/hl3040网络说明书/fc221de4779a5ce66b32277869160755f858c03761020c2898012a9d1eedf1ed.jpg
2026-03-18 14:00:37.237 | INFO     | node_md_img.py      :upload_to_minio:307  - 图片上传成功，访问URL：http://47.94.86.115:9000/knowledge-base-files/upload-images/hl3040网络说明书/fc221de4779a5ce66b32277869160755f858c03761020c2898012a9d1eedf1ed.jpg
2026-03-18 14:00:37.241 | INFO     | node_md_img.py      :upload_to_minio:279  - 开始上传图片至MinIO：本地路径=C:\Users\admin\PycharmProjects\PythonProject16\output\20260318\7f53a942-8d77-4827-9f9f-a1ea4bce5644\hl3040网络说明书\images\fc9fd01f3c7a347bf57f5b68677a609ba2419850bedd9c55674a5b7b4e19ab51.jpg，MinIO对象名=/upload-images/hl3040网络说明书/fc9fd01f3c7a347bf57f5b68677a609ba2419850bedd9c55674a5b7b4e19ab51.jpg
2026-03-18 14:00:37.261 | INFO     | node_md_img.py      :upload_to_minio:307  - 图片上传成功，访问URL：http://47.94.86.115:9000/knowledge-base-files/upload-images/hl3040网络说明书/fc9fd01f3c7a347bf57f5b68677a609ba2419850bedd9c55674a5b7b4e19ab51.jpg
2026-03-18 14:00:37.266 | INFO     | node_md_img.py      :upload_to_minio:279  - 开始上传图片至MinIO：本地路径=C:\Users\admin\PycharmProjects\PythonProject16\output\20260318\7f53a942-8d77-4827-9f9f-a1ea4bce5644\hl3040网络说明书\images\fd7d7a88cff2605849bf6e0b48ee9934c1d1cb4d80e9058a3a4a86b45398bf4c.jpg，MinIO对象名=/upload-images/hl3040网络说明书/fd7d7a88cff2605849bf6e0b48ee9934c1d1cb4d80e9058a3a4a86b45398bf4c.jpg
2026-03-18 14:00:37.291 | INFO     | node_md_img.py      :upload_to_minio:307  - 图片上传成功，访问URL：http://47.94.86.115:9000/knowledge-base-files/upload-images/hl3040网络说明书/fd7d7a88cff2605849bf6e0b48ee9934c1d1cb4d80e9058a3a4a86b45398bf4c.jpg
2026-03-18 14:00:37.295 | INFO     | node_md_img.py      :upload_to_minio:279  - 开始上传图片至MinIO：本地路径=C:\Users\admin\PycharmProjects\PythonProject16\output\20260318\7f53a942-8d77-4827-9f9f-a1ea4bce5644\hl3040网络说明书\images\fe4d50aedeaa91049acf73428ea4bd7c9bc4c92c5c775d681c69007675cfea1b.jpg，MinIO对象名=/upload-images/hl3040网络说明书/fe4d50aedeaa91049acf73428ea4bd7c9bc4c92c5c775d681c69007675cfea1b.jpg
2026-03-18 14:00:37.314 | INFO     | node_md_img.py      :upload_to_minio:307  - 图片上传成功，访问URL：http://47.94.86.115:9000/knowledge-base-files/upload-images/hl3040网络说明书/fe4d50aedeaa91049acf73428ea4bd7c9bc4c92c5c775d681c69007675cfea1b.jpg
2026-03-18 14:00:37.319 | INFO     | node_md_img.py      :upload_images_batch:267  - 图片批量上传完成，成功上传210/210张图片
2026-03-18 14:00:37.324 | INFO     | node_md_img.py      :merge_summary_and_url:325  - 图片摘要与URL合并完成，有效图片信息210条
2026-03-18 14:00:37.510 | INFO     | node_md_img.py      :process_md_file:351  - MD文件图片引用替换完成，共替换210处图片引用
2026-03-18 14:00:37.515 | INFO     | node_md_img.py      :step_5_backup_new_md_file:400  - 处理后MD文件已保存，新文件路径：C:\Users\admin\PycharmProjects\PythonProject16\output\20260318\7f53a942-8d77-4827-9f9f-a1ea4bce5644\hl3040网络说明书\hl3040网络说明书_new.md
2026-03-18 14:00:37.519 | INFO     | node_md_img.py      :node_md_img    :451  - MD图片处理完成，新文件已保存：C:\Users\admin\PycharmProjects\PythonProject16\output\20260318\7f53a942-8d77-4827-9f9f-a1ea4bce5644\hl3040网络说明书\hl3040网络说明书_new.md
2026-03-18 14:00:37.535 | INFO     | file_import_service.py:run_graph_task :97   - [7f53a942-8d77-4827-9f9f-a1ea4bce5644] LangGraph节点执行完成：node_md_img
2026-03-18 14:00:37.537 | INFO     | node_document_split.py:node_document_split:348  - >>> 开始执行核心节点：【文档切分】node_document_split
2026-03-18 14:00:37.541 | INFO     | node_document_split.py:step_1_get_inputs:45   - 步骤1：输入数据加载完成，文件标题：hl3040网络说明书，最大Chunk长度：2000
2026-03-18 14:00:37.551 | INFO     | node_document_split.py:step_2_split_by_titles:107  - 步骤2：MD标题切分完成，识别到439个有效标题，原始文本共3927行
2026-03-18 14:00:37.557 | INFO     | node_document_split.py:step_4_refine_chunks:261  - 步骤4-1：超长章节切分完成，共生成443个初始子Chunk
2026-03-18 14:00:37.562 | INFO     | node_document_split.py:step_4_refine_chunks:265  - 步骤4-2：过短章节合并完成，最终得到165个Chunk
2026-03-18 14:00:37.567 | INFO     | node_document_split.py:step_5_print_stats:291  - -------------------------------------------------- 文档切分统计信息 --------------------------------------------------
2026-03-18 14:00:37.571 | INFO     | node_document_split.py:step_5_print_stats:292  - MD原始文本总行数：3927
2026-03-18 14:00:37.575 | INFO     | node_document_split.py:step_5_print_stats:293  - 最终生成Chunk数量：165
2026-03-18 14:00:37.579 | INFO     | node_document_split.py:step_5_print_stats:296  - 首个Chunk标题预览：
2026-03-18 14:00:37.584 | INFO     | node_document_split.py:step_5_print_stats:297  - --------------------------------------------------------------------------------------------------------------
2026-03-18 14:00:37.593 | INFO     | node_document_split.py:step_6_backup  :332  - 步骤6：Chunk结果备份成功，备份文件路径：C:\Users\admin\PycharmProjects\PythonProject16\output\20260318\7f53a942-8d77-4827-9f9f-a1ea4bce5644\chunks.json
2026-03-18 14:00:37.596 | INFO     | node_document_split.py:node_document_split:390  - >>> 核心节点执行完成：【文档切分】node_document_split，已生成165个有效Chunk，结果已写入状态字典
2026-03-18 14:00:37.601 | INFO     | file_import_service.py:run_graph_task :97   - [7f53a942-8d77-4827-9f9f-a1ea4bce5644] LangGraph节点执行完成：node_document_split
2026-03-18 14:00:37.603 | INFO     | node_item_name_recognition.py:node_item_name_recognition:422  - >>> 开始执行核心节点：【商品名称识别】node_item_name_recognition
2026-03-18 14:00:37.607 | INFO     | node_item_name_recognition.py:step_1_get_inputs:74   - 步骤1：输入校验完成，获取到165个有效文本切片
2026-03-18 14:00:37.611 | INFO     | node_item_name_recognition.py:step_2_build_context:131  - 上下文总字符数即将超限（2500），已停止拼接后续切片
2026-03-18 14:00:37.615 | INFO     | node_item_name_recognition.py:step_2_build_context:138  - 步骤2：上下文构建完成，最终长度2500字符
2026-03-18 14:00:37.619 | INFO     | node_item_name_recognition.py:step_3_call_llm:160  - 开始执行步骤3：调用大模型识别商品名称
2026-03-18 14:00:37.632 | INFO     | lm_utils.py         :get_llm_client :44   - [LLM客户端] 开始初始化新实例：模型=qwen-flash，JSON模式=False
2026-03-18 14:00:37.639 | INFO     | lm_utils.py         :get_llm_client :71   - [LLM客户端] 实例初始化成功并缓存：模型=qwen-flash，JSON模式=False
2026-03-18 14:00:38.187 | INFO     | node_item_name_recognition.py:step_3_call_llm:198  - 步骤3：大模型识别商品名称成功，结果为：HL-3040CNHL-3070CW网络打印服务器
2026-03-18 14:00:38.191 | INFO     | node_item_name_recognition.py:step_4_update_chunks:228  - 步骤4：商品名称回填完成，共为165个切片添加item_name字段，值为：HL-3040CNHL-3070CW网络打印服务器
2026-03-18 14:00:38.195 | INFO     | node_item_name_recognition.py:step_5_generate_vectors:243  - 开始执行步骤5：为商品名称[HL-3040CNHL-3070CW网络打印服务器]生成BGE-M3双向量
2026-03-18 14:00:38.199 | INFO     | embedding_utils.py  :generate_embeddings:63   - 开始为1条文本生成混合向量嵌入
2026-03-18 14:00:38.203 | INFO     | embedding_utils.py  :get_bge_m3_ef  :26   - 开始初始化BGE-M3模型
2026-03-18 14:00:41.479 | SUCCESS  | embedding_utils.py  :get_bge_m3_ef  :44   - BGE-M3模型初始化成功，已开启原生L2归一化
2026-03-18 14:00:41.989 | SUCCESS  | embedding_utils.py  :generate_embeddings:91   - 1条文本向量生成完成，格式已适配工业级使用
2026-03-18 14:00:41.993 | INFO     | node_item_name_recognition.py:step_5_generate_vectors:260  - 步骤5：BGE-M3稠密+稀疏向量生成成功
2026-03-18 14:00:41.997 | INFO     | node_item_name_recognition.py:step_6_save_to_milvus:299  - 开始执行步骤6：将商品名称[HL-3040CNHL-3070CW网络打印服务器]保存到Milvus集合[kb_item_names]
2026-03-18 14:00:42.147 | INFO     | milvus_utils.py     :get_milvus_client:27   - Milvus客户端连接成功
2026-03-18 14:00:42.740 | INFO     | node_item_name_recognition.py:step_6_save_to_milvus:384  - Milvus幂等性处理完成，已删除集合中[HL-3040CNHL-3070CW网络打印服务器]的历史数据
2026-03-18 14:00:42.799 | INFO     | node_item_name_recognition.py:step_6_save_to_milvus:405  - 步骤6：商品名称[HL-3040CNHL-3070CW网络打印服务器]成功存入Milvus集合[kb_item_names]，数据：['file_title', 'item_name', 'dense_vector', 'sparse_vector']
2026-03-18 14:00:42.804 | INFO     | node_item_name_recognition.py:node_item_name_recognition:461  - >>> 核心节点执行完成：【商品名称识别】node_item_name_recognition，识别结果：HL-3040CNHL-3070CW网络打印服务器，已存入Milvus
2026-03-18 14:00:42.809 | INFO     | file_import_service.py:run_graph_task :97   - [7f53a942-8d77-4827-9f9f-a1ea4bce5644] LangGraph节点执行完成：node_item_name_recognition
2026-03-18 14:00:42.811 | INFO     | node_bge_embedding.py:node_bge_embedding:39   - >>> 开始执行LangGraph节点：node_bge_embedding
2026-03-18 14:00:42.814 | INFO     | node_bge_embedding.py:node_bge_embedding:43   - --- BGE-M3 文本向量化处理启动 ---
2026-03-18 14:00:42.817 | INFO     | node_bge_embedding.py:step_1_validate_input:86   - 向量化输入校验通过，待处理文本切片数量：165
2026-03-18 14:00:42.820 | INFO     | node_bge_embedding.py:step_2_init_model:107  - BGE-M3模型实例初始化成功（单例模式）
2026-03-18 14:00:42.823 | INFO     | embedding_utils.py  :generate_embeddings:63   - 开始为5条文本生成混合向量嵌入
2026-03-18 14:00:47.669 | SUCCESS  | embedding_utils.py  :generate_embeddings:91   - 5条文本向量生成完成，格式已适配工业级使用
2026-03-18 14:00:47.673 | INFO     | node_bge_embedding.py:step_3_generate_embeddings:176  - 第1-5条切片：双向量生成成功
2026-03-18 14:00:47.679 | INFO     | embedding_utils.py  :generate_embeddings:63   - 开始为5条文本生成混合向量嵌入
2026-03-18 14:00:52.571 | SUCCESS  | embedding_utils.py  :generate_embeddings:91   - 5条文本向量生成完成，格式已适配工业级使用
2026-03-18 14:00:52.576 | INFO     | node_bge_embedding.py:step_3_generate_embeddings:176  - 第6-10条切片：双向量生成成功
2026-03-18 14:00:52.580 | INFO     | embedding_utils.py  :generate_embeddings:63   - 开始为5条文本生成混合向量嵌入
2026-03-18 14:00:57.026 | SUCCESS  | embedding_utils.py  :generate_embeddings:91   - 5条文本向量生成完成，格式已适配工业级使用
2026-03-18 14:00:57.031 | INFO     | node_bge_embedding.py:step_3_generate_embeddings:176  - 第11-15条切片：双向量生成成功
2026-03-18 14:00:57.035 | INFO     | embedding_utils.py  :generate_embeddings:63   - 开始为5条文本生成混合向量嵌入
2026-03-18 14:00:56.949 | INFO     | file_import_service.py:get_task_progress:223  - [7f53a942-8d77-4827-9f9f-a1ea4bce5644] 任务状态查询，当前状态：processing，已完成节点：['开始上传文件', '检查文件', 'PDF转Markdown', 'Markdown图片处理', '文档切分', '主体名称识别']
2026-03-18 14:01:00.856 | SUCCESS  | embedding_utils.py  :generate_embeddings:91   - 5条文本向量生成完成，格式已适配工业级使用
2026-03-18 14:01:00.860 | INFO     | node_bge_embedding.py:step_3_generate_embeddings:176  - 第16-20条切片：双向量生成成功
2026-03-18 14:01:00.863 | INFO     | embedding_utils.py  :generate_embeddings:63   - 开始为5条文本生成混合向量嵌入
2026-03-18 14:01:04.557 | SUCCESS  | embedding_utils.py  :generate_embeddings:91   - 5条文本向量生成完成，格式已适配工业级使用
2026-03-18 14:01:04.564 | INFO     | node_bge_embedding.py:step_3_generate_embeddings:176  - 第21-25条切片：双向量生成成功
2026-03-18 14:01:04.570 | INFO     | embedding_utils.py  :generate_embeddings:63   - 开始为5条文本生成混合向量嵌入
2026-03-18 14:01:09.458 | SUCCESS  | embedding_utils.py  :generate_embeddings:91   - 5条文本向量生成完成，格式已适配工业级使用
2026-03-18 14:01:09.463 | INFO     | node_bge_embedding.py:step_3_generate_embeddings:176  - 第26-30条切片：双向量生成成功
2026-03-18 14:01:09.467 | INFO     | embedding_utils.py  :generate_embeddings:63   - 开始为5条文本生成混合向量嵌入
2026-03-18 14:01:13.194 | SUCCESS  | embedding_utils.py  :generate_embeddings:91   - 5条文本向量生成完成，格式已适配工业级使用
2026-03-18 14:01:13.198 | INFO     | node_bge_embedding.py:step_3_generate_embeddings:176  - 第31-35条切片：双向量生成成功
2026-03-18 14:01:13.202 | INFO     | embedding_utils.py  :generate_embeddings:63   - 开始为5条文本生成混合向量嵌入
2026-03-18 14:01:17.121 | SUCCESS  | embedding_utils.py  :generate_embeddings:91   - 5条文本向量生成完成，格式已适配工业级使用
2026-03-18 14:01:17.126 | INFO     | node_bge_embedding.py:step_3_generate_embeddings:176  - 第36-40条切片：双向量生成成功
2026-03-18 14:01:17.129 | INFO     | embedding_utils.py  :generate_embeddings:63   - 开始为5条文本生成混合向量嵌入
2026-03-18 14:01:22.076 | SUCCESS  | embedding_utils.py  :generate_embeddings:91   - 5条文本向量生成完成，格式已适配工业级使用
2026-03-18 14:01:22.080 | INFO     | node_bge_embedding.py:step_3_generate_embeddings:176  - 第41-45条切片：双向量生成成功
2026-03-18 14:01:22.085 | INFO     | embedding_utils.py  :generate_embeddings:63   - 开始为5条文本生成混合向量嵌入
2026-03-18 14:01:27.008 | SUCCESS  | embedding_utils.py  :generate_embeddings:91   - 5条文本向量生成完成，格式已适配工业级使用
2026-03-18 14:01:27.013 | INFO     | node_bge_embedding.py:step_3_generate_embeddings:176  - 第46-50条切片：双向量生成成功
2026-03-18 14:01:27.018 | INFO     | embedding_utils.py  :generate_embeddings:63   - 开始为5条文本生成混合向量嵌入
2026-03-18 14:01:31.963 | SUCCESS  | embedding_utils.py  :generate_embeddings:91   - 5条文本向量生成完成，格式已适配工业级使用
2026-03-18 14:01:31.968 | INFO     | node_bge_embedding.py:step_3_generate_embeddings:176  - 第51-55条切片：双向量生成成功
2026-03-18 14:01:31.971 | INFO     | embedding_utils.py  :generate_embeddings:63   - 开始为5条文本生成混合向量嵌入
2026-03-18 14:01:37.083 | SUCCESS  | embedding_utils.py  :generate_embeddings:91   - 5条文本向量生成完成，格式已适配工业级使用
2026-03-18 14:01:37.089 | INFO     | node_bge_embedding.py:step_3_generate_embeddings:176  - 第56-60条切片：双向量生成成功
2026-03-18 14:01:37.094 | INFO     | embedding_utils.py  :generate_embeddings:63   - 开始为5条文本生成混合向量嵌入
2026-03-18 14:01:42.064 | SUCCESS  | embedding_utils.py  :generate_embeddings:91   - 5条文本向量生成完成，格式已适配工业级使用
2026-03-18 14:01:42.068 | INFO     | node_bge_embedding.py:step_3_generate_embeddings:176  - 第61-65条切片：双向量生成成功
2026-03-18 14:01:42.072 | INFO     | embedding_utils.py  :generate_embeddings:63   - 开始为5条文本生成混合向量嵌入
2026-03-18 14:01:47.043 | SUCCESS  | embedding_utils.py  :generate_embeddings:91   - 5条文本向量生成完成，格式已适配工业级使用
2026-03-18 14:01:47.048 | INFO     | node_bge_embedding.py:step_3_generate_embeddings:176  - 第66-70条切片：双向量生成成功
2026-03-18 14:01:47.053 | INFO     | embedding_utils.py  :generate_embeddings:63   - 开始为5条文本生成混合向量嵌入
2026-03-18 14:01:51.774 | SUCCESS  | embedding_utils.py  :generate_embeddings:91   - 5条文本向量生成完成，格式已适配工业级使用
2026-03-18 14:01:51.778 | INFO     | node_bge_embedding.py:step_3_generate_embeddings:176  - 第71-75条切片：双向量生成成功
2026-03-18 14:01:51.781 | INFO     | embedding_utils.py  :generate_embeddings:63   - 开始为5条文本生成混合向量嵌入
2026-03-18 14:01:55.931 | SUCCESS  | embedding_utils.py  :generate_embeddings:91   - 5条文本向量生成完成，格式已适配工业级使用
2026-03-18 14:01:55.935 | INFO     | node_bge_embedding.py:step_3_generate_embeddings:176  - 第76-80条切片：双向量生成成功
2026-03-18 14:01:55.939 | INFO     | embedding_utils.py  :generate_embeddings:63   - 开始为5条文本生成混合向量嵌入
2026-03-18 14:01:56.940 | INFO     | file_import_service.py:get_task_progress:223  - [7f53a942-8d77-4827-9f9f-a1ea4bce5644] 任务状态查询，当前状态：processing，已完成节点：['开始上传文件', '检查文件', 'PDF转Markdown', 'Markdown图片处理', '文档切分', '主体名称识别']
2026-03-18 14:02:00.874 | SUCCESS  | embedding_utils.py  :generate_embeddings:91   - 5条文本向量生成完成，格式已适配工业级使用
2026-03-18 14:02:00.879 | INFO     | node_bge_embedding.py:step_3_generate_embeddings:176  - 第81-85条切片：双向量生成成功
2026-03-18 14:02:00.883 | INFO     | embedding_utils.py  :generate_embeddings:63   - 开始为5条文本生成混合向量嵌入
2026-03-18 14:02:04.493 | INFO     | file_import_service.py:get_task_progress:223  - [7f53a942-8d77-4827-9f9f-a1ea4bce5644] 任务状态查询，当前状态：processing，已完成节点：['开始上传文件', '检查文件', 'PDF转Markdown', 'Markdown图片处理', '文档切分', '主体名称识别']
2026-03-18 14:02:05.408 | SUCCESS  | embedding_utils.py  :generate_embeddings:91   - 5条文本向量生成完成，格式已适配工业级使用
2026-03-18 14:02:05.413 | INFO     | node_bge_embedding.py:step_3_generate_embeddings:176  - 第86-90条切片：双向量生成成功
2026-03-18 14:02:05.416 | INFO     | embedding_utils.py  :generate_embeddings:63   - 开始为5条文本生成混合向量嵌入
2026-03-18 14:02:05.528 | INFO     | file_import_service.py:get_task_progress:223  - [7f53a942-8d77-4827-9f9f-a1ea4bce5644] 任务状态查询，当前状态：processing，已完成节点：['开始上传文件', '检查文件', 'PDF转Markdown', 'Markdown图片处理', '文档切分', '主体名称识别']
2026-03-18 14:02:07.519 | INFO     | file_import_service.py:get_task_progress:223  - [7f53a942-8d77-4827-9f9f-a1ea4bce5644] 任务状态查询，当前状态：processing，已完成节点：['开始上传文件', '检查文件', 'PDF转Markdown', 'Markdown图片处理', '文档切分', '主体名称识别']
2026-03-18 14:02:09.535 | INFO     | file_import_service.py:get_task_progress:223  - [7f53a942-8d77-4827-9f9f-a1ea4bce5644] 任务状态查询，当前状态：processing，已完成节点：['开始上传文件', '检查文件', 'PDF转Markdown', 'Markdown图片处理', '文档切分', '主体名称识别']
2026-03-18 14:02:10.399 | SUCCESS  | embedding_utils.py  :generate_embeddings:91   - 5条文本向量生成完成，格式已适配工业级使用
2026-03-18 14:02:10.404 | INFO     | node_bge_embedding.py:step_3_generate_embeddings:176  - 第91-95条切片：双向量生成成功
2026-03-18 14:02:10.410 | INFO     | embedding_utils.py  :generate_embeddings:63   - 开始为5条文本生成混合向量嵌入
2026-03-18 14:02:11.520 | INFO     | file_import_service.py:get_task_progress:223  - [7f53a942-8d77-4827-9f9f-a1ea4bce5644] 任务状态查询，当前状态：processing，已完成节点：['开始上传文件', '检查文件', 'PDF转Markdown', 'Markdown图片处理', '文档切分', '主体名称识别']
2026-03-18 14:02:13.515 | INFO     | file_import_service.py:get_task_progress:223  - [7f53a942-8d77-4827-9f9f-a1ea4bce5644] 任务状态查询，当前状态：processing，已完成节点：['开始上传文件', '检查文件', 'PDF转Markdown', 'Markdown图片处理', '文档切分', '主体名称识别']
2026-03-18 14:02:15.413 | SUCCESS  | embedding_utils.py  :generate_embeddings:91   - 5条文本向量生成完成，格式已适配工业级使用
2026-03-18 14:02:15.417 | INFO     | node_bge_embedding.py:step_3_generate_embeddings:176  - 第96-100条切片：双向量生成成功
2026-03-18 14:02:15.421 | INFO     | embedding_utils.py  :generate_embeddings:63   - 开始为5条文本生成混合向量嵌入
2026-03-18 14:02:15.530 | INFO     | file_import_service.py:get_task_progress:223  - [7f53a942-8d77-4827-9f9f-a1ea4bce5644] 任务状态查询，当前状态：processing，已完成节点：['开始上传文件', '检查文件', 'PDF转Markdown', 'Markdown图片处理', '文档切分', '主体名称识别']
2026-03-18 14:02:17.519 | INFO     | file_import_service.py:get_task_progress:223  - [7f53a942-8d77-4827-9f9f-a1ea4bce5644] 任务状态查询，当前状态：processing，已完成节点：['开始上传文件', '检查文件', 'PDF转Markdown', 'Markdown图片处理', '文档切分', '主体名称识别']
2026-03-18 14:02:19.265 | SUCCESS  | embedding_utils.py  :generate_embeddings:91   - 5条文本向量生成完成，格式已适配工业级使用
2026-03-18 14:02:19.270 | INFO     | node_bge_embedding.py:step_3_generate_embeddings:176  - 第101-105条切片：双向量生成成功
2026-03-18 14:02:19.275 | INFO     | embedding_utils.py  :generate_embeddings:63   - 开始为5条文本生成混合向量嵌入
2026-03-18 14:02:19.519 | INFO     | file_import_service.py:get_task_progress:223  - [7f53a942-8d77-4827-9f9f-a1ea4bce5644] 任务状态查询，当前状态：processing，已完成节点：['开始上传文件', '检查文件', 'PDF转Markdown', 'Markdown图片处理', '文档切分', '主体名称识别']
2026-03-18 14:02:21.516 | INFO     | file_import_service.py:get_task_progress:223  - [7f53a942-8d77-4827-9f9f-a1ea4bce5644] 任务状态查询，当前状态：processing，已完成节点：['开始上传文件', '检查文件', 'PDF转Markdown', 'Markdown图片处理', '文档切分', '主体名称识别']
2026-03-18 14:02:22.624 | SUCCESS  | embedding_utils.py  :generate_embeddings:91   - 5条文本向量生成完成，格式已适配工业级使用
2026-03-18 14:02:22.628 | INFO     | node_bge_embedding.py:step_3_generate_embeddings:176  - 第106-110条切片：双向量生成成功
2026-03-18 14:02:22.633 | INFO     | embedding_utils.py  :generate_embeddings:63   - 开始为5条文本生成混合向量嵌入
2026-03-18 14:02:23.515 | INFO     | file_import_service.py:get_task_progress:223  - [7f53a942-8d77-4827-9f9f-a1ea4bce5644] 任务状态查询，当前状态：processing，已完成节点：['开始上传文件', '检查文件', 'PDF转Markdown', 'Markdown图片处理', '文档切分', '主体名称识别']
2026-03-18 14:02:25.520 | INFO     | file_import_service.py:get_task_progress:223  - [7f53a942-8d77-4827-9f9f-a1ea4bce5644] 任务状态查询，当前状态：processing，已完成节点：['开始上传文件', '检查文件', 'PDF转Markdown', 'Markdown图片处理', '文档切分', '主体名称识别']
2026-03-18 14:02:27.521 | INFO     | file_import_service.py:get_task_progress:223  - [7f53a942-8d77-4827-9f9f-a1ea4bce5644] 任务状态查询，当前状态：processing，已完成节点：['开始上传文件', '检查文件', 'PDF转Markdown', 'Markdown图片处理', '文档切分', '主体名称识别']
2026-03-18 14:02:27.661 | SUCCESS  | embedding_utils.py  :generate_embeddings:91   - 5条文本向量生成完成，格式已适配工业级使用
2026-03-18 14:02:27.664 | INFO     | node_bge_embedding.py:step_3_generate_embeddings:176  - 第111-115条切片：双向量生成成功
2026-03-18 14:02:27.668 | INFO     | embedding_utils.py  :generate_embeddings:63   - 开始为5条文本生成混合向量嵌入
2026-03-18 14:02:29.521 | INFO     | file_import_service.py:get_task_progress:223  - [7f53a942-8d77-4827-9f9f-a1ea4bce5644] 任务状态查询，当前状态：processing，已完成节点：['开始上传文件', '检查文件', 'PDF转Markdown', 'Markdown图片处理', '文档切分', '主体名称识别']
2026-03-18 14:02:31.521 | INFO     | file_import_service.py:get_task_progress:223  - [7f53a942-8d77-4827-9f9f-a1ea4bce5644] 任务状态查询，当前状态：processing，已完成节点：['开始上传文件', '检查文件', 'PDF转Markdown', 'Markdown图片处理', '文档切分', '主体名称识别']
2026-03-18 14:02:31.826 | SUCCESS  | embedding_utils.py  :generate_embeddings:91   - 5条文本向量生成完成，格式已适配工业级使用
2026-03-18 14:02:31.830 | INFO     | node_bge_embedding.py:step_3_generate_embeddings:176  - 第116-120条切片：双向量生成成功
2026-03-18 14:02:31.835 | INFO     | embedding_utils.py  :generate_embeddings:63   - 开始为5条文本生成混合向量嵌入
2026-03-18 14:02:33.515 | INFO     | file_import_service.py:get_task_progress:223  - [7f53a942-8d77-4827-9f9f-a1ea4bce5644] 任务状态查询，当前状态：processing，已完成节点：['开始上传文件', '检查文件', 'PDF转Markdown', 'Markdown图片处理', '文档切分', '主体名称识别']
2026-03-18 14:02:35.524 | INFO     | file_import_service.py:get_task_progress:223  - [7f53a942-8d77-4827-9f9f-a1ea4bce5644] 任务状态查询，当前状态：processing，已完成节点：['开始上传文件', '检查文件', 'PDF转Markdown', 'Markdown图片处理', '文档切分', '主体名称识别']
2026-03-18 14:02:36.837 | SUCCESS  | embedding_utils.py  :generate_embeddings:91   - 5条文本向量生成完成，格式已适配工业级使用
2026-03-18 14:02:36.841 | INFO     | node_bge_embedding.py:step_3_generate_embeddings:176  - 第121-125条切片：双向量生成成功
2026-03-18 14:02:36.844 | INFO     | embedding_utils.py  :generate_embeddings:63   - 开始为5条文本生成混合向量嵌入
2026-03-18 14:02:37.527 | INFO     | file_import_service.py:get_task_progress:223  - [7f53a942-8d77-4827-9f9f-a1ea4bce5644] 任务状态查询，当前状态：processing，已完成节点：['开始上传文件', '检查文件', 'PDF转Markdown', 'Markdown图片处理', '文档切分', '主体名称识别']
2026-03-18 14:02:39.524 | INFO     | file_import_service.py:get_task_progress:223  - [7f53a942-8d77-4827-9f9f-a1ea4bce5644] 任务状态查询，当前状态：processing，已完成节点：['开始上传文件', '检查文件', 'PDF转Markdown', 'Markdown图片处理', '文档切分', '主体名称识别']
2026-03-18 14:02:41.527 | INFO     | file_import_service.py:get_task_progress:223  - [7f53a942-8d77-4827-9f9f-a1ea4bce5644] 任务状态查询，当前状态：processing，已完成节点：['开始上传文件', '检查文件', 'PDF转Markdown', 'Markdown图片处理', '文档切分', '主体名称识别']
2026-03-18 14:02:41.860 | SUCCESS  | embedding_utils.py  :generate_embeddings:91   - 5条文本向量生成完成，格式已适配工业级使用
2026-03-18 14:02:41.864 | INFO     | node_bge_embedding.py:step_3_generate_embeddings:176  - 第126-130条切片：双向量生成成功
2026-03-18 14:02:41.867 | INFO     | embedding_utils.py  :generate_embeddings:63   - 开始为5条文本生成混合向量嵌入
2026-03-18 14:02:43.516 | INFO     | file_import_service.py:get_task_progress:223  - [7f53a942-8d77-4827-9f9f-a1ea4bce5644] 任务状态查询，当前状态：processing，已完成节点：['开始上传文件', '检查文件', 'PDF转Markdown', 'Markdown图片处理', '文档切分', '主体名称识别']
2026-03-18 14:02:45.518 | INFO     | file_import_service.py:get_task_progress:223  - [7f53a942-8d77-4827-9f9f-a1ea4bce5644] 任务状态查询，当前状态：processing，已完成节点：['开始上传文件', '检查文件', 'PDF转Markdown', 'Markdown图片处理', '文档切分', '主体名称识别']
2026-03-18 14:02:46.985 | SUCCESS  | embedding_utils.py  :generate_embeddings:91   - 5条文本向量生成完成，格式已适配工业级使用
2026-03-18 14:02:46.990 | INFO     | node_bge_embedding.py:step_3_generate_embeddings:176  - 第131-135条切片：双向量生成成功
2026-03-18 14:02:46.993 | INFO     | embedding_utils.py  :generate_embeddings:63   - 开始为5条文本生成混合向量嵌入
2026-03-18 14:02:47.531 | INFO     | file_import_service.py:get_task_progress:223  - [7f53a942-8d77-4827-9f9f-a1ea4bce5644] 任务状态查询，当前状态：processing，已完成节点：['开始上传文件', '检查文件', 'PDF转Markdown', 'Markdown图片处理', '文档切分', '主体名称识别']
2026-03-18 14:02:49.525 | INFO     | file_import_service.py:get_task_progress:223  - [7f53a942-8d77-4827-9f9f-a1ea4bce5644] 任务状态查询，当前状态：processing，已完成节点：['开始上传文件', '检查文件', 'PDF转Markdown', 'Markdown图片处理', '文档切分', '主体名称识别']
2026-03-18 14:02:51.524 | INFO     | file_import_service.py:get_task_progress:223  - [7f53a942-8d77-4827-9f9f-a1ea4bce5644] 任务状态查询，当前状态：processing，已完成节点：['开始上传文件', '检查文件', 'PDF转Markdown', 'Markdown图片处理', '文档切分', '主体名称识别']
2026-03-18 14:02:52.092 | SUCCESS  | embedding_utils.py  :generate_embeddings:91   - 5条文本向量生成完成，格式已适配工业级使用
2026-03-18 14:02:52.096 | INFO     | node_bge_embedding.py:step_3_generate_embeddings:176  - 第136-140条切片：双向量生成成功
2026-03-18 14:02:52.100 | INFO     | embedding_utils.py  :generate_embeddings:63   - 开始为5条文本生成混合向量嵌入
2026-03-18 14:02:53.525 | INFO     | file_import_service.py:get_task_progress:223  - [7f53a942-8d77-4827-9f9f-a1ea4bce5644] 任务状态查询，当前状态：processing，已完成节点：['开始上传文件', '检查文件', 'PDF转Markdown', 'Markdown图片处理', '文档切分', '主体名称识别']
2026-03-18 14:02:55.528 | INFO     | file_import_service.py:get_task_progress:223  - [7f53a942-8d77-4827-9f9f-a1ea4bce5644] 任务状态查询，当前状态：processing，已完成节点：['开始上传文件', '检查文件', 'PDF转Markdown', 'Markdown图片处理', '文档切分', '主体名称识别']
2026-03-18 14:02:57.260 | SUCCESS  | embedding_utils.py  :generate_embeddings:91   - 5条文本向量生成完成，格式已适配工业级使用
2026-03-18 14:02:57.264 | INFO     | node_bge_embedding.py:step_3_generate_embeddings:176  - 第141-145条切片：双向量生成成功
2026-03-18 14:02:57.268 | INFO     | embedding_utils.py  :generate_embeddings:63   - 开始为5条文本生成混合向量嵌入
2026-03-18 14:02:57.528 | INFO     | file_import_service.py:get_task_progress:223  - [7f53a942-8d77-4827-9f9f-a1ea4bce5644] 任务状态查询，当前状态：processing，已完成节点：['开始上传文件', '检查文件', 'PDF转Markdown', 'Markdown图片处理', '文档切分', '主体名称识别']
2026-03-18 14:02:59.526 | INFO     | file_import_service.py:get_task_progress:223  - [7f53a942-8d77-4827-9f9f-a1ea4bce5644] 任务状态查询，当前状态：processing，已完成节点：['开始上传文件', '检查文件', 'PDF转Markdown', 'Markdown图片处理', '文档切分', '主体名称识别']
2026-03-18 14:03:00.730 | SUCCESS  | embedding_utils.py  :generate_embeddings:91   - 5条文本向量生成完成，格式已适配工业级使用
2026-03-18 14:03:00.734 | INFO     | node_bge_embedding.py:step_3_generate_embeddings:176  - 第146-150条切片：双向量生成成功
2026-03-18 14:03:00.739 | INFO     | embedding_utils.py  :generate_embeddings:63   - 开始为5条文本生成混合向量嵌入
2026-03-18 14:03:01.524 | INFO     | file_import_service.py:get_task_progress:223  - [7f53a942-8d77-4827-9f9f-a1ea4bce5644] 任务状态查询，当前状态：processing，已完成节点：['开始上传文件', '检查文件', 'PDF转Markdown', 'Markdown图片处理', '文档切分', '主体名称识别']
2026-03-18 14:03:03.526 | INFO     | file_import_service.py:get_task_progress:223  - [7f53a942-8d77-4827-9f9f-a1ea4bce5644] 任务状态查询，当前状态：processing，已完成节点：['开始上传文件', '检查文件', 'PDF转Markdown', 'Markdown图片处理', '文档切分', '主体名称识别']
2026-03-18 14:03:05.527 | INFO     | file_import_service.py:get_task_progress:223  - [7f53a942-8d77-4827-9f9f-a1ea4bce5644] 任务状态查询，当前状态：processing，已完成节点：['开始上传文件', '检查文件', 'PDF转Markdown', 'Markdown图片处理', '文档切分', '主体名称识别']
2026-03-18 14:03:05.896 | SUCCESS  | embedding_utils.py  :generate_embeddings:91   - 5条文本向量生成完成，格式已适配工业级使用
2026-03-18 14:03:05.898 | INFO     | node_bge_embedding.py:step_3_generate_embeddings:176  - 第151-155条切片：双向量生成成功
2026-03-18 14:03:05.904 | INFO     | embedding_utils.py  :generate_embeddings:63   - 开始为5条文本生成混合向量嵌入
2026-03-18 14:03:07.531 | INFO     | file_import_service.py:get_task_progress:223  - [7f53a942-8d77-4827-9f9f-a1ea4bce5644] 任务状态查询，当前状态：processing，已完成节点：['开始上传文件', '检查文件', 'PDF转Markdown', 'Markdown图片处理', '文档切分', '主体名称识别']
2026-03-18 14:03:09.525 | INFO     | file_import_service.py:get_task_progress:223  - [7f53a942-8d77-4827-9f9f-a1ea4bce5644] 任务状态查询，当前状态：processing，已完成节点：['开始上传文件', '检查文件', 'PDF转Markdown', 'Markdown图片处理', '文档切分', '主体名称识别']
2026-03-18 14:03:11.085 | SUCCESS  | embedding_utils.py  :generate_embeddings:91   - 5条文本向量生成完成，格式已适配工业级使用
2026-03-18 14:03:11.091 | INFO     | node_bge_embedding.py:step_3_generate_embeddings:176  - 第156-160条切片：双向量生成成功
2026-03-18 14:03:11.097 | INFO     | embedding_utils.py  :generate_embeddings:63   - 开始为5条文本生成混合向量嵌入
2026-03-18 14:03:11.524 | INFO     | file_import_service.py:get_task_progress:223  - [7f53a942-8d77-4827-9f9f-a1ea4bce5644] 任务状态查询，当前状态：processing，已完成节点：['开始上传文件', '检查文件', 'PDF转Markdown', 'Markdown图片处理', '文档切分', '主体名称识别']
2026-03-18 14:03:13.531 | INFO     | file_import_service.py:get_task_progress:223  - [7f53a942-8d77-4827-9f9f-a1ea4bce5644] 任务状态查询，当前状态：processing，已完成节点：['开始上传文件', '检查文件', 'PDF转Markdown', 'Markdown图片处理', '文档切分', '主体名称识别']
2026-03-18 14:03:15.527 | INFO     | file_import_service.py:get_task_progress:223  - [7f53a942-8d77-4827-9f9f-a1ea4bce5644] 任务状态查询，当前状态：processing，已完成节点：['开始上传文件', '检查文件', 'PDF转Markdown', 'Markdown图片处理', '文档切分', '主体名称识别']
2026-03-18 14:03:16.475 | SUCCESS  | embedding_utils.py  :generate_embeddings:91   - 5条文本向量生成完成，格式已适配工业级使用
2026-03-18 14:03:16.479 | INFO     | node_bge_embedding.py:step_3_generate_embeddings:176  - 第161-165条切片：双向量生成成功
2026-03-18 14:03:16.483 | INFO     | node_bge_embedding.py:node_bge_embedding:57   - --- BGE-M3 向量化处理完成，共处理 165 条文本切片 ---
2026-03-18 14:03:16.487 | INFO     | file_import_service.py:run_graph_task :97   - [7f53a942-8d77-4827-9f9f-a1ea4bce5644] LangGraph节点执行完成：node_bge_embedding
2026-03-18 14:03:16.489 | INFO     | node_import_milvus.py:node_import_milvus:45   - >>> 开始执行LangGraph节点：node_import_milvus（Milvus切片数据入库）
2026-03-18 14:03:16.493 | INFO     | node_import_milvus.py:node_import_milvus:48   - --- Milvus切片数据入库流程启动 ---
2026-03-18 14:03:16.496 | INFO     | node_import_milvus.py:step_1_check_input:102  - Milvus入库校验通过，待入库切片数：165 | 向量维度：1024 | 商品名称：HL-3040CNHL-3070CW网络打印服务器
2026-03-18 14:03:16.499 | INFO     | node_import_milvus.py:step_2_prepare_collection:184  - 开始准备Milvus环境，目标集合：kb_chunks
2026-03-18 14:03:16.511 | INFO     | node_import_milvus.py:step_2_prepare_collection:200  - Milvus集合kb_chunks已存在，直接复用
2026-03-18 14:03:16.522 | INFO     | node_import_milvus.py:_clear_chunks_by_item_name:266  - Milvus幂等性清理：开始删除集合kb_chunks中item_name=HL-3040CNHL-3070CW网络打印服务器的旧数据
2026-03-18 14:03:17.525 | INFO     | file_import_service.py:get_task_progress:223  - [7f53a942-8d77-4827-9f9f-a1ea4bce5644] 任务状态查询，当前状态：processing，已完成节点：['开始上传文件', '检查文件', 'PDF转Markdown', 'Markdown图片处理', '文档切分', '主体名称识别', '向量生成']
2026-03-18 14:03:18.040 | INFO     | node_import_milvus.py:_clear_chunks_by_item_name:278  - Milvus幂等性清理完成：成功删除item_name=HL-3040CNHL-3070CW网络打印服务器的旧数据
2026-03-18 14:03:18.044 | INFO     | node_import_milvus.py:step_4_insert_data:304  - Milvus数据插入：准备165条切片数据，开始批量插入
2026-03-18 14:03:18.187 | INFO     | node_import_milvus.py:step_4_insert_data:308  - Milvus数据插入完成：成功插入165条数据，插入结果：{'insert_count': 165, 'ids': [464837176358006554, 464837176358006555, 464837176358006556, 464837176358006557, 464837176358006558, 464837176358006559, 464837176358006560, 464837176358006561, 464837176358006562, 464837176358006563, 464837176358006564, 464837176358006565, 464837176358006566, 464837176358006567, 464837176358006568, 464837176358006569, 464837176358006570, 464837176358006571, 464837176358006572, 464837176358006573, 464837176358006574, 464837176358006575, 464837176358006576, 464837176358006577, 464837176358006578, 464837176358006579, 464837176358006580, 464837176358006581, 464837176358006582, 464837176358006583, 464837176358006584, 464837176358006585, 464837176358006586, 464837176358006587, 464837176358006588, 464837176358006589, 464837176358006590, 464837176358006591, 464837176358006592, 464837176358006593, 464837176358006594, 464837176358006595, 464837176358006596, 464837176358006597, 464837176358006598, 464837176358006599, 464837176358006600, 464837176358006601, 464837176358006602, 464837176358006603, 464837176358006604, 464837176358006605, 464837176358006606, 464837176358006607, 464837176358006608, 464837176358006609, 464837176358006610, 464837176358006611, 464837176358006612, 464837176358006613, 464837176358006614, 464837176358006615, 464837176358006616, 464837176358006617, 464837176358006618, 464837176358006619, 464837176358006620, 464837176358006621, 464837176358006622, 464837176358006623, 464837176358006624, 464837176358006625, 464837176358006626, 464837176358006627, 464837176358006628, 464837176358006629, 464837176358006630, 464837176358006631, 464837176358006632, 464837176358006633, 464837176358006634, 464837176358006635, 464837176358006636, 464837176358006637, 464837176358006638, 464837176358006639, 464837176358006640, 464837176358006641, 464837176358006642, 464837176358006643, 464837176358006644, 464837176358006645, 464837176358006646, 464837176358006647, 464837176358006648, 464837176358006649, 464837176358006650, 464837176358006651, 464837176358006652, 464837176358006653, 464837176358006654, 464837176358006655, 464837176358006656, 464837176358006657, 464837176358006658, 464837176358006659, 464837176358006660, 464837176358006661, 464837176358006662, 464837176358006663, 464837176358006664, 464837176358006665, 464837176358006666, 464837176358006667, 464837176358006668, 464837176358006669, 464837176358006670, 464837176358006671, 464837176358006672, 464837176358006673, 464837176358006674, 464837176358006675, 464837176358006676, 464837176358006677, 464837176358006678, 464837176358006679, 464837176358006680, 464837176358006681, 464837176358006682, 464837176358006683, 464837176358006684, 464837176358006685, 464837176358006686, 464837176358006687, 464837176358006688, 464837176358006689, 464837176358006690, 464837176358006691, 464837176358006692, 464837176358006693, 464837176358006694, 464837176358006695, 464837176358006696, 464837176358006697, 464837176358006698, 464837176358006699, 464837176358006700, 464837176358006701, 464837176358006702, 464837176358006703, 464837176358006704, 464837176358006705, 464837176358006706, 464837176358006707, 464837176358006708, 464837176358006709, 464837176358006710, 464837176358006711, 464837176358006712, 464837176358006713, 464837176358006714, 464837176358006715, 464837176358006716, 464837176358006717, 464837176358006718]}
2026-03-18 14:03:18.190 | INFO     | node_import_milvus.py:step_4_insert_data:313  - Milvus主键回填：开始将165个自增chunk_id回填到切片
2026-03-18 14:03:18.194 | INFO     | node_import_milvus.py:step_4_insert_data:316  - Milvus主键回填完成：所有切片已绑定chunk_id
2026-03-18 14:03:18.195 | INFO     | node_import_milvus.py:node_import_milvus:62   - --- Milvus切片数据入库流程完成 ---
2026-03-18 14:03:18.199 | INFO     | file_import_service.py:run_graph_task :97   - [7f53a942-8d77-4827-9f9f-a1ea4bce5644] LangGraph节点执行完成：node_import_milvus
2026-03-18 14:03:18.200 | INFO     | file_import_service.py:run_graph_task :103  - [7f53a942-8d77-4827-9f9f-a1ea4bce5644] LangGraph全流程执行完毕，任务完成
2026-03-18 14:03:19.516 | INFO     | file_import_service.py:get_task_progress:223  - [7f53a942-8d77-4827-9f9f-a1ea4bce5644] 任务状态查询，当前状态：completed，已完成节点：['开始上传文件', '检查文件', 'PDF转Markdown', 'Markdown图片处理', '文档切分', '主体名称识别', '向量生成', '导入向量库']
